"Notes","States","States Code","Year","Year Code","Disease","Disease Code",Case Count
,"United States","U.S.","2023","2023","Anthrax","10350",0
,"United States","U.S.","2023","2023","Arboviral diseases, Chikungunya virus disease","10073",150
,"United States","U.S.","2023","2023","Arboviral diseases, Eastern equine encephalitis virus disease, Neuroinvasive","10053",7
,"United States","U.S.","2023","2023","Arboviral diseases, Eastern equine encephalitis virus disease, Non-neuroinvasive","10062",0
,"United States","U.S.","2023","2023","Arboviral diseases, Jamestown Canyon  virus disease, Neuroinvasive","10078",20
,"United States","U.S.","2023","2023","Arboviral diseases, Jamestown Canyon  virus disease, Non-neuroinvasive","10079",7
,"United States","U.S.","2023","2023","Arboviral diseases, La Crosse  virus disease, Neuroinvasive","10081",34
,"United States","U.S.","2023","2023","Arboviral diseases, La Crosse  virus disease, Non-neuroinvasive","10082",1
,"United States","U.S.","2023","2023","Arboviral diseases, Powassan virus disease, Neuroinvasive","10057",47
,"United States","U.S.","2023","2023","Arboviral diseases, Powassan virus disease, Non-neuroinvasive","10063",2
,"United States","U.S.","2023","2023","Arboviral diseases, St. Louis encephalitis virus disease, Neuroinvasive","10051",14
,"United States","U.S.","2023","2023","Arboviral diseases, St. Louis encephalitis virus disease, Non-neuroinvasive","10064",7
,"United States","U.S.","2023","2023","Arboviral diseases, West Nile virus disease, Neuroinvasive","10056",1791
,"United States","U.S.","2023","2023","Arboviral diseases, West Nile virus disease, Non-neuroinvasive","10049",839
,"United States","U.S.","2023","2023","Arboviral diseases, Western equine encephalitis virus disease, Neuroinvasive","10052",0
,"United States","U.S.","2023","2023","Arboviral diseases, Western equine encephalitis virus disease, Non-neuroinvasive","10065",0
,"United States","U.S.","2023","2023","Babesiosis, Total","12010",3586
,"United States","U.S.","2023","2023","Babesiosis, Confirmed","12011",3116
,"United States","U.S.","2023","2023","Babesiosis, Probable","12012",470
,"United States","U.S.","2023","2023","Botulism, Total","10360",205
,"United States","U.S.","2023","2023","Botulism, Foodborne","10530",17
,"United States","U.S.","2023","2023","Botulism, Infant","10540",174
,"United States","U.S.","2023","2023","Botulism, Other (wound & unspecified)","10550",14
,"United States","U.S.","2023","2023","Brucellosis","10020",145
,"United States","U.S.","2023","2023","Campylobacteriosis","11020",81547
,"United States","U.S.","2023","2023","Candida auris, clinical","50263",3200
,"United States","U.S.","2023","2023","Candida auris, screening","50264",4366
,"United States","U.S.","2023","2023","Carbapenemase-producing carbapenem-resistant Enterobacteriaceae","50244",0
,"United States","U.S.","2023","2023","Carbapenemase-Producing Organisms (CPO),Total","50272",6910
,"United States","U.S.","2023","2023","Chancroid","10273",4
,"United States","U.S.","2023","2023","Chlamydia trachomatis infection","10274",1648444
,"United States","U.S.","2023","2023","Cholera","10470",19
,"United States","U.S.","2023","2023","Coccidioidomycosis","11900",21012
,"United States","U.S.","2023","2023","Coccidioidomycosis, confirmed","11901",20685
,"United States","U.S.","2023","2023","Coccidioidomycosis, probable","11902",327
,"United States","U.S.","2023","2023","Coronavirus Disease 2019 (COVID-19), Total","11065",7370422
,"United States","U.S.","2023","2023","Coronavirus Disease 2019 (COVID-19), Confirmed","11067",4896251
,"United States","U.S.","2023","2023","Coronavirus Disease 2019 (COVID-19), Probable","11068",2474171
,"United States","U.S.","2023","2023","Cryptosporidiosis, Total","11580",13310
,"United States","U.S.","2023","2023","Cryptosporidiosis, Confirmed","11582",10584
,"United States","U.S.","2023","2023","Cryptosporidiosis, Probable","11583",2726
,"United States","U.S.","2023","2023","Cyclosporiasis","11575",4463
,"United States","U.S.","2023","2023","Dengue virus infections, Dengue","10680",1944
,"United States","U.S.","2023","2023","Dengue virus infections, Dengue-like illness","11704",23
,"United States","U.S.","2023","2023","Dengue virus infections, Severe dengue","11705",53
,"United States","U.S.","2023","2023","Diphtheria","10040",2
,"United States","U.S.","2023","2023","Ehrlichiosis and Anaplasmosis, Anaplasma phagocytophilum infection","11090",7279
,"United States","U.S.","2023","2023","Ehrlichiosis and Anaplasmosis, Ehrlichia chaffeensis infection","11088",1907
,"United States","U.S.","2023","2023","Ehrlichiosis and Anaplasmosis, Ehrlichia ewingii infection","11089",26
,"United States","U.S.","2023","2023","Ehrlichiosis and Anaplasmosis, Undetermined ehrlichiosis/anaplasmosis","11091",89
,"United States","U.S.","2023","2023","Giardiasis","11570",16178
,"United States","U.S.","2023","2023","Gonorrhea","10280",601262
,"United States","U.S.","2023","2023","Haemophilus influenzae, invasive disease, All ages, all serotypes","10590",6827
,"United States","U.S.","2023","2023","Haemophilus influenzae, invasive disease, Age <5 years, Serotype b","10591",34
,"United States","U.S.","2023","2023","Haemophilus influenzae, invasive disease, Age <5 years, Non-b serotype","10593",139
,"United States","U.S.","2023","2023","Haemophilus influenzae, invasive disease, Age <5 years, Nontypeable","10592",255
,"United States","U.S.","2023","2023","Haemophilus influenzae, invasive disease, Age <5 years, Unknown serotype","10597",228
,"United States","U.S.","2023","2023","Hansen's disease","10380",88
,"United States","U.S.","2023","2023","Hantavirus infection, non-hantavirus pulmonary syndrome","11610",1
,"United States","U.S.","2023","2023","Hantavirus pulmonary syndrome","11590",26
,"United States","U.S.","2023","2023","Hemolytic uremic syndrome post-diarrheal","11550",276
,"United States","U.S.","2023","2023","Hepatitis, A","10110",1643
,"United States","U.S.","2023","2023","Hepatitis, B, acute","10100",2212
,"United States","U.S.","2023","2023","Hepatitis, B, perinatal infection","10104",7
,"United States","U.S.","2023","2023","Hepatitis, C, acute","10101",5538
,"United States","U.S.","2023","2023","Hepatitis, C, acute, Confirmed","50228",4964
,"United States","U.S.","2023","2023","Hepatitis, C, acute, Probable","50229",574
,"United States","U.S.","2023","2023","Hepatitis, C, perinatal infection","50248",235
,"United States","U.S.","2023","2023","Human immunodeficiency virus diagnoses","10560",38850
,"United States","U.S.","2023","2023","Influenza-associated pediatric mortality","11061",142
,"United States","U.S.","2023","2023","Invasive pneumococcal disease, All ages","11723",21151
,"United States","U.S.","2023","2023","Invasive pneumococcal disease, All ages, Confirmed","50230",20551
,"United States","U.S.","2023","2023","Invasive pneumococcal disease, All ages, Probable","50231",600
,"United States","U.S.","2023","2023","Invasive pneumococcal disease, Age <5 years","11722",1181
,"United States","U.S.","2023","2023","Invasive pneumococcal disease, Age <5 years, Confirmed","50232",1114
,"United States","U.S.","2023","2023","Invasive pneumococcal disease, Age <5 years, Probable","50233",67
,"United States","U.S.","2023","2023","Legionellosis","10490",8101
,"United States","U.S.","2023","2023","Leptospirosis","10390",94
,"United States","U.S.","2023","2023","Listeriosis, Total","10640",998
,"United States","U.S.","2023","2023","Listeriosis, Confirmed","10641",934
,"United States","U.S.","2023","2023","Listeriosis, Probable","10642",64
,"United States","U.S.","2023","2023","Lyme disease, Total","11080",89468
,"United States","U.S.","2023","2023","Lyme disease, Confirmed","11081",3530
,"United States","U.S.","2023","2023","Lyme disease, Probable","11082",85938
,"United States","U.S.","2023","2023","Malaria","10130",2606
,"United States","U.S.","2023","2023","Measles, Total","10140",64
,"United States","U.S.","2023","2023","Measles, Indigenous","10500",42
,"United States","U.S.","2023","2023","Measles, Imported","10510",22
,"United States","U.S.","2023","2023","Melioidosis","11585",6
,"United States","U.S.","2023","2023","Meningococcal disease, All serogroups","10150",438
,"United States","U.S.","2023","2023","Meningococcal disease, Serogroups ACWY","10151",260
,"United States","U.S.","2023","2023","Meningococcal disease, Serogroup B","10152",44
,"United States","U.S.","2023","2023","Meningococcal disease, Other serogroups","10153",33
,"United States","U.S.","2023","2023","Meningococcal disease, Unknown serogroup","10154",101
,"United States","U.S.","2023","2023","Mpox","11801",1730
,"United States","U.S.","2023","2023","Mumps","10180",433
,"United States","U.S.","2023","2023","Novel Influenza A virus infections","11062",3
,"United States","U.S.","2023","2023","Paratyphoid fever","50236",0
,"United States","U.S.","2023","2023","Pertussis","10190",7063
,"United States","U.S.","2023","2023","Plague","10440",2
,"United States","U.S.","2023","2023","Poliomyelitis, paralytic","10410",0
,"United States","U.S.","2023","2023","Poliovirus infection, nonparalytic","10405",0
,"United States","U.S.","2023","2023","Psittacosis","10450",1
,"United States","U.S.","2023","2023","Q fever, Total","10259",219
,"United States","U.S.","2023","2023","Q fever, Acute","10257",181
,"United States","U.S.","2023","2023","Q fever, Chronic","10258",38
,"United States","U.S.","2023","2023","Rabies, Animal","10340",3709
,"United States","U.S.","2023","2023","Rabies, Human","10460",0
,"United States","U.S.","2023","2023","Rubella","10200",11
,"United States","U.S.","2023","2023","Rubella, congenital syndrome","10370",1
,"United States","U.S.","2023","2023","Salmonella Paratyphi infection","50266",181
,"United States","U.S.","2023","2023","Salmonella Typhi infection","50267",535
,"United States","U.S.","2023","2023","Salmonellosis","11000",0
,"United States","U.S.","2023","2023","Salmonellosis (excluding paratyphoid fever and typhoid fever)","50242",0
,"United States","U.S.","2023","2023","Salmonellosis (excluding S. Typhi infection and S. Paratyphi infection)","50265",60934
,"United States","U.S.","2023","2023","Severe acute respiratory syndrome-associated coronavirus disease","10575",0
,"United States","U.S.","2023","2023","Shiga toxin-producing Escherichia coli (STEC)","11563",18844
,"United States","U.S.","2023","2023","Shigellosis","11010",21769
,"United States","U.S.","2023","2023","Smallpox","11800",0
,"United States","U.S.","2023","2023","Spotted fever rickettsiosis, Total","10250",1204
,"United States","U.S.","2023","2023","Spotted fever rickettsiosis, Confirmed","10253",56
,"United States","U.S.","2023","2023","Spotted fever rickettsiosis, Probable","10254",1148
,"United States","U.S.","2023","2023","Streptococcal toxic shock syndrome","11700",891
,"United States","U.S.","2023","2023","Syphilis, Total, all stages","10399",209119
,"United States","U.S.","2023","2023","Syphilis, Congenital","10316",3882
,"United States","U.S.","2023","2023","Syphilis, Primary and secondary","10310",52988
,"United States","U.S.","2023","2023","Tetanus","10210",18
,"United States","U.S.","2023","2023","Toxic shock syndrome (other than Streptococcal)","10520",39
,"United States","U.S.","2023","2023","Trichinellosis","10270",1
,"United States","U.S.","2023","2023","Tuberculosis","10220",9633
,"United States","U.S.","2023","2023","Tularemia","10230",196
,"United States","U.S.","2023","2023","Typhoid fever","10240",0
,"United States","U.S.","2023","2023","Vancomycin-intermediate Staphylococcus aureus","11663",59
,"United States","U.S.","2023","2023","Vancomycin-resistant Staphylococcus aureus","11665",1
,"United States","U.S.","2023","2023","Varicella morbidity","10030",6896
,"United States","U.S.","2023","2023","Varicella mortality","10031",5
,"United States","U.S.","2023","2023","Vibriosis, Total","11545",3422
,"United States","U.S.","2023","2023","Vibriosis, Confirmed","50234",1542
,"United States","U.S.","2023","2023","Vibriosis, Probable","50235",1880
,"United States","U.S.","2023","2023","Viral hemorrhagic fevers","11647",0
,"United States","U.S.","2023","2023","Viral hemorrhagic fevers, Chapare virus","11649",0
,"United States","U.S.","2023","2023","Viral hemorrhagic fevers, Crimean-Congo hemorrhagic fever virus","11640",0
,"United States","U.S.","2023","2023","Viral hemorrhagic fevers, Ebola virus","11630",0
,"United States","U.S.","2023","2023","Viral hemorrhagic fevers, Guanarito virus","11648",0
,"United States","U.S.","2023","2023","Viral hemorrhagic fevers, Junin virus","11638",0
,"United States","U.S.","2023","2023","Viral hemorrhagic fevers, Lassa virus","11632",0
,"United States","U.S.","2023","2023","Viral hemorrhagic fevers, Lujo virus","11644",0
,"United States","U.S.","2023","2023","Viral hemorrhagic fevers, Machupo virus","11637",0
,"United States","U.S.","2023","2023","Viral hemorrhagic fevers, Marburg virus","11631",0
,"United States","U.S.","2023","2023","Viral hemorrhagic fevers, Sabia virus","11639",0
,"United States","U.S.","2023","2023","Yellow fever","10660",0
,"United States","U.S.","2023","2023","Zika virus, Zika virus disease, congenital","50224",0
,"United States","U.S.","2023","2023","Zika virus, Zika virus disease, non-congenital","50223",6
,"United States","U.S.","2023","2023","Zika virus, Zika virus infection, congenital","50222",0
,"United States","U.S.","2023","2023","Zika virus, Zika virus infection, non-congenital","50221",1
,"Alabama","01","2023","2023","Anthrax","10350",0
,"Alabama","01","2023","2023","Arboviral diseases, Chikungunya virus disease","10073",1
,"Alabama","01","2023","2023","Arboviral diseases, Eastern equine encephalitis virus disease, Neuroinvasive","10053",3
,"Alabama","01","2023","2023","Arboviral diseases, Eastern equine encephalitis virus disease, Non-neuroinvasive","10062",0
,"Alabama","01","2023","2023","Arboviral diseases, Jamestown Canyon  virus disease, Neuroinvasive","10078",0
,"Alabama","01","2023","2023","Arboviral diseases, Jamestown Canyon  virus disease, Non-neuroinvasive","10079",0
,"Alabama","01","2023","2023","Arboviral diseases, La Crosse  virus disease, Neuroinvasive","10081",0
,"Alabama","01","2023","2023","Arboviral diseases, La Crosse  virus disease, Non-neuroinvasive","10082",0
,"Alabama","01","2023","2023","Arboviral diseases, Powassan virus disease, Neuroinvasive","10057",0
,"Alabama","01","2023","2023","Arboviral diseases, Powassan virus disease, Non-neuroinvasive","10063",0
,"Alabama","01","2023","2023","Arboviral diseases, St. Louis encephalitis virus disease, Neuroinvasive","10051",0
,"Alabama","01","2023","2023","Arboviral diseases, St. Louis encephalitis virus disease, Non-neuroinvasive","10064",0
,"Alabama","01","2023","2023","Arboviral diseases, West Nile virus disease, Neuroinvasive","10056",26
,"Alabama","01","2023","2023","Arboviral diseases, West Nile virus disease, Non-neuroinvasive","10049",3
,"Alabama","01","2023","2023","Arboviral diseases, Western equine encephalitis virus disease, Neuroinvasive","10052",0
,"Alabama","01","2023","2023","Arboviral diseases, Western equine encephalitis virus disease, Non-neuroinvasive","10065",0
,"Alabama","01","2023","2023","Babesiosis, Total","12010",1
,"Alabama","01","2023","2023","Babesiosis, Confirmed","12011",1
,"Alabama","01","2023","2023","Babesiosis, Probable","12012",0
,"Alabama","01","2023","2023","Botulism, Total","10360",2
,"Alabama","01","2023","2023","Botulism, Foodborne","10530",0
,"Alabama","01","2023","2023","Botulism, Infant","10540",2
,"Alabama","01","2023","2023","Botulism, Other (wound & unspecified)","10550",0
,"Alabama","01","2023","2023","Brucellosis","10020",1
,"Alabama","01","2023","2023","Campylobacteriosis","11020",879
,"Alabama","01","2023","2023","Candida auris, clinical","50263",Not Reportable
,"Alabama","01","2023","2023","Candida auris, screening","50264",0
,"Alabama","01","2023","2023","Carbapenemase-producing carbapenem-resistant Enterobacteriaceae","50244",0
,"Alabama","01","2023","2023","Carbapenemase-Producing Organisms (CPO),Total","50272",Not Reportable
,"Alabama","01","2023","2023","Chancroid","10273",0
,"Alabama","01","2023","2023","Chlamydia trachomatis infection","10274",33260
,"Alabama","01","2023","2023","Cholera","10470",0
,"Alabama","01","2023","2023","Coccidioidomycosis","11900",24
,"Alabama","01","2023","2023","Coccidioidomycosis, confirmed","11901",12
,"Alabama","01","2023","2023","Coccidioidomycosis, probable","11902",12
,"Alabama","01","2023","2023","Coronavirus Disease 2019 (COVID-19), Total","11065",182284
,"Alabama","01","2023","2023","Coronavirus Disease 2019 (COVID-19), Confirmed","11067",92721
,"Alabama","01","2023","2023","Coronavirus Disease 2019 (COVID-19), Probable","11068",89563
,"Alabama","01","2023","2023","Cryptosporidiosis, Total","11580",213
,"Alabama","01","2023","2023","Cryptosporidiosis, Confirmed","11582",120
,"Alabama","01","2023","2023","Cryptosporidiosis, Probable","11583",93
,"Alabama","01","2023","2023","Cyclosporiasis","11575",140
,"Alabama","01","2023","2023","Dengue virus infections, Dengue","10680",4
,"Alabama","01","2023","2023","Dengue virus infections, Dengue-like illness","11704",0
,"Alabama","01","2023","2023","Dengue virus infections, Severe dengue","11705",1
,"Alabama","01","2023","2023","Diphtheria","10040",0
,"Alabama","01","2023","2023","Ehrlichiosis and Anaplasmosis, Anaplasma phagocytophilum infection","11090",1
,"Alabama","01","2023","2023","Ehrlichiosis and Anaplasmosis, Ehrlichia chaffeensis infection","11088",4
,"Alabama","01","2023","2023","Ehrlichiosis and Anaplasmosis, Ehrlichia ewingii infection","11089",0
,"Alabama","01","2023","2023","Ehrlichiosis and Anaplasmosis, Undetermined ehrlichiosis/anaplasmosis","11091",0
,"Alabama","01","2023","2023","Giardiasis","11570",216
,"Alabama","01","2023","2023","Gonorrhea","10280",11584
,"Alabama","01","2023","2023","Haemophilus influenzae, invasive disease, All ages, all serotypes","10590",176
,"Alabama","01","2023","2023","Haemophilus influenzae, invasive disease, Age <5 years, Serotype b","10591",0
,"Alabama","01","2023","2023","Haemophilus influenzae, invasive disease, Age <5 years, Non-b serotype","10593",8
,"Alabama","01","2023","2023","Haemophilus influenzae, invasive disease, Age <5 years, Nontypeable","10592",4
,"Alabama","01","2023","2023","Haemophilus influenzae, invasive disease, Age <5 years, Unknown serotype","10597",19
,"Alabama","01","2023","2023","Hansen's disease","10380",2
,"Alabama","01","2023","2023","Hantavirus infection, non-hantavirus pulmonary syndrome","11610",Not Reportable
,"Alabama","01","2023","2023","Hantavirus pulmonary syndrome","11590",0
,"Alabama","01","2023","2023","Hemolytic uremic syndrome post-diarrheal","11550",6
,"Alabama","01","2023","2023","Hepatitis, A","10110",19
,"Alabama","01","2023","2023","Hepatitis, B, acute","10100",63
,"Alabama","01","2023","2023","Hepatitis, B, perinatal infection","10104",0
,"Alabama","01","2023","2023","Hepatitis, C, acute","10101",55
,"Alabama","01","2023","2023","Hepatitis, C, acute, Confirmed","50228",46
,"Alabama","01","2023","2023","Hepatitis, C, acute, Probable","50229",9
,"Alabama","01","2023","2023","Hepatitis, C, perinatal infection","50248",Not Reportable
,"Alabama","01","2023","2023","Human immunodeficiency virus diagnoses","10560",711
,"Alabama","01","2023","2023","Influenza-associated pediatric mortality","11061",1
,"Alabama","01","2023","2023","Invasive pneumococcal disease, All ages","11723",510
,"Alabama","01","2023","2023","Invasive pneumococcal disease, All ages, Confirmed","50230",492
,"Alabama","01","2023","2023","Invasive pneumococcal disease, All ages, Probable","50231",18
,"Alabama","01","2023","2023","Invasive pneumococcal disease, Age <5 years","11722",44
,"Alabama","01","2023","2023","Invasive pneumococcal disease, Age <5 years, Confirmed","50232",40
,"Alabama","01","2023","2023","Invasive pneumococcal disease, Age <5 years, Probable","50233",4
,"Alabama","01","2023","2023","Legionellosis","10490",66
,"Alabama","01","2023","2023","Leptospirosis","10390",0
,"Alabama","01","2023","2023","Listeriosis, Total","10640",16
,"Alabama","01","2023","2023","Listeriosis, Confirmed","10641",13
,"Alabama","01","2023","2023","Listeriosis, Probable","10642",3
,"Alabama","01","2023","2023","Lyme disease, Total","11080",36
,"Alabama","01","2023","2023","Lyme disease, Confirmed","11081",25
,"Alabama","01","2023","2023","Lyme disease, Probable","11082",11
,"Alabama","01","2023","2023","Malaria","10130",10
,"Alabama","01","2023","2023","Measles, Total","10140",0
,"Alabama","01","2023","2023","Measles, Indigenous","10500",0
,"Alabama","01","2023","2023","Measles, Imported","10510",0
,"Alabama","01","2023","2023","Melioidosis","11585",0
,"Alabama","01","2023","2023","Meningococcal disease, All serogroups","10150",8
,"Alabama","01","2023","2023","Meningococcal disease, Serogroups ACWY","10151",3
,"Alabama","01","2023","2023","Meningococcal disease, Serogroup B","10152",0
,"Alabama","01","2023","2023","Meningococcal disease, Other serogroups","10153",2
,"Alabama","01","2023","2023","Meningococcal disease, Unknown serogroup","10154",3
,"Alabama","01","2023","2023","Mpox","11801",10
,"Alabama","01","2023","2023","Mumps","10180",3
,"Alabama","01","2023","2023","Novel Influenza A virus infections","11062",0
,"Alabama","01","2023","2023","Paratyphoid fever","50236",0
,"Alabama","01","2023","2023","Pertussis","10190",45
,"Alabama","01","2023","2023","Plague","10440",0
,"Alabama","01","2023","2023","Poliomyelitis, paralytic","10410",0
,"Alabama","01","2023","2023","Poliovirus infection, nonparalytic","10405",0
,"Alabama","01","2023","2023","Psittacosis","10450",0
,"Alabama","01","2023","2023","Q fever, Total","10259",2
,"Alabama","01","2023","2023","Q fever, Acute","10257",2
,"Alabama","01","2023","2023","Q fever, Chronic","10258",0
,"Alabama","01","2023","2023","Rabies, Animal","10340",38
,"Alabama","01","2023","2023","Rabies, Human","10460",0
,"Alabama","01","2023","2023","Rubella","10200",0
,"Alabama","01","2023","2023","Rubella, congenital syndrome","10370",0
,"Alabama","01","2023","2023","Salmonella Paratyphi infection","50266",0
,"Alabama","01","2023","2023","Salmonella Typhi infection","50267",2
,"Alabama","01","2023","2023","Salmonellosis","11000",0
,"Alabama","01","2023","2023","Salmonellosis (excluding paratyphoid fever and typhoid fever)","50242",0
,"Alabama","01","2023","2023","Salmonellosis (excluding S. Typhi infection and S. Paratyphi infection)","50265",879
,"Alabama","01","2023","2023","Severe acute respiratory syndrome-associated coronavirus disease","10575",0
,"Alabama","01","2023","2023","Shiga toxin-producing Escherichia coli (STEC)","11563",169
,"Alabama","01","2023","2023","Shigellosis","11010",100
,"Alabama","01","2023","2023","Smallpox","11800",0
,"Alabama","01","2023","2023","Spotted fever rickettsiosis, Total","10250",80
,"Alabama","01","2023","2023","Spotted fever rickettsiosis, Confirmed","10253",3
,"Alabama","01","2023","2023","Spotted fever rickettsiosis, Probable","10254",77
,"Alabama","01","2023","2023","Streptococcal toxic shock syndrome","11700",Not Reportable
,"Alabama","01","2023","2023","Syphilis, Total, all stages","10399",3794
,"Alabama","01","2023","2023","Syphilis, Congenital","10316",41
,"Alabama","01","2023","2023","Syphilis, Primary and secondary","10310",1460
,"Alabama","01","2023","2023","Tetanus","10210",0
,"Alabama","01","2023","2023","Toxic shock syndrome (other than Streptococcal)","10520",0
,"Alabama","01","2023","2023","Trichinellosis","10270",0
,"Alabama","01","2023","2023","Tuberculosis","10220",92
,"Alabama","01","2023","2023","Tularemia","10230",1
,"Alabama","01","2023","2023","Typhoid fever","10240",0
,"Alabama","01","2023","2023","Vancomycin-intermediate Staphylococcus aureus","11663",1
,"Alabama","01","2023","2023","Vancomycin-resistant Staphylococcus aureus","11665",0
,"Alabama","01","2023","2023","Varicella morbidity","10030",52
,"Alabama","01","2023","2023","Varicella mortality","10031",0
,"Alabama","01","2023","2023","Vibriosis, Total","11545",37
,"Alabama","01","2023","2023","Vibriosis, Confirmed","50234",13
,"Alabama","01","2023","2023","Vibriosis, Probable","50235",24
,"Alabama","01","2023","2023","Viral hemorrhagic fevers","11647",0
,"Alabama","01","2023","2023","Viral hemorrhagic fevers, Chapare virus","11649",0
,"Alabama","01","2023","2023","Viral hemorrhagic fevers, Crimean-Congo hemorrhagic fever virus","11640",0
,"Alabama","01","2023","2023","Viral hemorrhagic fevers, Ebola virus","11630",0
,"Alabama","01","2023","2023","Viral hemorrhagic fevers, Guanarito virus","11648",0
,"Alabama","01","2023","2023","Viral hemorrhagic fevers, Junin virus","11638",0
,"Alabama","01","2023","2023","Viral hemorrhagic fevers, Lassa virus","11632",0
,"Alabama","01","2023","2023","Viral hemorrhagic fevers, Lujo virus","11644",0
,"Alabama","01","2023","2023","Viral hemorrhagic fevers, Machupo virus","11637",0
,"Alabama","01","2023","2023","Viral hemorrhagic fevers, Marburg virus","11631",0
,"Alabama","01","2023","2023","Viral hemorrhagic fevers, Sabia virus","11639",0
,"Alabama","01","2023","2023","Yellow fever","10660",0
,"Alabama","01","2023","2023","Zika virus, Zika virus disease, congenital","50224",0
,"Alabama","01","2023","2023","Zika virus, Zika virus disease, non-congenital","50223",0
,"Alabama","01","2023","2023","Zika virus, Zika virus infection, congenital","50222",0
,"Alabama","01","2023","2023","Zika virus, Zika virus infection, non-congenital","50221",0
,"Alaska","02","2023","2023","Anthrax","10350",0
,"Alaska","02","2023","2023","Arboviral diseases, Chikungunya virus disease","10073",0
,"Alaska","02","2023","2023","Arboviral diseases, Eastern equine encephalitis virus disease, Neuroinvasive","10053",0
,"Alaska","02","2023","2023","Arboviral diseases, Eastern equine encephalitis virus disease, Non-neuroinvasive","10062",0
,"Alaska","02","2023","2023","Arboviral diseases, Jamestown Canyon  virus disease, Neuroinvasive","10078",0
,"Alaska","02","2023","2023","Arboviral diseases, Jamestown Canyon  virus disease, Non-neuroinvasive","10079",0
,"Alaska","02","2023","2023","Arboviral diseases, La Crosse  virus disease, Neuroinvasive","10081",0
,"Alaska","02","2023","2023","Arboviral diseases, La Crosse  virus disease, Non-neuroinvasive","10082",0
,"Alaska","02","2023","2023","Arboviral diseases, Powassan virus disease, Neuroinvasive","10057",0
,"Alaska","02","2023","2023","Arboviral diseases, Powassan virus disease, Non-neuroinvasive","10063",0
,"Alaska","02","2023","2023","Arboviral diseases, St. Louis encephalitis virus disease, Neuroinvasive","10051",0
,"Alaska","02","2023","2023","Arboviral diseases, St. Louis encephalitis virus disease, Non-neuroinvasive","10064",0
,"Alaska","02","2023","2023","Arboviral diseases, West Nile virus disease, Neuroinvasive","10056",0
,"Alaska","02","2023","2023","Arboviral diseases, West Nile virus disease, Non-neuroinvasive","10049",0
,"Alaska","02","2023","2023","Arboviral diseases, Western equine encephalitis virus disease, Neuroinvasive","10052",0
,"Alaska","02","2023","2023","Arboviral diseases, Western equine encephalitis virus disease, Non-neuroinvasive","10065",0
,"Alaska","02","2023","2023","Babesiosis, Total","12010",Not Reportable
,"Alaska","02","2023","2023","Babesiosis, Confirmed","12011",Not Reportable
,"Alaska","02","2023","2023","Babesiosis, Probable","12012",Not Reportable
,"Alaska","02","2023","2023","Botulism, Total","10360",3
,"Alaska","02","2023","2023","Botulism, Foodborne","10530",3
,"Alaska","02","2023","2023","Botulism, Infant","10540",0
,"Alaska","02","2023","2023","Botulism, Other (wound & unspecified)","10550",0
,"Alaska","02","2023","2023","Brucellosis","10020",0
,"Alaska","02","2023","2023","Campylobacteriosis","11020",163
,"Alaska","02","2023","2023","Candida auris, clinical","50263",1
,"Alaska","02","2023","2023","Candida auris, screening","50264",1
,"Alaska","02","2023","2023","Carbapenemase-producing carbapenem-resistant Enterobacteriaceae","50244",0
,"Alaska","02","2023","2023","Carbapenemase-Producing Organisms (CPO),Total","50272",0
,"Alaska","02","2023","2023","Chancroid","10273",0
,"Alaska","02","2023","2023","Chlamydia trachomatis infection","10274",5117
,"Alaska","02","2023","2023","Cholera","10470",0
,"Alaska","02","2023","2023","Coccidioidomycosis","11900",Not Reportable
,"Alaska","02","2023","2023","Coccidioidomycosis, confirmed","11901",Not Reportable
,"Alaska","02","2023","2023","Coccidioidomycosis, probable","11902",Not Reportable
,"Alaska","02","2023","2023","Coronavirus Disease 2019 (COVID-19), Total","11065",16890
,"Alaska","02","2023","2023","Coronavirus Disease 2019 (COVID-19), Confirmed","11067",14244
,"Alaska","02","2023","2023","Coronavirus Disease 2019 (COVID-19), Probable","11068",2646
,"Alaska","02","2023","2023","Cryptosporidiosis, Total","11580",14
,"Alaska","02","2023","2023","Cryptosporidiosis, Confirmed","11582",10
,"Alaska","02","2023","2023","Cryptosporidiosis, Probable","11583",4
,"Alaska","02","2023","2023","Cyclosporiasis","11575",1
,"Alaska","02","2023","2023","Dengue virus infections, Dengue","10680",2
,"Alaska","02","2023","2023","Dengue virus infections, Dengue-like illness","11704",0
,"Alaska","02","2023","2023","Dengue virus infections, Severe dengue","11705",0
,"Alaska","02","2023","2023","Diphtheria","10040",0
,"Alaska","02","2023","2023","Ehrlichiosis and Anaplasmosis, Anaplasma phagocytophilum infection","11090",Not Reportable
,"Alaska","02","2023","2023","Ehrlichiosis and Anaplasmosis, Ehrlichia chaffeensis infection","11088",Not Reportable
,"Alaska","02","2023","2023","Ehrlichiosis and Anaplasmosis, Ehrlichia ewingii infection","11089",Not Reportable
,"Alaska","02","2023","2023","Ehrlichiosis and Anaplasmosis, Undetermined ehrlichiosis/anaplasmosis","11091",Not Reportable
,"Alaska","02","2023","2023","Giardiasis","11570",62
,"Alaska","02","2023","2023","Gonorrhea","10280",2280
,"Alaska","02","2023","2023","Haemophilus influenzae, invasive disease, All ages, all serotypes","10590",25
,"Alaska","02","2023","2023","Haemophilus influenzae, invasive disease, Age <5 years, Serotype b","10591",2
,"Alaska","02","2023","2023","Haemophilus influenzae, invasive disease, Age <5 years, Non-b serotype","10593",3
,"Alaska","02","2023","2023","Haemophilus influenzae, invasive disease, Age <5 years, Nontypeable","10592",3
,"Alaska","02","2023","2023","Haemophilus influenzae, invasive disease, Age <5 years, Unknown serotype","10597",0
,"Alaska","02","2023","2023","Hansen's disease","10380",0
,"Alaska","02","2023","2023","Hantavirus infection, non-hantavirus pulmonary syndrome","11610",0
,"Alaska","02","2023","2023","Hantavirus pulmonary syndrome","11590",0
,"Alaska","02","2023","2023","Hemolytic uremic syndrome post-diarrheal","11550",0
,"Alaska","02","2023","2023","Hepatitis, A","10110",0
,"Alaska","02","2023","2023","Hepatitis, B, acute","10100",3
,"Alaska","02","2023","2023","Hepatitis, B, perinatal infection","10104",0
,"Alaska","02","2023","2023","Hepatitis, C, acute","10101",Not Reportable
,"Alaska","02","2023","2023","Hepatitis, C, acute, Confirmed","50228",Not Reportable
,"Alaska","02","2023","2023","Hepatitis, C, acute, Probable","50229",Not Reportable
,"Alaska","02","2023","2023","Hepatitis, C, perinatal infection","50248",1
,"Alaska","02","2023","2023","Human immunodeficiency virus diagnoses","10560",28
,"Alaska","02","2023","2023","Influenza-associated pediatric mortality","11061",1
,"Alaska","02","2023","2023","Invasive pneumococcal disease, All ages","11723",230
,"Alaska","02","2023","2023","Invasive pneumococcal disease, All ages, Confirmed","50230",230
,"Alaska","02","2023","2023","Invasive pneumococcal disease, All ages, Probable","50231",0
,"Alaska","02","2023","2023","Invasive pneumococcal disease, Age <5 years","11722",5
,"Alaska","02","2023","2023","Invasive pneumococcal disease, Age <5 years, Confirmed","50232",5
,"Alaska","02","2023","2023","Invasive pneumococcal disease, Age <5 years, Probable","50233",0
,"Alaska","02","2023","2023","Legionellosis","10490",5
,"Alaska","02","2023","2023","Leptospirosis","10390",0
,"Alaska","02","2023","2023","Listeriosis, Total","10640",2
,"Alaska","02","2023","2023","Listeriosis, Confirmed","10641",2
,"Alaska","02","2023","2023","Listeriosis, Probable","10642",0
,"Alaska","02","2023","2023","Lyme disease, Total","11080",2
,"Alaska","02","2023","2023","Lyme disease, Confirmed","11081",2
,"Alaska","02","2023","2023","Lyme disease, Probable","11082",0
,"Alaska","02","2023","2023","Malaria","10130",2
,"Alaska","02","2023","2023","Measles, Total","10140",0
,"Alaska","02","2023","2023","Measles, Indigenous","10500",0
,"Alaska","02","2023","2023","Measles, Imported","10510",0
,"Alaska","02","2023","2023","Melioidosis","11585",0
,"Alaska","02","2023","2023","Meningococcal disease, All serogroups","10150",2
,"Alaska","02","2023","2023","Meningococcal disease, Serogroups ACWY","10151",1
,"Alaska","02","2023","2023","Meningococcal disease, Serogroup B","10152",0
,"Alaska","02","2023","2023","Meningococcal disease, Other serogroups","10153",1
,"Alaska","02","2023","2023","Meningococcal disease, Unknown serogroup","10154",0
,"Alaska","02","2023","2023","Mpox","11801",0
,"Alaska","02","2023","2023","Mumps","10180",1
,"Alaska","02","2023","2023","Novel Influenza A virus infections","11062",0
,"Alaska","02","2023","2023","Paratyphoid fever","50236",0
,"Alaska","02","2023","2023","Pertussis","10190",26
,"Alaska","02","2023","2023","Plague","10440",0
,"Alaska","02","2023","2023","Poliomyelitis, paralytic","10410",0
,"Alaska","02","2023","2023","Poliovirus infection, nonparalytic","10405",0
,"Alaska","02","2023","2023","Psittacosis","10450",0
,"Alaska","02","2023","2023","Q fever, Total","10259",0
,"Alaska","02","2023","2023","Q fever, Acute","10257",0
,"Alaska","02","2023","2023","Q fever, Chronic","10258",0
,"Alaska","02","2023","2023","Rabies, Animal","10340",46
,"Alaska","02","2023","2023","Rabies, Human","10460",0
,"Alaska","02","2023","2023","Rubella","10200",0
,"Alaska","02","2023","2023","Rubella, congenital syndrome","10370",0
,"Alaska","02","2023","2023","Salmonella Paratyphi infection","50266",0
,"Alaska","02","2023","2023","Salmonella Typhi infection","50267",1
,"Alaska","02","2023","2023","Salmonellosis","11000",0
,"Alaska","02","2023","2023","Salmonellosis (excluding paratyphoid fever and typhoid fever)","50242",0
,"Alaska","02","2023","2023","Salmonellosis (excluding S. Typhi infection and S. Paratyphi infection)","50265",89
,"Alaska","02","2023","2023","Severe acute respiratory syndrome-associated coronavirus disease","10575",0
,"Alaska","02","2023","2023","Shiga toxin-producing Escherichia coli (STEC)","11563",13
,"Alaska","02","2023","2023","Shigellosis","11010",8
,"Alaska","02","2023","2023","Smallpox","11800",0
,"Alaska","02","2023","2023","Spotted fever rickettsiosis, Total","10250",Not Reportable
,"Alaska","02","2023","2023","Spotted fever rickettsiosis, Confirmed","10253",Not Reportable
,"Alaska","02","2023","2023","Spotted fever rickettsiosis, Probable","10254",Not Reportable
,"Alaska","02","2023","2023","Streptococcal toxic shock syndrome","11700",Not Reportable
,"Alaska","02","2023","2023","Syphilis, Total, all stages","10399",402
,"Alaska","02","2023","2023","Syphilis, Congenital","10316",10
,"Alaska","02","2023","2023","Syphilis, Primary and secondary","10310",165
,"Alaska","02","2023","2023","Tetanus","10210",0
,"Alaska","02","2023","2023","Toxic shock syndrome (other than Streptococcal)","10520",Not Reportable
,"Alaska","02","2023","2023","Trichinellosis","10270",0
,"Alaska","02","2023","2023","Tuberculosis","10220",77
,"Alaska","02","2023","2023","Tularemia","10230",1
,"Alaska","02","2023","2023","Typhoid fever","10240",0
,"Alaska","02","2023","2023","Vancomycin-intermediate Staphylococcus aureus","11663",Not Reportable
,"Alaska","02","2023","2023","Vancomycin-resistant Staphylococcus aureus","11665",0
,"Alaska","02","2023","2023","Varicella morbidity","10030",20
,"Alaska","02","2023","2023","Varicella mortality","10031",0
,"Alaska","02","2023","2023","Vibriosis, Total","11545",6
,"Alaska","02","2023","2023","Vibriosis, Confirmed","50234",6
,"Alaska","02","2023","2023","Vibriosis, Probable","50235",0
,"Alaska","02","2023","2023","Viral hemorrhagic fevers","11647",0
,"Alaska","02","2023","2023","Viral hemorrhagic fevers, Chapare virus","11649",0
,"Alaska","02","2023","2023","Viral hemorrhagic fevers, Crimean-Congo hemorrhagic fever virus","11640",0
,"Alaska","02","2023","2023","Viral hemorrhagic fevers, Ebola virus","11630",0
,"Alaska","02","2023","2023","Viral hemorrhagic fevers, Guanarito virus","11648",0
,"Alaska","02","2023","2023","Viral hemorrhagic fevers, Junin virus","11638",0
,"Alaska","02","2023","2023","Viral hemorrhagic fevers, Lassa virus","11632",0
,"Alaska","02","2023","2023","Viral hemorrhagic fevers, Lujo virus","11644",0
,"Alaska","02","2023","2023","Viral hemorrhagic fevers, Machupo virus","11637",0
,"Alaska","02","2023","2023","Viral hemorrhagic fevers, Marburg virus","11631",0
,"Alaska","02","2023","2023","Viral hemorrhagic fevers, Sabia virus","11639",0
,"Alaska","02","2023","2023","Yellow fever","10660",0
,"Alaska","02","2023","2023","Zika virus, Zika virus disease, congenital","50224",0
,"Alaska","02","2023","2023","Zika virus, Zika virus disease, non-congenital","50223",0
,"Alaska","02","2023","2023","Zika virus, Zika virus infection, congenital","50222",0
,"Alaska","02","2023","2023","Zika virus, Zika virus infection, non-congenital","50221",0
,"Arizona","04","2023","2023","Anthrax","10350",0
,"Arizona","04","2023","2023","Arboviral diseases, Chikungunya virus disease","10073",0
,"Arizona","04","2023","2023","Arboviral diseases, Eastern equine encephalitis virus disease, Neuroinvasive","10053",0
,"Arizona","04","2023","2023","Arboviral diseases, Eastern equine encephalitis virus disease, Non-neuroinvasive","10062",0
,"Arizona","04","2023","2023","Arboviral diseases, Jamestown Canyon  virus disease, Neuroinvasive","10078",0
,"Arizona","04","2023","2023","Arboviral diseases, Jamestown Canyon  virus disease, Non-neuroinvasive","10079",0
,"Arizona","04","2023","2023","Arboviral diseases, La Crosse  virus disease, Neuroinvasive","10081",0
,"Arizona","04","2023","2023","Arboviral diseases, La Crosse  virus disease, Non-neuroinvasive","10082",0
,"Arizona","04","2023","2023","Arboviral diseases, Powassan virus disease, Neuroinvasive","10057",0
,"Arizona","04","2023","2023","Arboviral diseases, Powassan virus disease, Non-neuroinvasive","10063",0
,"Arizona","04","2023","2023","Arboviral diseases, St. Louis encephalitis virus disease, Neuroinvasive","10051",0
,"Arizona","04","2023","2023","Arboviral diseases, St. Louis encephalitis virus disease, Non-neuroinvasive","10064",0
,"Arizona","04","2023","2023","Arboviral diseases, West Nile virus disease, Neuroinvasive","10056",64
,"Arizona","04","2023","2023","Arboviral diseases, West Nile virus disease, Non-neuroinvasive","10049",18
,"Arizona","04","2023","2023","Arboviral diseases, Western equine encephalitis virus disease, Neuroinvasive","10052",0
,"Arizona","04","2023","2023","Arboviral diseases, Western equine encephalitis virus disease, Non-neuroinvasive","10065",0
,"Arizona","04","2023","2023","Babesiosis, Total","12010",3
,"Arizona","04","2023","2023","Babesiosis, Confirmed","12011",3
,"Arizona","04","2023","2023","Babesiosis, Probable","12012",0
,"Arizona","04","2023","2023","Botulism, Total","10360",4
,"Arizona","04","2023","2023","Botulism, Foodborne","10530",0
,"Arizona","04","2023","2023","Botulism, Infant","10540",4
,"Arizona","04","2023","2023","Botulism, Other (wound & unspecified)","10550",0
,"Arizona","04","2023","2023","Brucellosis","10020",3
,"Arizona","04","2023","2023","Campylobacteriosis","11020",1361
,"Arizona","04","2023","2023","Candida auris, clinical","50263",124
,"Arizona","04","2023","2023","Candida auris, screening","50264",77
,"Arizona","04","2023","2023","Carbapenemase-producing carbapenem-resistant Enterobacteriaceae","50244",0
,"Arizona","04","2023","2023","Carbapenemase-Producing Organisms (CPO),Total","50272",854
,"Arizona","04","2023","2023","Chancroid","10273",0
,"Arizona","04","2023","2023","Chlamydia trachomatis infection","10274",41058
,"Arizona","04","2023","2023","Cholera","10470",0
,"Arizona","04","2023","2023","Coccidioidomycosis","11900",10990
,"Arizona","04","2023","2023","Coccidioidomycosis, confirmed","11901",10990
,"Arizona","04","2023","2023","Coccidioidomycosis, probable","11902",0
,"Arizona","04","2023","2023","Coronavirus Disease 2019 (COVID-19), Total","11065",169305
,"Arizona","04","2023","2023","Coronavirus Disease 2019 (COVID-19), Confirmed","11067",110761
,"Arizona","04","2023","2023","Coronavirus Disease 2019 (COVID-19), Probable","11068",58544
,"Arizona","04","2023","2023","Cryptosporidiosis, Total","11580",129
,"Arizona","04","2023","2023","Cryptosporidiosis, Confirmed","11582",104
,"Arizona","04","2023","2023","Cryptosporidiosis, Probable","11583",25
,"Arizona","04","2023","2023","Cyclosporiasis","11575",85
,"Arizona","04","2023","2023","Dengue virus infections, Dengue","10680",31
,"Arizona","04","2023","2023","Dengue virus infections, Dengue-like illness","11704",0
,"Arizona","04","2023","2023","Dengue virus infections, Severe dengue","11705",0
,"Arizona","04","2023","2023","Diphtheria","10040",0
,"Arizona","04","2023","2023","Ehrlichiosis and Anaplasmosis, Anaplasma phagocytophilum infection","11090",8
,"Arizona","04","2023","2023","Ehrlichiosis and Anaplasmosis, Ehrlichia chaffeensis infection","11088",0
,"Arizona","04","2023","2023","Ehrlichiosis and Anaplasmosis, Ehrlichia ewingii infection","11089",0
,"Arizona","04","2023","2023","Ehrlichiosis and Anaplasmosis, Undetermined ehrlichiosis/anaplasmosis","11091",1
,"Arizona","04","2023","2023","Giardiasis","11570",160
,"Arizona","04","2023","2023","Gonorrhea","10280",14172
,"Arizona","04","2023","2023","Haemophilus influenzae, invasive disease, All ages, all serotypes","10590",136
,"Arizona","04","2023","2023","Haemophilus influenzae, invasive disease, Age <5 years, Serotype b","10591",0
,"Arizona","04","2023","2023","Haemophilus influenzae, invasive disease, Age <5 years, Non-b serotype","10593",2
,"Arizona","04","2023","2023","Haemophilus influenzae, invasive disease, Age <5 years, Nontypeable","10592",4
,"Arizona","04","2023","2023","Haemophilus influenzae, invasive disease, Age <5 years, Unknown serotype","10597",1
,"Arizona","04","2023","2023","Hansen's disease","10380",0
,"Arizona","04","2023","2023","Hantavirus infection, non-hantavirus pulmonary syndrome","11610",0
,"Arizona","04","2023","2023","Hantavirus pulmonary syndrome","11590",6
,"Arizona","04","2023","2023","Hemolytic uremic syndrome post-diarrheal","11550",4
,"Arizona","04","2023","2023","Hepatitis, A","10110",54
,"Arizona","04","2023","2023","Hepatitis, B, acute","10100",20
,"Arizona","04","2023","2023","Hepatitis, B, perinatal infection","10104",0
,"Arizona","04","2023","2023","Hepatitis, C, acute","10101",Unavailable
,"Arizona","04","2023","2023","Hepatitis, C, acute, Confirmed","50228",Unavailable
,"Arizona","04","2023","2023","Hepatitis, C, acute, Probable","50229",Unavailable
,"Arizona","04","2023","2023","Hepatitis, C, perinatal infection","50248",0
,"Arizona","04","2023","2023","Human immunodeficiency virus diagnoses","10560",928
,"Arizona","04","2023","2023","Influenza-associated pediatric mortality","11061",5
,"Arizona","04","2023","2023","Invasive pneumococcal disease, All ages","11723",1133
,"Arizona","04","2023","2023","Invasive pneumococcal disease, All ages, Confirmed","50230",1126
,"Arizona","04","2023","2023","Invasive pneumococcal disease, All ages, Probable","50231",7
,"Arizona","04","2023","2023","Invasive pneumococcal disease, Age <5 years","11722",33
,"Arizona","04","2023","2023","Invasive pneumococcal disease, Age <5 years, Confirmed","50232",32
,"Arizona","04","2023","2023","Invasive pneumococcal disease, Age <5 years, Probable","50233",1
,"Arizona","04","2023","2023","Legionellosis","10490",115
,"Arizona","04","2023","2023","Leptospirosis","10390",0
,"Arizona","04","2023","2023","Listeriosis, Total","10640",9
,"Arizona","04","2023","2023","Listeriosis, Confirmed","10641",9
,"Arizona","04","2023","2023","Listeriosis, Probable","10642",0
,"Arizona","04","2023","2023","Lyme disease, Total","11080",16
,"Arizona","04","2023","2023","Lyme disease, Confirmed","11081",15
,"Arizona","04","2023","2023","Lyme disease, Probable","11082",1
,"Arizona","04","2023","2023","Malaria","10130",51
,"Arizona","04","2023","2023","Measles, Total","10140",0
,"Arizona","04","2023","2023","Measles, Indigenous","10500",0
,"Arizona","04","2023","2023","Measles, Imported","10510",0
,"Arizona","04","2023","2023","Melioidosis","11585",0
,"Arizona","04","2023","2023","Meningococcal disease, All serogroups","10150",8
,"Arizona","04","2023","2023","Meningococcal disease, Serogroups ACWY","10151",6
,"Arizona","04","2023","2023","Meningococcal disease, Serogroup B","10152",0
,"Arizona","04","2023","2023","Meningococcal disease, Other serogroups","10153",1
,"Arizona","04","2023","2023","Meningococcal disease, Unknown serogroup","10154",1
,"Arizona","04","2023","2023","Mpox","11801",20
,"Arizona","04","2023","2023","Mumps","10180",6
,"Arizona","04","2023","2023","Novel Influenza A virus infections","11062",0
,"Arizona","04","2023","2023","Paratyphoid fever","50236",0
,"Arizona","04","2023","2023","Pertussis","10190",344
,"Arizona","04","2023","2023","Plague","10440",0
,"Arizona","04","2023","2023","Poliomyelitis, paralytic","10410",0
,"Arizona","04","2023","2023","Poliovirus infection, nonparalytic","10405",0
,"Arizona","04","2023","2023","Psittacosis","10450",0
,"Arizona","04","2023","2023","Q fever, Total","10259",4
,"Arizona","04","2023","2023","Q fever, Acute","10257",2
,"Arizona","04","2023","2023","Q fever, Chronic","10258",2
,"Arizona","04","2023","2023","Rabies, Animal","10340",58
,"Arizona","04","2023","2023","Rabies, Human","10460",0
,"Arizona","04","2023","2023","Rubella","10200",0
,"Arizona","04","2023","2023","Rubella, congenital syndrome","10370",0
,"Arizona","04","2023","2023","Salmonella Paratyphi infection","50266",5
,"Arizona","04","2023","2023","Salmonella Typhi infection","50267",7
,"Arizona","04","2023","2023","Salmonellosis","11000",0
,"Arizona","04","2023","2023","Salmonellosis (excluding paratyphoid fever and typhoid fever)","50242",0
,"Arizona","04","2023","2023","Salmonellosis (excluding S. Typhi infection and S. Paratyphi infection)","50265",1242
,"Arizona","04","2023","2023","Severe acute respiratory syndrome-associated coronavirus disease","10575",0
,"Arizona","04","2023","2023","Shiga toxin-producing Escherichia coli (STEC)","11563",329
,"Arizona","04","2023","2023","Shigellosis","11010",516
,"Arizona","04","2023","2023","Smallpox","11800",0
,"Arizona","04","2023","2023","Spotted fever rickettsiosis, Total","10250",48
,"Arizona","04","2023","2023","Spotted fever rickettsiosis, Confirmed","10253",5
,"Arizona","04","2023","2023","Spotted fever rickettsiosis, Probable","10254",43
,"Arizona","04","2023","2023","Streptococcal toxic shock syndrome","11700",1
,"Arizona","04","2023","2023","Syphilis, Total, all stages","10399",7961
,"Arizona","04","2023","2023","Syphilis, Congenital","10316",233
,"Arizona","04","2023","2023","Syphilis, Primary and secondary","10310",1793
,"Arizona","04","2023","2023","Tetanus","10210",0
,"Arizona","04","2023","2023","Toxic shock syndrome (other than Streptococcal)","10520",2
,"Arizona","04","2023","2023","Trichinellosis","10270",0
,"Arizona","04","2023","2023","Tuberculosis","10220",202
,"Arizona","04","2023","2023","Tularemia","10230",2
,"Arizona","04","2023","2023","Typhoid fever","10240",0
,"Arizona","04","2023","2023","Vancomycin-intermediate Staphylococcus aureus","11663",2
,"Arizona","04","2023","2023","Vancomycin-resistant Staphylococcus aureus","11665",0
,"Arizona","04","2023","2023","Varicella morbidity","10030",211
,"Arizona","04","2023","2023","Varicella mortality","10031",1
,"Arizona","04","2023","2023","Vibriosis, Total","11545",61
,"Arizona","04","2023","2023","Vibriosis, Confirmed","50234",25
,"Arizona","04","2023","2023","Vibriosis, Probable","50235",36
,"Arizona","04","2023","2023","Viral hemorrhagic fevers","11647",0
,"Arizona","04","2023","2023","Viral hemorrhagic fevers, Chapare virus","11649",0
,"Arizona","04","2023","2023","Viral hemorrhagic fevers, Crimean-Congo hemorrhagic fever virus","11640",0
,"Arizona","04","2023","2023","Viral hemorrhagic fevers, Ebola virus","11630",0
,"Arizona","04","2023","2023","Viral hemorrhagic fevers, Guanarito virus","11648",0
,"Arizona","04","2023","2023","Viral hemorrhagic fevers, Junin virus","11638",0
,"Arizona","04","2023","2023","Viral hemorrhagic fevers, Lassa virus","11632",0
,"Arizona","04","2023","2023","Viral hemorrhagic fevers, Lujo virus","11644",0
,"Arizona","04","2023","2023","Viral hemorrhagic fevers, Machupo virus","11637",0
,"Arizona","04","2023","2023","Viral hemorrhagic fevers, Marburg virus","11631",0
,"Arizona","04","2023","2023","Viral hemorrhagic fevers, Sabia virus","11639",0
,"Arizona","04","2023","2023","Yellow fever","10660",0
,"Arizona","04","2023","2023","Zika virus, Zika virus disease, congenital","50224",0
,"Arizona","04","2023","2023","Zika virus, Zika virus disease, non-congenital","50223",0
,"Arizona","04","2023","2023","Zika virus, Zika virus infection, congenital","50222",0
,"Arizona","04","2023","2023","Zika virus, Zika virus infection, non-congenital","50221",0
,"Arkansas","05","2023","2023","Anthrax","10350",0
,"Arkansas","05","2023","2023","Arboviral diseases, Chikungunya virus disease","10073",0
,"Arkansas","05","2023","2023","Arboviral diseases, Eastern equine encephalitis virus disease, Neuroinvasive","10053",0
,"Arkansas","05","2023","2023","Arboviral diseases, Eastern equine encephalitis virus disease, Non-neuroinvasive","10062",0
,"Arkansas","05","2023","2023","Arboviral diseases, Jamestown Canyon  virus disease, Neuroinvasive","10078",0
,"Arkansas","05","2023","2023","Arboviral diseases, Jamestown Canyon  virus disease, Non-neuroinvasive","10079",0
,"Arkansas","05","2023","2023","Arboviral diseases, La Crosse  virus disease, Neuroinvasive","10081",0
,"Arkansas","05","2023","2023","Arboviral diseases, La Crosse  virus disease, Non-neuroinvasive","10082",0
,"Arkansas","05","2023","2023","Arboviral diseases, Powassan virus disease, Neuroinvasive","10057",0
,"Arkansas","05","2023","2023","Arboviral diseases, Powassan virus disease, Non-neuroinvasive","10063",0
,"Arkansas","05","2023","2023","Arboviral diseases, St. Louis encephalitis virus disease, Neuroinvasive","10051",0
,"Arkansas","05","2023","2023","Arboviral diseases, St. Louis encephalitis virus disease, Non-neuroinvasive","10064",0
,"Arkansas","05","2023","2023","Arboviral diseases, West Nile virus disease, Neuroinvasive","10056",7
,"Arkansas","05","2023","2023","Arboviral diseases, West Nile virus disease, Non-neuroinvasive","10049",4
,"Arkansas","05","2023","2023","Arboviral diseases, Western equine encephalitis virus disease, Neuroinvasive","10052",0
,"Arkansas","05","2023","2023","Arboviral diseases, Western equine encephalitis virus disease, Non-neuroinvasive","10065",0
,"Arkansas","05","2023","2023","Babesiosis, Total","12010",2
,"Arkansas","05","2023","2023","Babesiosis, Confirmed","12011",2
,"Arkansas","05","2023","2023","Babesiosis, Probable","12012",0
,"Arkansas","05","2023","2023","Botulism, Total","10360",2
,"Arkansas","05","2023","2023","Botulism, Foodborne","10530",0
,"Arkansas","05","2023","2023","Botulism, Infant","10540",1
,"Arkansas","05","2023","2023","Botulism, Other (wound & unspecified)","10550",1
,"Arkansas","05","2023","2023","Brucellosis","10020",0
,"Arkansas","05","2023","2023","Campylobacteriosis","11020",814
,"Arkansas","05","2023","2023","Candida auris, clinical","50263",0
,"Arkansas","05","2023","2023","Candida auris, screening","50264",0
,"Arkansas","05","2023","2023","Carbapenemase-producing carbapenem-resistant Enterobacteriaceae","50244",0
,"Arkansas","05","2023","2023","Carbapenemase-Producing Organisms (CPO),Total","50272",0
,"Arkansas","05","2023","2023","Chancroid","10273",0
,"Arkansas","05","2023","2023","Chlamydia trachomatis infection","10274",17781
,"Arkansas","05","2023","2023","Cholera","10470",0
,"Arkansas","05","2023","2023","Coccidioidomycosis","11900",3
,"Arkansas","05","2023","2023","Coccidioidomycosis, confirmed","11901",2
,"Arkansas","05","2023","2023","Coccidioidomycosis, probable","11902",1
,"Arkansas","05","2023","2023","Coronavirus Disease 2019 (COVID-19), Total","11065",73619
,"Arkansas","05","2023","2023","Coronavirus Disease 2019 (COVID-19), Confirmed","11067",36045
,"Arkansas","05","2023","2023","Coronavirus Disease 2019 (COVID-19), Probable","11068",37574
,"Arkansas","05","2023","2023","Cryptosporidiosis, Total","11580",103
,"Arkansas","05","2023","2023","Cryptosporidiosis, Confirmed","11582",39
,"Arkansas","05","2023","2023","Cryptosporidiosis, Probable","11583",64
,"Arkansas","05","2023","2023","Cyclosporiasis","11575",18
,"Arkansas","05","2023","2023","Dengue virus infections, Dengue","10680",9
,"Arkansas","05","2023","2023","Dengue virus infections, Dengue-like illness","11704",0
,"Arkansas","05","2023","2023","Dengue virus infections, Severe dengue","11705",0
,"Arkansas","05","2023","2023","Diphtheria","10040",0
,"Arkansas","05","2023","2023","Ehrlichiosis and Anaplasmosis, Anaplasma phagocytophilum infection","11090",1
,"Arkansas","05","2023","2023","Ehrlichiosis and Anaplasmosis, Ehrlichia chaffeensis infection","11088",127
,"Arkansas","05","2023","2023","Ehrlichiosis and Anaplasmosis, Ehrlichia ewingii infection","11089",3
,"Arkansas","05","2023","2023","Ehrlichiosis and Anaplasmosis, Undetermined ehrlichiosis/anaplasmosis","11091",0
,"Arkansas","05","2023","2023","Giardiasis","11570",164
,"Arkansas","05","2023","2023","Gonorrhea","10280",5932
,"Arkansas","05","2023","2023","Haemophilus influenzae, invasive disease, All ages, all serotypes","10590",96
,"Arkansas","05","2023","2023","Haemophilus influenzae, invasive disease, Age <5 years, Serotype b","10591",0
,"Arkansas","05","2023","2023","Haemophilus influenzae, invasive disease, Age <5 years, Non-b serotype","10593",2
,"Arkansas","05","2023","2023","Haemophilus influenzae, invasive disease, Age <5 years, Nontypeable","10592",6
,"Arkansas","05","2023","2023","Haemophilus influenzae, invasive disease, Age <5 years, Unknown serotype","10597",3
,"Arkansas","05","2023","2023","Hansen's disease","10380",0
,"Arkansas","05","2023","2023","Hantavirus infection, non-hantavirus pulmonary syndrome","11610",Not Reportable
,"Arkansas","05","2023","2023","Hantavirus pulmonary syndrome","11590",0
,"Arkansas","05","2023","2023","Hemolytic uremic syndrome post-diarrheal","11550",12
,"Arkansas","05","2023","2023","Hepatitis, A","10110",12
,"Arkansas","05","2023","2023","Hepatitis, B, acute","10100",16
,"Arkansas","05","2023","2023","Hepatitis, B, perinatal infection","10104",0
,"Arkansas","05","2023","2023","Hepatitis, C, acute","10101",24
,"Arkansas","05","2023","2023","Hepatitis, C, acute, Confirmed","50228",20
,"Arkansas","05","2023","2023","Hepatitis, C, acute, Probable","50229",4
,"Arkansas","05","2023","2023","Hepatitis, C, perinatal infection","50248",2
,"Arkansas","05","2023","2023","Human immunodeficiency virus diagnoses","10560",305
,"Arkansas","05","2023","2023","Influenza-associated pediatric mortality","11061",2
,"Arkansas","05","2023","2023","Invasive pneumococcal disease, All ages","11723",341
,"Arkansas","05","2023","2023","Invasive pneumococcal disease, All ages, Confirmed","50230",334
,"Arkansas","05","2023","2023","Invasive pneumococcal disease, All ages, Probable","50231",7
,"Arkansas","05","2023","2023","Invasive pneumococcal disease, Age <5 years","11722",8
,"Arkansas","05","2023","2023","Invasive pneumococcal disease, Age <5 years, Confirmed","50232",8
,"Arkansas","05","2023","2023","Invasive pneumococcal disease, Age <5 years, Probable","50233",0
,"Arkansas","05","2023","2023","Legionellosis","10490",53
,"Arkansas","05","2023","2023","Leptospirosis","10390",2
,"Arkansas","05","2023","2023","Listeriosis, Total","10640",6
,"Arkansas","05","2023","2023","Listeriosis, Confirmed","10641",5
,"Arkansas","05","2023","2023","Listeriosis, Probable","10642",1
,"Arkansas","05","2023","2023","Lyme disease, Total","11080",5
,"Arkansas","05","2023","2023","Lyme disease, Confirmed","11081",5
,"Arkansas","05","2023","2023","Lyme disease, Probable","11082",0
,"Arkansas","05","2023","2023","Malaria","10130",7
,"Arkansas","05","2023","2023","Measles, Total","10140",0
,"Arkansas","05","2023","2023","Measles, Indigenous","10500",0
,"Arkansas","05","2023","2023","Measles, Imported","10510",0
,"Arkansas","05","2023","2023","Melioidosis","11585",1
,"Arkansas","05","2023","2023","Meningococcal disease, All serogroups","10150",3
,"Arkansas","05","2023","2023","Meningococcal disease, Serogroups ACWY","10151",0
,"Arkansas","05","2023","2023","Meningococcal disease, Serogroup B","10152",1
,"Arkansas","05","2023","2023","Meningococcal disease, Other serogroups","10153",0
,"Arkansas","05","2023","2023","Meningococcal disease, Unknown serogroup","10154",2
,"Arkansas","05","2023","2023","Mpox","11801",4
,"Arkansas","05","2023","2023","Mumps","10180",4
,"Arkansas","05","2023","2023","Novel Influenza A virus infections","11062",0
,"Arkansas","05","2023","2023","Paratyphoid fever","50236",0
,"Arkansas","05","2023","2023","Pertussis","10190",38
,"Arkansas","05","2023","2023","Plague","10440",0
,"Arkansas","05","2023","2023","Poliomyelitis, paralytic","10410",0
,"Arkansas","05","2023","2023","Poliovirus infection, nonparalytic","10405",0
,"Arkansas","05","2023","2023","Psittacosis","10450",0
,"Arkansas","05","2023","2023","Q fever, Total","10259",2
,"Arkansas","05","2023","2023","Q fever, Acute","10257",2
,"Arkansas","05","2023","2023","Q fever, Chronic","10258",0
,"Arkansas","05","2023","2023","Rabies, Animal","10340",40
,"Arkansas","05","2023","2023","Rabies, Human","10460",0
,"Arkansas","05","2023","2023","Rubella","10200",1
,"Arkansas","05","2023","2023","Rubella, congenital syndrome","10370",0
,"Arkansas","05","2023","2023","Salmonella Paratyphi infection","50266",0
,"Arkansas","05","2023","2023","Salmonella Typhi infection","50267",1
,"Arkansas","05","2023","2023","Salmonellosis","11000",0
,"Arkansas","05","2023","2023","Salmonellosis (excluding paratyphoid fever and typhoid fever)","50242",0
,"Arkansas","05","2023","2023","Salmonellosis (excluding S. Typhi infection and S. Paratyphi infection)","50265",720
,"Arkansas","05","2023","2023","Severe acute respiratory syndrome-associated coronavirus disease","10575",0
,"Arkansas","05","2023","2023","Shiga toxin-producing Escherichia coli (STEC)","11563",187
,"Arkansas","05","2023","2023","Shigellosis","11010",55
,"Arkansas","05","2023","2023","Smallpox","11800",0
,"Arkansas","05","2023","2023","Spotted fever rickettsiosis, Total","10250",64
,"Arkansas","05","2023","2023","Spotted fever rickettsiosis, Confirmed","10253",0
,"Arkansas","05","2023","2023","Spotted fever rickettsiosis, Probable","10254",64
,"Arkansas","05","2023","2023","Streptococcal toxic shock syndrome","11700",0
,"Arkansas","05","2023","2023","Syphilis, Total, all stages","10399",2961
,"Arkansas","05","2023","2023","Syphilis, Congenital","10316",64
,"Arkansas","05","2023","2023","Syphilis, Primary and secondary","10310",896
,"Arkansas","05","2023","2023","Tetanus","10210",0
,"Arkansas","05","2023","2023","Toxic shock syndrome (other than Streptococcal)","10520",0
,"Arkansas","05","2023","2023","Trichinellosis","10270",0
,"Arkansas","05","2023","2023","Tuberculosis","10220",83
,"Arkansas","05","2023","2023","Tularemia","10230",12
,"Arkansas","05","2023","2023","Typhoid fever","10240",0
,"Arkansas","05","2023","2023","Vancomycin-intermediate Staphylococcus aureus","11663",0
,"Arkansas","05","2023","2023","Vancomycin-resistant Staphylococcus aureus","11665",0
,"Arkansas","05","2023","2023","Varicella morbidity","10030",45
,"Arkansas","05","2023","2023","Varicella mortality","10031",Not Reportable
,"Arkansas","05","2023","2023","Vibriosis, Total","11545",10
,"Arkansas","05","2023","2023","Vibriosis, Confirmed","50234",5
,"Arkansas","05","2023","2023","Vibriosis, Probable","50235",5
,"Arkansas","05","2023","2023","Viral hemorrhagic fevers","11647",0
,"Arkansas","05","2023","2023","Viral hemorrhagic fevers, Chapare virus","11649",0
,"Arkansas","05","2023","2023","Viral hemorrhagic fevers, Crimean-Congo hemorrhagic fever virus","11640",0
,"Arkansas","05","2023","2023","Viral hemorrhagic fevers, Ebola virus","11630",0
,"Arkansas","05","2023","2023","Viral hemorrhagic fevers, Guanarito virus","11648",0
,"Arkansas","05","2023","2023","Viral hemorrhagic fevers, Junin virus","11638",0
,"Arkansas","05","2023","2023","Viral hemorrhagic fevers, Lassa virus","11632",0
,"Arkansas","05","2023","2023","Viral hemorrhagic fevers, Lujo virus","11644",0
,"Arkansas","05","2023","2023","Viral hemorrhagic fevers, Machupo virus","11637",0
,"Arkansas","05","2023","2023","Viral hemorrhagic fevers, Marburg virus","11631",0
,"Arkansas","05","2023","2023","Viral hemorrhagic fevers, Sabia virus","11639",0
,"Arkansas","05","2023","2023","Yellow fever","10660",0
,"Arkansas","05","2023","2023","Zika virus, Zika virus disease, congenital","50224",0
,"Arkansas","05","2023","2023","Zika virus, Zika virus disease, non-congenital","50223",0
,"Arkansas","05","2023","2023","Zika virus, Zika virus infection, congenital","50222",0
,"Arkansas","05","2023","2023","Zika virus, Zika virus infection, non-congenital","50221",0
,"California","06","2023","2023","Anthrax","10350",0
,"California","06","2023","2023","Arboviral diseases, Chikungunya virus disease","10073",23
,"California","06","2023","2023","Arboviral diseases, Eastern equine encephalitis virus disease, Neuroinvasive","10053",0
,"California","06","2023","2023","Arboviral diseases, Eastern equine encephalitis virus disease, Non-neuroinvasive","10062",0
,"California","06","2023","2023","Arboviral diseases, Jamestown Canyon  virus disease, Neuroinvasive","10078",0
,"California","06","2023","2023","Arboviral diseases, Jamestown Canyon  virus disease, Non-neuroinvasive","10079",0
,"California","06","2023","2023","Arboviral diseases, La Crosse  virus disease, Neuroinvasive","10081",0
,"California","06","2023","2023","Arboviral diseases, La Crosse  virus disease, Non-neuroinvasive","10082",0
,"California","06","2023","2023","Arboviral diseases, Powassan virus disease, Neuroinvasive","10057",0
,"California","06","2023","2023","Arboviral diseases, Powassan virus disease, Non-neuroinvasive","10063",0
,"California","06","2023","2023","Arboviral diseases, St. Louis encephalitis virus disease, Neuroinvasive","10051",13
,"California","06","2023","2023","Arboviral diseases, St. Louis encephalitis virus disease, Non-neuroinvasive","10064",6
,"California","06","2023","2023","Arboviral diseases, West Nile virus disease, Neuroinvasive","10056",334
,"California","06","2023","2023","Arboviral diseases, West Nile virus disease, Non-neuroinvasive","10049",99
,"California","06","2023","2023","Arboviral diseases, Western equine encephalitis virus disease, Neuroinvasive","10052",0
,"California","06","2023","2023","Arboviral diseases, Western equine encephalitis virus disease, Non-neuroinvasive","10065",0
,"California","06","2023","2023","Babesiosis, Total","12010",10
,"California","06","2023","2023","Babesiosis, Confirmed","12011",9
,"California","06","2023","2023","Babesiosis, Probable","12012",1
,"California","06","2023","2023","Botulism, Total","10360",45
,"California","06","2023","2023","Botulism, Foodborne","10530",4
,"California","06","2023","2023","Botulism, Infant","10540",37
,"California","06","2023","2023","Botulism, Other (wound & unspecified)","10550",4
,"California","06","2023","2023","Brucellosis","10020",39
,"California","06","2023","2023","Campylobacteriosis","11020",11987
,"California","06","2023","2023","Candida auris, clinical","50263",551
,"California","06","2023","2023","Candida auris, screening","50264",0
,"California","06","2023","2023","Carbapenemase-producing carbapenem-resistant Enterobacteriaceae","50244",0
,"California","06","2023","2023","Carbapenemase-Producing Organisms (CPO),Total","50272",808
,"California","06","2023","2023","Chancroid","10273",3
,"California","06","2023","2023","Chlamydia trachomatis infection","10274",191292
,"California","06","2023","2023","Cholera","10470",1
,"California","06","2023","2023","Coccidioidomycosis","11900",9036
,"California","06","2023","2023","Coccidioidomycosis, confirmed","11901",9036
,"California","06","2023","2023","Coccidioidomycosis, probable","11902",0
,"California","06","2023","2023","Coronavirus Disease 2019 (COVID-19), Total","11065",794994
,"California","06","2023","2023","Coronavirus Disease 2019 (COVID-19), Confirmed","11067",643961
,"California","06","2023","2023","Coronavirus Disease 2019 (COVID-19), Probable","11068",151033
,"California","06","2023","2023","Cryptosporidiosis, Total","11580",1005
,"California","06","2023","2023","Cryptosporidiosis, Confirmed","11582",929
,"California","06","2023","2023","Cryptosporidiosis, Probable","11583",76
,"California","06","2023","2023","Cyclosporiasis","11575",148
,"California","06","2023","2023","Dengue virus infections, Dengue","10680",250
,"California","06","2023","2023","Dengue virus infections, Dengue-like illness","11704",0
,"California","06","2023","2023","Dengue virus infections, Severe dengue","11705",0
,"California","06","2023","2023","Diphtheria","10040",0
,"California","06","2023","2023","Ehrlichiosis and Anaplasmosis, Anaplasma phagocytophilum infection","11090",22
,"California","06","2023","2023","Ehrlichiosis and Anaplasmosis, Ehrlichia chaffeensis infection","11088",0
,"California","06","2023","2023","Ehrlichiosis and Anaplasmosis, Ehrlichia ewingii infection","11089",0
,"California","06","2023","2023","Ehrlichiosis and Anaplasmosis, Undetermined ehrlichiosis/anaplasmosis","11091",3
,"California","06","2023","2023","Giardiasis","11570",2757
,"California","06","2023","2023","Gonorrhea","10280",74071
,"California","06","2023","2023","Haemophilus influenzae, invasive disease, All ages, all serotypes","10590",60
,"California","06","2023","2023","Haemophilus influenzae, invasive disease, Age <5 years, Serotype b","10591",2
,"California","06","2023","2023","Haemophilus influenzae, invasive disease, Age <5 years, Non-b serotype","10593",13
,"California","06","2023","2023","Haemophilus influenzae, invasive disease, Age <5 years, Nontypeable","10592",33
,"California","06","2023","2023","Haemophilus influenzae, invasive disease, Age <5 years, Unknown serotype","10597",2
,"California","06","2023","2023","Hansen's disease","10380",4
,"California","06","2023","2023","Hantavirus infection, non-hantavirus pulmonary syndrome","11610",0
,"California","06","2023","2023","Hantavirus pulmonary syndrome","11590",1
,"California","06","2023","2023","Hemolytic uremic syndrome post-diarrheal","11550",36
,"California","06","2023","2023","Hepatitis, A","10110",222
,"California","06","2023","2023","Hepatitis, B, acute","10100",94
,"California","06","2023","2023","Hepatitis, B, perinatal infection","10104",2
,"California","06","2023","2023","Hepatitis, C, acute","10101",234
,"California","06","2023","2023","Hepatitis, C, acute, Confirmed","50228",231
,"California","06","2023","2023","Hepatitis, C, acute, Probable","50229",3
,"California","06","2023","2023","Hepatitis, C, perinatal infection","50248",8
,"California","06","2023","2023","Human immunodeficiency virus diagnoses","10560",4921
,"California","06","2023","2023","Influenza-associated pediatric mortality","11061",10
,"California","06","2023","2023","Invasive pneumococcal disease, All ages","11723",Not Reportable
,"California","06","2023","2023","Invasive pneumococcal disease, All ages, Confirmed","50230",Not Reportable
,"California","06","2023","2023","Invasive pneumococcal disease, All ages, Probable","50231",Not Reportable
,"California","06","2023","2023","Invasive pneumococcal disease, Age <5 years","11722",Not Reportable
,"California","06","2023","2023","Invasive pneumococcal disease, Age <5 years, Confirmed","50232",Not Reportable
,"California","06","2023","2023","Invasive pneumococcal disease, Age <5 years, Probable","50233",Not Reportable
,"California","06","2023","2023","Legionellosis","10490",706
,"California","06","2023","2023","Leptospirosis","10390",10
,"California","06","2023","2023","Listeriosis, Total","10640",144
,"California","06","2023","2023","Listeriosis, Confirmed","10641",130
,"California","06","2023","2023","Listeriosis, Probable","10642",14
,"California","06","2023","2023","Lyme disease, Total","11080",109
,"California","06","2023","2023","Lyme disease, Confirmed","11081",83
,"California","06","2023","2023","Lyme disease, Probable","11082",26
,"California","06","2023","2023","Malaria","10130",153
,"California","06","2023","2023","Measles, Total","10140",4
,"California","06","2023","2023","Measles, Indigenous","10500",1
,"California","06","2023","2023","Measles, Imported","10510",3
,"California","06","2023","2023","Melioidosis","11585",0
,"California","06","2023","2023","Meningococcal disease, All serogroups","10150",30
,"California","06","2023","2023","Meningococcal disease, Serogroups ACWY","10151",19
,"California","06","2023","2023","Meningococcal disease, Serogroup B","10152",7
,"California","06","2023","2023","Meningococcal disease, Other serogroups","10153",4
,"California","06","2023","2023","Meningococcal disease, Unknown serogroup","10154",0
,"California","06","2023","2023","Mpox","11801",411
,"California","06","2023","2023","Mumps","10180",36
,"California","06","2023","2023","Novel Influenza A virus infections","11062",0
,"California","06","2023","2023","Paratyphoid fever","50236",0
,"California","06","2023","2023","Pertussis","10190",643
,"California","06","2023","2023","Plague","10440",0
,"California","06","2023","2023","Poliomyelitis, paralytic","10410",0
,"California","06","2023","2023","Poliovirus infection, nonparalytic","10405",0
,"California","06","2023","2023","Psittacosis","10450",0
,"California","06","2023","2023","Q fever, Total","10259",69
,"California","06","2023","2023","Q fever, Acute","10257",69
,"California","06","2023","2023","Q fever, Chronic","10258",0
,"California","06","2023","2023","Rabies, Animal","10340",202
,"California","06","2023","2023","Rabies, Human","10460",0
,"California","06","2023","2023","Rubella","10200",0
,"California","06","2023","2023","Rubella, congenital syndrome","10370",0
,"California","06","2023","2023","Salmonella Paratyphi infection","50266",34
,"California","06","2023","2023","Salmonella Typhi infection","50267",86
,"California","06","2023","2023","Salmonellosis","11000",0
,"California","06","2023","2023","Salmonellosis (excluding paratyphoid fever and typhoid fever)","50242",0
,"California","06","2023","2023","Salmonellosis (excluding S. Typhi infection and S. Paratyphi infection)","50265",6988
,"California","06","2023","2023","Severe acute respiratory syndrome-associated coronavirus disease","10575",0
,"California","06","2023","2023","Shiga toxin-producing Escherichia coli (STEC)","11563",2714
,"California","06","2023","2023","Shigellosis","11010",4475
,"California","06","2023","2023","Smallpox","11800",0
,"California","06","2023","2023","Spotted fever rickettsiosis, Total","10250",12
,"California","06","2023","2023","Spotted fever rickettsiosis, Confirmed","10253",5
,"California","06","2023","2023","Spotted fever rickettsiosis, Probable","10254",7
,"California","06","2023","2023","Streptococcal toxic shock syndrome","11700",Not Reportable
,"California","06","2023","2023","Syphilis, Total, all stages","10399",32469
,"California","06","2023","2023","Syphilis, Congenital","10316",512
,"California","06","2023","2023","Syphilis, Primary and secondary","10310",6346
,"California","06","2023","2023","Tetanus","10210",1
,"California","06","2023","2023","Toxic shock syndrome (other than Streptococcal)","10520",0
,"California","06","2023","2023","Trichinellosis","10270",0
,"California","06","2023","2023","Tuberculosis","10220",2112
,"California","06","2023","2023","Tularemia","10230",1
,"California","06","2023","2023","Typhoid fever","10240",0
,"California","06","2023","2023","Vancomycin-intermediate Staphylococcus aureus","11663",Not Reportable
,"California","06","2023","2023","Vancomycin-resistant Staphylococcus aureus","11665",Not Reportable
,"California","06","2023","2023","Varicella morbidity","10030",49
,"California","06","2023","2023","Varicella mortality","10031",0
,"California","06","2023","2023","Vibriosis, Total","11545",311
,"California","06","2023","2023","Vibriosis, Confirmed","50234",163
,"California","06","2023","2023","Vibriosis, Probable","50235",148
,"California","06","2023","2023","Viral hemorrhagic fevers","11647",0
,"California","06","2023","2023","Viral hemorrhagic fevers, Chapare virus","11649",0
,"California","06","2023","2023","Viral hemorrhagic fevers, Crimean-Congo hemorrhagic fever virus","11640",0
,"California","06","2023","2023","Viral hemorrhagic fevers, Ebola virus","11630",0
,"California","06","2023","2023","Viral hemorrhagic fevers, Guanarito virus","11648",0
,"California","06","2023","2023","Viral hemorrhagic fevers, Junin virus","11638",0
,"California","06","2023","2023","Viral hemorrhagic fevers, Lassa virus","11632",0
,"California","06","2023","2023","Viral hemorrhagic fevers, Lujo virus","11644",0
,"California","06","2023","2023","Viral hemorrhagic fevers, Machupo virus","11637",0
,"California","06","2023","2023","Viral hemorrhagic fevers, Marburg virus","11631",0
,"California","06","2023","2023","Viral hemorrhagic fevers, Sabia virus","11639",0
,"California","06","2023","2023","Yellow fever","10660",0
,"California","06","2023","2023","Zika virus, Zika virus disease, congenital","50224",0
,"California","06","2023","2023","Zika virus, Zika virus disease, non-congenital","50223",2
,"California","06","2023","2023","Zika virus, Zika virus infection, congenital","50222",0
,"California","06","2023","2023","Zika virus, Zika virus infection, non-congenital","50221",1
,"Colorado","08","2023","2023","Anthrax","10350",0
,"Colorado","08","2023","2023","Arboviral diseases, Chikungunya virus disease","10073",12
,"Colorado","08","2023","2023","Arboviral diseases, Eastern equine encephalitis virus disease, Neuroinvasive","10053",0
,"Colorado","08","2023","2023","Arboviral diseases, Eastern equine encephalitis virus disease, Non-neuroinvasive","10062",0
,"Colorado","08","2023","2023","Arboviral diseases, Jamestown Canyon  virus disease, Neuroinvasive","10078",0
,"Colorado","08","2023","2023","Arboviral diseases, Jamestown Canyon  virus disease, Non-neuroinvasive","10079",0
,"Colorado","08","2023","2023","Arboviral diseases, La Crosse  virus disease, Neuroinvasive","10081",0
,"Colorado","08","2023","2023","Arboviral diseases, La Crosse  virus disease, Non-neuroinvasive","10082",0
,"Colorado","08","2023","2023","Arboviral diseases, Powassan virus disease, Neuroinvasive","10057",0
,"Colorado","08","2023","2023","Arboviral diseases, Powassan virus disease, Non-neuroinvasive","10063",0
,"Colorado","08","2023","2023","Arboviral diseases, St. Louis encephalitis virus disease, Neuroinvasive","10051",0
,"Colorado","08","2023","2023","Arboviral diseases, St. Louis encephalitis virus disease, Non-neuroinvasive","10064",0
,"Colorado","08","2023","2023","Arboviral diseases, West Nile virus disease, Neuroinvasive","10056",316
,"Colorado","08","2023","2023","Arboviral diseases, West Nile virus disease, Non-neuroinvasive","10049",318
,"Colorado","08","2023","2023","Arboviral diseases, Western equine encephalitis virus disease, Neuroinvasive","10052",0
,"Colorado","08","2023","2023","Arboviral diseases, Western equine encephalitis virus disease, Non-neuroinvasive","10065",0
,"Colorado","08","2023","2023","Babesiosis, Total","12010",Not Reportable
,"Colorado","08","2023","2023","Babesiosis, Confirmed","12011",Not Reportable
,"Colorado","08","2023","2023","Babesiosis, Probable","12012",Not Reportable
,"Colorado","08","2023","2023","Botulism, Total","10360",4
,"Colorado","08","2023","2023","Botulism, Foodborne","10530",2
,"Colorado","08","2023","2023","Botulism, Infant","10540",2
,"Colorado","08","2023","2023","Botulism, Other (wound & unspecified)","10550",0
,"Colorado","08","2023","2023","Brucellosis","10020",1
,"Colorado","08","2023","2023","Campylobacteriosis","11020",1717
,"Colorado","08","2023","2023","Candida auris, clinical","50263",0
,"Colorado","08","2023","2023","Candida auris, screening","50264",0
,"Colorado","08","2023","2023","Carbapenemase-producing carbapenem-resistant Enterobacteriaceae","50244",0
,"Colorado","08","2023","2023","Carbapenemase-Producing Organisms (CPO),Total","50272",0
,"Colorado","08","2023","2023","Chancroid","10273",0
,"Colorado","08","2023","2023","Chlamydia trachomatis infection","10274",25571
,"Colorado","08","2023","2023","Cholera","10470",0
,"Colorado","08","2023","2023","Coccidioidomycosis","11900",Not Reportable
,"Colorado","08","2023","2023","Coccidioidomycosis, confirmed","11901",Not Reportable
,"Colorado","08","2023","2023","Coccidioidomycosis, probable","11902",Not Reportable
,"Colorado","08","2023","2023","Coronavirus Disease 2019 (COVID-19), Total","11065",116668
,"Colorado","08","2023","2023","Coronavirus Disease 2019 (COVID-19), Confirmed","11067",83543
,"Colorado","08","2023","2023","Coronavirus Disease 2019 (COVID-19), Probable","11068",33125
,"Colorado","08","2023","2023","Cryptosporidiosis, Total","11580",277
,"Colorado","08","2023","2023","Cryptosporidiosis, Confirmed","11582",237
,"Colorado","08","2023","2023","Cryptosporidiosis, Probable","11583",40
,"Colorado","08","2023","2023","Cyclosporiasis","11575",264
,"Colorado","08","2023","2023","Dengue virus infections, Dengue","10680",22
,"Colorado","08","2023","2023","Dengue virus infections, Dengue-like illness","11704",0
,"Colorado","08","2023","2023","Dengue virus infections, Severe dengue","11705",0
,"Colorado","08","2023","2023","Diphtheria","10040",0
,"Colorado","08","2023","2023","Ehrlichiosis and Anaplasmosis, Anaplasma phagocytophilum infection","11090",Not Reportable
,"Colorado","08","2023","2023","Ehrlichiosis and Anaplasmosis, Ehrlichia chaffeensis infection","11088",Not Reportable
,"Colorado","08","2023","2023","Ehrlichiosis and Anaplasmosis, Ehrlichia ewingii infection","11089",Not Reportable
,"Colorado","08","2023","2023","Ehrlichiosis and Anaplasmosis, Undetermined ehrlichiosis/anaplasmosis","11091",Not Reportable
,"Colorado","08","2023","2023","Giardiasis","11570",690
,"Colorado","08","2023","2023","Gonorrhea","10280",7563
,"Colorado","08","2023","2023","Haemophilus influenzae, invasive disease, All ages, all serotypes","10590",129
,"Colorado","08","2023","2023","Haemophilus influenzae, invasive disease, Age <5 years, Serotype b","10591",1
,"Colorado","08","2023","2023","Haemophilus influenzae, invasive disease, Age <5 years, Non-b serotype","10593",1
,"Colorado","08","2023","2023","Haemophilus influenzae, invasive disease, Age <5 years, Nontypeable","10592",10
,"Colorado","08","2023","2023","Haemophilus influenzae, invasive disease, Age <5 years, Unknown serotype","10597",4
,"Colorado","08","2023","2023","Hansen's disease","10380",1
,"Colorado","08","2023","2023","Hantavirus infection, non-hantavirus pulmonary syndrome","11610",0
,"Colorado","08","2023","2023","Hantavirus pulmonary syndrome","11590",2
,"Colorado","08","2023","2023","Hemolytic uremic syndrome post-diarrheal","11550",7
,"Colorado","08","2023","2023","Hepatitis, A","10110",23
,"Colorado","08","2023","2023","Hepatitis, B, acute","10100",12
,"Colorado","08","2023","2023","Hepatitis, B, perinatal infection","10104",0
,"Colorado","08","2023","2023","Hepatitis, C, acute","10101",26
,"Colorado","08","2023","2023","Hepatitis, C, acute, Confirmed","50228",25
,"Colorado","08","2023","2023","Hepatitis, C, acute, Probable","50229",1
,"Colorado","08","2023","2023","Hepatitis, C, perinatal infection","50248",2
,"Colorado","08","2023","2023","Human immunodeficiency virus diagnoses","10560",482
,"Colorado","08","2023","2023","Influenza-associated pediatric mortality","11061",2
,"Colorado","08","2023","2023","Invasive pneumococcal disease, All ages","11723",670
,"Colorado","08","2023","2023","Invasive pneumococcal disease, All ages, Confirmed","50230",667
,"Colorado","08","2023","2023","Invasive pneumococcal disease, All ages, Probable","50231",3
,"Colorado","08","2023","2023","Invasive pneumococcal disease, Age <5 years","11722",35
,"Colorado","08","2023","2023","Invasive pneumococcal disease, Age <5 years, Confirmed","50232",35
,"Colorado","08","2023","2023","Invasive pneumococcal disease, Age <5 years, Probable","50233",0
,"Colorado","08","2023","2023","Legionellosis","10490",132
,"Colorado","08","2023","2023","Leptospirosis","10390",Not Reportable
,"Colorado","08","2023","2023","Listeriosis, Total","10640",7
,"Colorado","08","2023","2023","Listeriosis, Confirmed","10641",7
,"Colorado","08","2023","2023","Listeriosis, Probable","10642",0
,"Colorado","08","2023","2023","Lyme disease, Total","11080",32
,"Colorado","08","2023","2023","Lyme disease, Confirmed","11081",27
,"Colorado","08","2023","2023","Lyme disease, Probable","11082",5
,"Colorado","08","2023","2023","Malaria","10130",47
,"Colorado","08","2023","2023","Measles, Total","10140",1
,"Colorado","08","2023","2023","Measles, Indigenous","10500",0
,"Colorado","08","2023","2023","Measles, Imported","10510",1
,"Colorado","08","2023","2023","Melioidosis","11585",0
,"Colorado","08","2023","2023","Meningococcal disease, All serogroups","10150",17
,"Colorado","08","2023","2023","Meningococcal disease, Serogroups ACWY","10151",9
,"Colorado","08","2023","2023","Meningococcal disease, Serogroup B","10152",2
,"Colorado","08","2023","2023","Meningococcal disease, Other serogroups","10153",5
,"Colorado","08","2023","2023","Meningococcal disease, Unknown serogroup","10154",1
,"Colorado","08","2023","2023","Mpox","11801",15
,"Colorado","08","2023","2023","Mumps","10180",13
,"Colorado","08","2023","2023","Novel Influenza A virus infections","11062",0
,"Colorado","08","2023","2023","Paratyphoid fever","50236",0
,"Colorado","08","2023","2023","Pertussis","10190",216
,"Colorado","08","2023","2023","Plague","10440",2
,"Colorado","08","2023","2023","Poliomyelitis, paralytic","10410",0
,"Colorado","08","2023","2023","Poliovirus infection, nonparalytic","10405",0
,"Colorado","08","2023","2023","Psittacosis","10450",0
,"Colorado","08","2023","2023","Q fever, Total","10259",0
,"Colorado","08","2023","2023","Q fever, Acute","10257",0
,"Colorado","08","2023","2023","Q fever, Chronic","10258",0
,"Colorado","08","2023","2023","Rabies, Animal","10340",56
,"Colorado","08","2023","2023","Rabies, Human","10460",0
,"Colorado","08","2023","2023","Rubella","10200",0
,"Colorado","08","2023","2023","Rubella, congenital syndrome","10370",0
,"Colorado","08","2023","2023","Salmonella Paratyphi infection","50266",1
,"Colorado","08","2023","2023","Salmonella Typhi infection","50267",6
,"Colorado","08","2023","2023","Salmonellosis","11000",0
,"Colorado","08","2023","2023","Salmonellosis (excluding paratyphoid fever and typhoid fever)","50242",0
,"Colorado","08","2023","2023","Salmonellosis (excluding S. Typhi infection and S. Paratyphi infection)","50265",917
,"Colorado","08","2023","2023","Severe acute respiratory syndrome-associated coronavirus disease","10575",0
,"Colorado","08","2023","2023","Shiga toxin-producing Escherichia coli (STEC)","11563",638
,"Colorado","08","2023","2023","Shigellosis","11010",463
,"Colorado","08","2023","2023","Smallpox","11800",0
,"Colorado","08","2023","2023","Spotted fever rickettsiosis, Total","10250",2
,"Colorado","08","2023","2023","Spotted fever rickettsiosis, Confirmed","10253",0
,"Colorado","08","2023","2023","Spotted fever rickettsiosis, Probable","10254",2
,"Colorado","08","2023","2023","Streptococcal toxic shock syndrome","11700",1
,"Colorado","08","2023","2023","Syphilis, Total, all stages","10399",3269
,"Colorado","08","2023","2023","Syphilis, Congenital","10316",51
,"Colorado","08","2023","2023","Syphilis, Primary and secondary","10310",938
,"Colorado","08","2023","2023","Tetanus","10210",1
,"Colorado","08","2023","2023","Toxic shock syndrome (other than Streptococcal)","10520",0
,"Colorado","08","2023","2023","Trichinellosis","10270",0
,"Colorado","08","2023","2023","Tuberculosis","10220",89
,"Colorado","08","2023","2023","Tularemia","10230",11
,"Colorado","08","2023","2023","Typhoid fever","10240",0
,"Colorado","08","2023","2023","Vancomycin-intermediate Staphylococcus aureus","11663",0
,"Colorado","08","2023","2023","Vancomycin-resistant Staphylococcus aureus","11665",0
,"Colorado","08","2023","2023","Varicella morbidity","10030",439
,"Colorado","08","2023","2023","Varicella mortality","10031",Not Reportable
,"Colorado","08","2023","2023","Vibriosis, Total","11545",90
,"Colorado","08","2023","2023","Vibriosis, Confirmed","50234",38
,"Colorado","08","2023","2023","Vibriosis, Probable","50235",52
,"Colorado","08","2023","2023","Viral hemorrhagic fevers","11647",0
,"Colorado","08","2023","2023","Viral hemorrhagic fevers, Chapare virus","11649",0
,"Colorado","08","2023","2023","Viral hemorrhagic fevers, Crimean-Congo hemorrhagic fever virus","11640",0
,"Colorado","08","2023","2023","Viral hemorrhagic fevers, Ebola virus","11630",0
,"Colorado","08","2023","2023","Viral hemorrhagic fevers, Guanarito virus","11648",0
,"Colorado","08","2023","2023","Viral hemorrhagic fevers, Junin virus","11638",0
,"Colorado","08","2023","2023","Viral hemorrhagic fevers, Lassa virus","11632",0
,"Colorado","08","2023","2023","Viral hemorrhagic fevers, Lujo virus","11644",0
,"Colorado","08","2023","2023","Viral hemorrhagic fevers, Machupo virus","11637",0
,"Colorado","08","2023","2023","Viral hemorrhagic fevers, Marburg virus","11631",0
,"Colorado","08","2023","2023","Viral hemorrhagic fevers, Sabia virus","11639",0
,"Colorado","08","2023","2023","Yellow fever","10660",0
,"Colorado","08","2023","2023","Zika virus, Zika virus disease, congenital","50224",0
,"Colorado","08","2023","2023","Zika virus, Zika virus disease, non-congenital","50223",0
,"Colorado","08","2023","2023","Zika virus, Zika virus infection, congenital","50222",0
,"Colorado","08","2023","2023","Zika virus, Zika virus infection, non-congenital","50221",0
,"Connecticut","09","2023","2023","Anthrax","10350",0
,"Connecticut","09","2023","2023","Arboviral diseases, Chikungunya virus disease","10073",2
,"Connecticut","09","2023","2023","Arboviral diseases, Eastern equine encephalitis virus disease, Neuroinvasive","10053",0
,"Connecticut","09","2023","2023","Arboviral diseases, Eastern equine encephalitis virus disease, Non-neuroinvasive","10062",0
,"Connecticut","09","2023","2023","Arboviral diseases, Jamestown Canyon  virus disease, Neuroinvasive","10078",0
,"Connecticut","09","2023","2023","Arboviral diseases, Jamestown Canyon  virus disease, Non-neuroinvasive","10079",0
,"Connecticut","09","2023","2023","Arboviral diseases, La Crosse  virus disease, Neuroinvasive","10081",0
,"Connecticut","09","2023","2023","Arboviral diseases, La Crosse  virus disease, Non-neuroinvasive","10082",0
,"Connecticut","09","2023","2023","Arboviral diseases, Powassan virus disease, Neuroinvasive","10057",5
,"Connecticut","09","2023","2023","Arboviral diseases, Powassan virus disease, Non-neuroinvasive","10063",0
,"Connecticut","09","2023","2023","Arboviral diseases, St. Louis encephalitis virus disease, Neuroinvasive","10051",0
,"Connecticut","09","2023","2023","Arboviral diseases, St. Louis encephalitis virus disease, Non-neuroinvasive","10064",0
,"Connecticut","09","2023","2023","Arboviral diseases, West Nile virus disease, Neuroinvasive","10056",4
,"Connecticut","09","2023","2023","Arboviral diseases, West Nile virus disease, Non-neuroinvasive","10049",3
,"Connecticut","09","2023","2023","Arboviral diseases, Western equine encephalitis virus disease, Neuroinvasive","10052",0
,"Connecticut","09","2023","2023","Arboviral diseases, Western equine encephalitis virus disease, Non-neuroinvasive","10065",0
,"Connecticut","09","2023","2023","Babesiosis, Total","12010",246
,"Connecticut","09","2023","2023","Babesiosis, Confirmed","12011",196
,"Connecticut","09","2023","2023","Babesiosis, Probable","12012",50
,"Connecticut","09","2023","2023","Botulism, Total","10360",2
,"Connecticut","09","2023","2023","Botulism, Foodborne","10530",1
,"Connecticut","09","2023","2023","Botulism, Infant","10540",1
,"Connecticut","09","2023","2023","Botulism, Other (wound & unspecified)","10550",0
,"Connecticut","09","2023","2023","Brucellosis","10020",0
,"Connecticut","09","2023","2023","Campylobacteriosis","11020",838
,"Connecticut","09","2023","2023","Candida auris, clinical","50263",0
,"Connecticut","09","2023","2023","Candida auris, screening","50264",0
,"Connecticut","09","2023","2023","Carbapenemase-producing carbapenem-resistant Enterobacteriaceae","50244",0
,"Connecticut","09","2023","2023","Carbapenemase-Producing Organisms (CPO),Total","50272",0
,"Connecticut","09","2023","2023","Chancroid","10273",0
,"Connecticut","09","2023","2023","Chlamydia trachomatis infection","10274",13197
,"Connecticut","09","2023","2023","Cholera","10470",0
,"Connecticut","09","2023","2023","Coccidioidomycosis","11900",Not Reportable
,"Connecticut","09","2023","2023","Coccidioidomycosis, confirmed","11901",Not Reportable
,"Connecticut","09","2023","2023","Coccidioidomycosis, probable","11902",Not Reportable
,"Connecticut","09","2023","2023","Coronavirus Disease 2019 (COVID-19), Total","11065",82757
,"Connecticut","09","2023","2023","Coronavirus Disease 2019 (COVID-19), Confirmed","11067",74093
,"Connecticut","09","2023","2023","Coronavirus Disease 2019 (COVID-19), Probable","11068",8664
,"Connecticut","09","2023","2023","Cryptosporidiosis, Total","11580",48
,"Connecticut","09","2023","2023","Cryptosporidiosis, Confirmed","11582",46
,"Connecticut","09","2023","2023","Cryptosporidiosis, Probable","11583",2
,"Connecticut","09","2023","2023","Cyclosporiasis","11575",38
,"Connecticut","09","2023","2023","Dengue virus infections, Dengue","10680",13
,"Connecticut","09","2023","2023","Dengue virus infections, Dengue-like illness","11704",0
,"Connecticut","09","2023","2023","Dengue virus infections, Severe dengue","11705",0
,"Connecticut","09","2023","2023","Diphtheria","10040",0
,"Connecticut","09","2023","2023","Ehrlichiosis and Anaplasmosis, Anaplasma phagocytophilum infection","11090",65
,"Connecticut","09","2023","2023","Ehrlichiosis and Anaplasmosis, Ehrlichia chaffeensis infection","11088",6
,"Connecticut","09","2023","2023","Ehrlichiosis and Anaplasmosis, Ehrlichia ewingii infection","11089",Not Reportable
,"Connecticut","09","2023","2023","Ehrlichiosis and Anaplasmosis, Undetermined ehrlichiosis/anaplasmosis","11091",Not Reportable
,"Connecticut","09","2023","2023","Giardiasis","11570",189
,"Connecticut","09","2023","2023","Gonorrhea","10280",4098
,"Connecticut","09","2023","2023","Haemophilus influenzae, invasive disease, All ages, all serotypes","10590",78
,"Connecticut","09","2023","2023","Haemophilus influenzae, invasive disease, Age <5 years, Serotype b","10591",0
,"Connecticut","09","2023","2023","Haemophilus influenzae, invasive disease, Age <5 years, Non-b serotype","10593",2
,"Connecticut","09","2023","2023","Haemophilus influenzae, invasive disease, Age <5 years, Nontypeable","10592",0
,"Connecticut","09","2023","2023","Haemophilus influenzae, invasive disease, Age <5 years, Unknown serotype","10597",0
,"Connecticut","09","2023","2023","Hansen's disease","10380",2
,"Connecticut","09","2023","2023","Hantavirus infection, non-hantavirus pulmonary syndrome","11610",Not Reportable
,"Connecticut","09","2023","2023","Hantavirus pulmonary syndrome","11590",Not Reportable
,"Connecticut","09","2023","2023","Hemolytic uremic syndrome post-diarrheal","11550",2
,"Connecticut","09","2023","2023","Hepatitis, A","10110",2
,"Connecticut","09","2023","2023","Hepatitis, B, acute","10100",1
,"Connecticut","09","2023","2023","Hepatitis, B, perinatal infection","10104",0
,"Connecticut","09","2023","2023","Hepatitis, C, acute","10101",4
,"Connecticut","09","2023","2023","Hepatitis, C, acute, Confirmed","50228",4
,"Connecticut","09","2023","2023","Hepatitis, C, acute, Probable","50229",0
,"Connecticut","09","2023","2023","Hepatitis, C, perinatal infection","50248",0
,"Connecticut","09","2023","2023","Human immunodeficiency virus diagnoses","10560",242
,"Connecticut","09","2023","2023","Influenza-associated pediatric mortality","11061",0
,"Connecticut","09","2023","2023","Invasive pneumococcal disease, All ages","11723",260
,"Connecticut","09","2023","2023","Invasive pneumococcal disease, All ages, Confirmed","50230",260
,"Connecticut","09","2023","2023","Invasive pneumococcal disease, All ages, Probable","50231",0
,"Connecticut","09","2023","2023","Invasive pneumococcal disease, Age <5 years","11722",6
,"Connecticut","09","2023","2023","Invasive pneumococcal disease, Age <5 years, Confirmed","50232",6
,"Connecticut","09","2023","2023","Invasive pneumococcal disease, Age <5 years, Probable","50233",0
,"Connecticut","09","2023","2023","Legionellosis","10490",123
,"Connecticut","09","2023","2023","Leptospirosis","10390",Not Reportable
,"Connecticut","09","2023","2023","Listeriosis, Total","10640",17
,"Connecticut","09","2023","2023","Listeriosis, Confirmed","10641",17
,"Connecticut","09","2023","2023","Listeriosis, Probable","10642",0
,"Connecticut","09","2023","2023","Lyme disease, Total","11080",3239
,"Connecticut","09","2023","2023","Lyme disease, Confirmed","11081",0
,"Connecticut","09","2023","2023","Lyme disease, Probable","11082",3239
,"Connecticut","09","2023","2023","Malaria","10130",15
,"Connecticut","09","2023","2023","Measles, Total","10140",0
,"Connecticut","09","2023","2023","Measles, Indigenous","10500",0
,"Connecticut","09","2023","2023","Measles, Imported","10510",0
,"Connecticut","09","2023","2023","Melioidosis","11585",0
,"Connecticut","09","2023","2023","Meningococcal disease, All serogroups","10150",5
,"Connecticut","09","2023","2023","Meningococcal disease, Serogroups ACWY","10151",4
,"Connecticut","09","2023","2023","Meningococcal disease, Serogroup B","10152",0
,"Connecticut","09","2023","2023","Meningococcal disease, Other serogroups","10153",0
,"Connecticut","09","2023","2023","Meningococcal disease, Unknown serogroup","10154",1
,"Connecticut","09","2023","2023","Mpox","11801",4
,"Connecticut","09","2023","2023","Mumps","10180",2
,"Connecticut","09","2023","2023","Novel Influenza A virus infections","11062",0
,"Connecticut","09","2023","2023","Paratyphoid fever","50236",0
,"Connecticut","09","2023","2023","Pertussis","10190",11
,"Connecticut","09","2023","2023","Plague","10440",0
,"Connecticut","09","2023","2023","Poliomyelitis, paralytic","10410",0
,"Connecticut","09","2023","2023","Poliovirus infection, nonparalytic","10405",0
,"Connecticut","09","2023","2023","Psittacosis","10450",Not Reportable
,"Connecticut","09","2023","2023","Q fever, Total","10259",1
,"Connecticut","09","2023","2023","Q fever, Acute","10257",1
,"Connecticut","09","2023","2023","Q fever, Chronic","10258",0
,"Connecticut","09","2023","2023","Rabies, Animal","10340",36
,"Connecticut","09","2023","2023","Rabies, Human","10460",0
,"Connecticut","09","2023","2023","Rubella","10200",0
,"Connecticut","09","2023","2023","Rubella, congenital syndrome","10370",0
,"Connecticut","09","2023","2023","Salmonella Paratyphi infection","50266",1
,"Connecticut","09","2023","2023","Salmonella Typhi infection","50267",9
,"Connecticut","09","2023","2023","Salmonellosis","11000",0
,"Connecticut","09","2023","2023","Salmonellosis (excluding paratyphoid fever and typhoid fever)","50242",0
,"Connecticut","09","2023","2023","Salmonellosis (excluding S. Typhi infection and S. Paratyphi infection)","50265",499
,"Connecticut","09","2023","2023","Severe acute respiratory syndrome-associated coronavirus disease","10575",0
,"Connecticut","09","2023","2023","Shiga toxin-producing Escherichia coli (STEC)","11563",146
,"Connecticut","09","2023","2023","Shigellosis","11010",173
,"Connecticut","09","2023","2023","Smallpox","11800",0
,"Connecticut","09","2023","2023","Spotted fever rickettsiosis, Total","10250",9
,"Connecticut","09","2023","2023","Spotted fever rickettsiosis, Confirmed","10253",1
,"Connecticut","09","2023","2023","Spotted fever rickettsiosis, Probable","10254",8
,"Connecticut","09","2023","2023","Streptococcal toxic shock syndrome","11700",49
,"Connecticut","09","2023","2023","Syphilis, Total, all stages","10399",858
,"Connecticut","09","2023","2023","Syphilis, Congenital","10316",2
,"Connecticut","09","2023","2023","Syphilis, Primary and secondary","10310",250
,"Connecticut","09","2023","2023","Tetanus","10210",0
,"Connecticut","09","2023","2023","Toxic shock syndrome (other than Streptococcal)","10520",Not Reportable
,"Connecticut","09","2023","2023","Trichinellosis","10270",0
,"Connecticut","09","2023","2023","Tuberculosis","10220",66
,"Connecticut","09","2023","2023","Tularemia","10230",0
,"Connecticut","09","2023","2023","Typhoid fever","10240",0
,"Connecticut","09","2023","2023","Vancomycin-intermediate Staphylococcus aureus","11663",1
,"Connecticut","09","2023","2023","Vancomycin-resistant Staphylococcus aureus","11665",0
,"Connecticut","09","2023","2023","Varicella morbidity","10030",60
,"Connecticut","09","2023","2023","Varicella mortality","10031",0
,"Connecticut","09","2023","2023","Vibriosis, Total","11545",46
,"Connecticut","09","2023","2023","Vibriosis, Confirmed","50234",21
,"Connecticut","09","2023","2023","Vibriosis, Probable","50235",25
,"Connecticut","09","2023","2023","Viral hemorrhagic fevers","11647",0
,"Connecticut","09","2023","2023","Viral hemorrhagic fevers, Chapare virus","11649",0
,"Connecticut","09","2023","2023","Viral hemorrhagic fevers, Crimean-Congo hemorrhagic fever virus","11640",0
,"Connecticut","09","2023","2023","Viral hemorrhagic fevers, Ebola virus","11630",0
,"Connecticut","09","2023","2023","Viral hemorrhagic fevers, Guanarito virus","11648",0
,"Connecticut","09","2023","2023","Viral hemorrhagic fevers, Junin virus","11638",0
,"Connecticut","09","2023","2023","Viral hemorrhagic fevers, Lassa virus","11632",0
,"Connecticut","09","2023","2023","Viral hemorrhagic fevers, Lujo virus","11644",0
,"Connecticut","09","2023","2023","Viral hemorrhagic fevers, Machupo virus","11637",0
,"Connecticut","09","2023","2023","Viral hemorrhagic fevers, Marburg virus","11631",0
,"Connecticut","09","2023","2023","Viral hemorrhagic fevers, Sabia virus","11639",0
,"Connecticut","09","2023","2023","Yellow fever","10660",0
,"Connecticut","09","2023","2023","Zika virus, Zika virus disease, congenital","50224",0
,"Connecticut","09","2023","2023","Zika virus, Zika virus disease, non-congenital","50223",0
,"Connecticut","09","2023","2023","Zika virus, Zika virus infection, congenital","50222",0
,"Connecticut","09","2023","2023","Zika virus, Zika virus infection, non-congenital","50221",0
,"Delaware","10","2023","2023","Anthrax","10350",0
,"Delaware","10","2023","2023","Arboviral diseases, Chikungunya virus disease","10073",0
,"Delaware","10","2023","2023","Arboviral diseases, Eastern equine encephalitis virus disease, Neuroinvasive","10053",0
,"Delaware","10","2023","2023","Arboviral diseases, Eastern equine encephalitis virus disease, Non-neuroinvasive","10062",0
,"Delaware","10","2023","2023","Arboviral diseases, Jamestown Canyon  virus disease, Neuroinvasive","10078",0
,"Delaware","10","2023","2023","Arboviral diseases, Jamestown Canyon  virus disease, Non-neuroinvasive","10079",0
,"Delaware","10","2023","2023","Arboviral diseases, La Crosse  virus disease, Neuroinvasive","10081",0
,"Delaware","10","2023","2023","Arboviral diseases, La Crosse  virus disease, Non-neuroinvasive","10082",0
,"Delaware","10","2023","2023","Arboviral diseases, Powassan virus disease, Neuroinvasive","10057",0
,"Delaware","10","2023","2023","Arboviral diseases, Powassan virus disease, Non-neuroinvasive","10063",0
,"Delaware","10","2023","2023","Arboviral diseases, St. Louis encephalitis virus disease, Neuroinvasive","10051",0
,"Delaware","10","2023","2023","Arboviral diseases, St. Louis encephalitis virus disease, Non-neuroinvasive","10064",0
,"Delaware","10","2023","2023","Arboviral diseases, West Nile virus disease, Neuroinvasive","10056",4
,"Delaware","10","2023","2023","Arboviral diseases, West Nile virus disease, Non-neuroinvasive","10049",0
,"Delaware","10","2023","2023","Arboviral diseases, Western equine encephalitis virus disease, Neuroinvasive","10052",0
,"Delaware","10","2023","2023","Arboviral diseases, Western equine encephalitis virus disease, Non-neuroinvasive","10065",0
,"Delaware","10","2023","2023","Babesiosis, Total","12010",3
,"Delaware","10","2023","2023","Babesiosis, Confirmed","12011",2
,"Delaware","10","2023","2023","Babesiosis, Probable","12012",1
,"Delaware","10","2023","2023","Botulism, Total","10360",3
,"Delaware","10","2023","2023","Botulism, Foodborne","10530",0
,"Delaware","10","2023","2023","Botulism, Infant","10540",3
,"Delaware","10","2023","2023","Botulism, Other (wound & unspecified)","10550",0
,"Delaware","10","2023","2023","Brucellosis","10020",0
,"Delaware","10","2023","2023","Campylobacteriosis","11020",210
,"Delaware","10","2023","2023","Candida auris, clinical","50263",23
,"Delaware","10","2023","2023","Candida auris, screening","50264",46
,"Delaware","10","2023","2023","Carbapenemase-producing carbapenem-resistant Enterobacteriaceae","50244",0
,"Delaware","10","2023","2023","Carbapenemase-Producing Organisms (CPO),Total","50272",16
,"Delaware","10","2023","2023","Chancroid","10273",0
,"Delaware","10","2023","2023","Chlamydia trachomatis infection","10274",5703
,"Delaware","10","2023","2023","Cholera","10470",0
,"Delaware","10","2023","2023","Coccidioidomycosis","11900",2
,"Delaware","10","2023","2023","Coccidioidomycosis, confirmed","11901",1
,"Delaware","10","2023","2023","Coccidioidomycosis, probable","11902",1
,"Delaware","10","2023","2023","Coronavirus Disease 2019 (COVID-19), Total","11065",22394
,"Delaware","10","2023","2023","Coronavirus Disease 2019 (COVID-19), Confirmed","11067",16594
,"Delaware","10","2023","2023","Coronavirus Disease 2019 (COVID-19), Probable","11068",5800
,"Delaware","10","2023","2023","Cryptosporidiosis, Total","11580",31
,"Delaware","10","2023","2023","Cryptosporidiosis, Confirmed","11582",0
,"Delaware","10","2023","2023","Cryptosporidiosis, Probable","11583",31
,"Delaware","10","2023","2023","Cyclosporiasis","11575",8
,"Delaware","10","2023","2023","Dengue virus infections, Dengue","10680",5
,"Delaware","10","2023","2023","Dengue virus infections, Dengue-like illness","11704",0
,"Delaware","10","2023","2023","Dengue virus infections, Severe dengue","11705",0
,"Delaware","10","2023","2023","Diphtheria","10040",0
,"Delaware","10","2023","2023","Ehrlichiosis and Anaplasmosis, Anaplasma phagocytophilum infection","11090",5
,"Delaware","10","2023","2023","Ehrlichiosis and Anaplasmosis, Ehrlichia chaffeensis infection","11088",18
,"Delaware","10","2023","2023","Ehrlichiosis and Anaplasmosis, Ehrlichia ewingii infection","11089",0
,"Delaware","10","2023","2023","Ehrlichiosis and Anaplasmosis, Undetermined ehrlichiosis/anaplasmosis","11091",0
,"Delaware","10","2023","2023","Giardiasis","11570",41
,"Delaware","10","2023","2023","Gonorrhea","10280",1567
,"Delaware","10","2023","2023","Haemophilus influenzae, invasive disease, All ages, all serotypes","10590",30
,"Delaware","10","2023","2023","Haemophilus influenzae, invasive disease, Age <5 years, Serotype b","10591",0
,"Delaware","10","2023","2023","Haemophilus influenzae, invasive disease, Age <5 years, Non-b serotype","10593",0
,"Delaware","10","2023","2023","Haemophilus influenzae, invasive disease, Age <5 years, Nontypeable","10592",0
,"Delaware","10","2023","2023","Haemophilus influenzae, invasive disease, Age <5 years, Unknown serotype","10597",1
,"Delaware","10","2023","2023","Hansen's disease","10380",0
,"Delaware","10","2023","2023","Hantavirus infection, non-hantavirus pulmonary syndrome","11610",0
,"Delaware","10","2023","2023","Hantavirus pulmonary syndrome","11590",0
,"Delaware","10","2023","2023","Hemolytic uremic syndrome post-diarrheal","11550",0
,"Delaware","10","2023","2023","Hepatitis, A","10110",13
,"Delaware","10","2023","2023","Hepatitis, B, acute","10100",10
,"Delaware","10","2023","2023","Hepatitis, B, perinatal infection","10104",0
,"Delaware","10","2023","2023","Hepatitis, C, acute","10101",32
,"Delaware","10","2023","2023","Hepatitis, C, acute, Confirmed","50228",31
,"Delaware","10","2023","2023","Hepatitis, C, acute, Probable","50229",1
,"Delaware","10","2023","2023","Hepatitis, C, perinatal infection","50248",5
,"Delaware","10","2023","2023","Human immunodeficiency virus diagnoses","10560",103
,"Delaware","10","2023","2023","Influenza-associated pediatric mortality","11061",0
,"Delaware","10","2023","2023","Invasive pneumococcal disease, All ages","11723",109
,"Delaware","10","2023","2023","Invasive pneumococcal disease, All ages, Confirmed","50230",109
,"Delaware","10","2023","2023","Invasive pneumococcal disease, All ages, Probable","50231",0
,"Delaware","10","2023","2023","Invasive pneumococcal disease, Age <5 years","11722",4
,"Delaware","10","2023","2023","Invasive pneumococcal disease, Age <5 years, Confirmed","50232",4
,"Delaware","10","2023","2023","Invasive pneumococcal disease, Age <5 years, Probable","50233",0
,"Delaware","10","2023","2023","Legionellosis","10490",30
,"Delaware","10","2023","2023","Leptospirosis","10390",0
,"Delaware","10","2023","2023","Listeriosis, Total","10640",8
,"Delaware","10","2023","2023","Listeriosis, Confirmed","10641",8
,"Delaware","10","2023","2023","Listeriosis, Probable","10642",0
,"Delaware","10","2023","2023","Lyme disease, Total","11080",349
,"Delaware","10","2023","2023","Lyme disease, Confirmed","11081",0
,"Delaware","10","2023","2023","Lyme disease, Probable","11082",349
,"Delaware","10","2023","2023","Malaria","10130",13
,"Delaware","10","2023","2023","Measles, Total","10140",0
,"Delaware","10","2023","2023","Measles, Indigenous","10500",0
,"Delaware","10","2023","2023","Measles, Imported","10510",0
,"Delaware","10","2023","2023","Melioidosis","11585",0
,"Delaware","10","2023","2023","Meningococcal disease, All serogroups","10150",1
,"Delaware","10","2023","2023","Meningococcal disease, Serogroups ACWY","10151",0
,"Delaware","10","2023","2023","Meningococcal disease, Serogroup B","10152",0
,"Delaware","10","2023","2023","Meningococcal disease, Other serogroups","10153",0
,"Delaware","10","2023","2023","Meningococcal disease, Unknown serogroup","10154",1
,"Delaware","10","2023","2023","Mpox","11801",1
,"Delaware","10","2023","2023","Mumps","10180",1
,"Delaware","10","2023","2023","Novel Influenza A virus infections","11062",0
,"Delaware","10","2023","2023","Paratyphoid fever","50236",0
,"Delaware","10","2023","2023","Pertussis","10190",2
,"Delaware","10","2023","2023","Plague","10440",0
,"Delaware","10","2023","2023","Poliomyelitis, paralytic","10410",0
,"Delaware","10","2023","2023","Poliovirus infection, nonparalytic","10405",0
,"Delaware","10","2023","2023","Psittacosis","10450",0
,"Delaware","10","2023","2023","Q fever, Total","10259",0
,"Delaware","10","2023","2023","Q fever, Acute","10257",0
,"Delaware","10","2023","2023","Q fever, Chronic","10258",0
,"Delaware","10","2023","2023","Rabies, Animal","10340",7
,"Delaware","10","2023","2023","Rabies, Human","10460",0
,"Delaware","10","2023","2023","Rubella","10200",1
,"Delaware","10","2023","2023","Rubella, congenital syndrome","10370",0
,"Delaware","10","2023","2023","Salmonella Paratyphi infection","50266",2
,"Delaware","10","2023","2023","Salmonella Typhi infection","50267",1
,"Delaware","10","2023","2023","Salmonellosis","11000",0
,"Delaware","10","2023","2023","Salmonellosis (excluding paratyphoid fever and typhoid fever)","50242",0
,"Delaware","10","2023","2023","Salmonellosis (excluding S. Typhi infection and S. Paratyphi infection)","50265",218
,"Delaware","10","2023","2023","Severe acute respiratory syndrome-associated coronavirus disease","10575",0
,"Delaware","10","2023","2023","Shiga toxin-producing Escherichia coli (STEC)","11563",48
,"Delaware","10","2023","2023","Shigellosis","11010",46
,"Delaware","10","2023","2023","Smallpox","11800",0
,"Delaware","10","2023","2023","Spotted fever rickettsiosis, Total","10250",5
,"Delaware","10","2023","2023","Spotted fever rickettsiosis, Confirmed","10253",0
,"Delaware","10","2023","2023","Spotted fever rickettsiosis, Probable","10254",5
,"Delaware","10","2023","2023","Streptococcal toxic shock syndrome","11700",0
,"Delaware","10","2023","2023","Syphilis, Total, all stages","10399",431
,"Delaware","10","2023","2023","Syphilis, Congenital","10316",5
,"Delaware","10","2023","2023","Syphilis, Primary and secondary","10310",180
,"Delaware","10","2023","2023","Tetanus","10210",0
,"Delaware","10","2023","2023","Toxic shock syndrome (other than Streptococcal)","10520",0
,"Delaware","10","2023","2023","Trichinellosis","10270",0
,"Delaware","10","2023","2023","Tuberculosis","10220",21
,"Delaware","10","2023","2023","Tularemia","10230",0
,"Delaware","10","2023","2023","Typhoid fever","10240",0
,"Delaware","10","2023","2023","Vancomycin-intermediate Staphylococcus aureus","11663",1
,"Delaware","10","2023","2023","Vancomycin-resistant Staphylococcus aureus","11665",0
,"Delaware","10","2023","2023","Varicella morbidity","10030",13
,"Delaware","10","2023","2023","Varicella mortality","10031",0
,"Delaware","10","2023","2023","Vibriosis, Total","11545",22
,"Delaware","10","2023","2023","Vibriosis, Confirmed","50234",19
,"Delaware","10","2023","2023","Vibriosis, Probable","50235",3
,"Delaware","10","2023","2023","Viral hemorrhagic fevers","11647",0
,"Delaware","10","2023","2023","Viral hemorrhagic fevers, Chapare virus","11649",0
,"Delaware","10","2023","2023","Viral hemorrhagic fevers, Crimean-Congo hemorrhagic fever virus","11640",0
,"Delaware","10","2023","2023","Viral hemorrhagic fevers, Ebola virus","11630",0
,"Delaware","10","2023","2023","Viral hemorrhagic fevers, Guanarito virus","11648",0
,"Delaware","10","2023","2023","Viral hemorrhagic fevers, Junin virus","11638",0
,"Delaware","10","2023","2023","Viral hemorrhagic fevers, Lassa virus","11632",0
,"Delaware","10","2023","2023","Viral hemorrhagic fevers, Lujo virus","11644",0
,"Delaware","10","2023","2023","Viral hemorrhagic fevers, Machupo virus","11637",0
,"Delaware","10","2023","2023","Viral hemorrhagic fevers, Marburg virus","11631",0
,"Delaware","10","2023","2023","Viral hemorrhagic fevers, Sabia virus","11639",0
,"Delaware","10","2023","2023","Yellow fever","10660",0
,"Delaware","10","2023","2023","Zika virus, Zika virus disease, congenital","50224",0
,"Delaware","10","2023","2023","Zika virus, Zika virus disease, non-congenital","50223",0
,"Delaware","10","2023","2023","Zika virus, Zika virus infection, congenital","50222",0
,"Delaware","10","2023","2023","Zika virus, Zika virus infection, non-congenital","50221",0
,"District of Columbia","11","2023","2023","Anthrax","10350",0
,"District of Columbia","11","2023","2023","Arboviral diseases, Chikungunya virus disease","10073",0
,"District of Columbia","11","2023","2023","Arboviral diseases, Eastern equine encephalitis virus disease, Neuroinvasive","10053",0
,"District of Columbia","11","2023","2023","Arboviral diseases, Eastern equine encephalitis virus disease, Non-neuroinvasive","10062",0
,"District of Columbia","11","2023","2023","Arboviral diseases, Jamestown Canyon  virus disease, Neuroinvasive","10078",0
,"District of Columbia","11","2023","2023","Arboviral diseases, Jamestown Canyon  virus disease, Non-neuroinvasive","10079",0
,"District of Columbia","11","2023","2023","Arboviral diseases, La Crosse  virus disease, Neuroinvasive","10081",0
,"District of Columbia","11","2023","2023","Arboviral diseases, La Crosse  virus disease, Non-neuroinvasive","10082",0
,"District of Columbia","11","2023","2023","Arboviral diseases, Powassan virus disease, Neuroinvasive","10057",0
,"District of Columbia","11","2023","2023","Arboviral diseases, Powassan virus disease, Non-neuroinvasive","10063",0
,"District of Columbia","11","2023","2023","Arboviral diseases, St. Louis encephalitis virus disease, Neuroinvasive","10051",0
,"District of Columbia","11","2023","2023","Arboviral diseases, St. Louis encephalitis virus disease, Non-neuroinvasive","10064",0
,"District of Columbia","11","2023","2023","Arboviral diseases, West Nile virus disease, Neuroinvasive","10056",1
,"District of Columbia","11","2023","2023","Arboviral diseases, West Nile virus disease, Non-neuroinvasive","10049",0
,"District of Columbia","11","2023","2023","Arboviral diseases, Western equine encephalitis virus disease, Neuroinvasive","10052",0
,"District of Columbia","11","2023","2023","Arboviral diseases, Western equine encephalitis virus disease, Non-neuroinvasive","10065",0
,"District of Columbia","11","2023","2023","Babesiosis, Total","12010",3
,"District of Columbia","11","2023","2023","Babesiosis, Confirmed","12011",2
,"District of Columbia","11","2023","2023","Babesiosis, Probable","12012",1
,"District of Columbia","11","2023","2023","Botulism, Total","10360",0
,"District of Columbia","11","2023","2023","Botulism, Foodborne","10530",0
,"District of Columbia","11","2023","2023","Botulism, Infant","10540",0
,"District of Columbia","11","2023","2023","Botulism, Other (wound & unspecified)","10550",0
,"District of Columbia","11","2023","2023","Brucellosis","10020",0
,"District of Columbia","11","2023","2023","Campylobacteriosis","11020",146
,"District of Columbia","11","2023","2023","Candida auris, clinical","50263",0
,"District of Columbia","11","2023","2023","Candida auris, screening","50264",0
,"District of Columbia","11","2023","2023","Carbapenemase-producing carbapenem-resistant Enterobacteriaceae","50244",0
,"District of Columbia","11","2023","2023","Carbapenemase-Producing Organisms (CPO),Total","50272",0
,"District of Columbia","11","2023","2023","Chancroid","10273",0
,"District of Columbia","11","2023","2023","Chlamydia trachomatis infection","10274",8338
,"District of Columbia","11","2023","2023","Cholera","10470",0
,"District of Columbia","11","2023","2023","Coccidioidomycosis","11900",Not Reportable
,"District of Columbia","11","2023","2023","Coccidioidomycosis, confirmed","11901",Not Reportable
,"District of Columbia","11","2023","2023","Coccidioidomycosis, probable","11902",Not Reportable
,"District of Columbia","11","2023","2023","Coronavirus Disease 2019 (COVID-19), Total","11065",10626
,"District of Columbia","11","2023","2023","Coronavirus Disease 2019 (COVID-19), Confirmed","11067",8150
,"District of Columbia","11","2023","2023","Coronavirus Disease 2019 (COVID-19), Probable","11068",2476
,"District of Columbia","11","2023","2023","Cryptosporidiosis, Total","11580",40
,"District of Columbia","11","2023","2023","Cryptosporidiosis, Confirmed","11582",40
,"District of Columbia","11","2023","2023","Cryptosporidiosis, Probable","11583",0
,"District of Columbia","11","2023","2023","Cyclosporiasis","11575",3
,"District of Columbia","11","2023","2023","Dengue virus infections, Dengue","10680",5
,"District of Columbia","11","2023","2023","Dengue virus infections, Dengue-like illness","11704",0
,"District of Columbia","11","2023","2023","Dengue virus infections, Severe dengue","11705",0
,"District of Columbia","11","2023","2023","Diphtheria","10040",0
,"District of Columbia","11","2023","2023","Ehrlichiosis and Anaplasmosis, Anaplasma phagocytophilum infection","11090",0
,"District of Columbia","11","2023","2023","Ehrlichiosis and Anaplasmosis, Ehrlichia chaffeensis infection","11088",0
,"District of Columbia","11","2023","2023","Ehrlichiosis and Anaplasmosis, Ehrlichia ewingii infection","11089",0
,"District of Columbia","11","2023","2023","Ehrlichiosis and Anaplasmosis, Undetermined ehrlichiosis/anaplasmosis","11091",1
,"District of Columbia","11","2023","2023","Giardiasis","11570",102
,"District of Columbia","11","2023","2023","Gonorrhea","10280",5794
,"District of Columbia","11","2023","2023","Haemophilus influenzae, invasive disease, All ages, all serotypes","10590",4
,"District of Columbia","11","2023","2023","Haemophilus influenzae, invasive disease, Age <5 years, Serotype b","10591",0
,"District of Columbia","11","2023","2023","Haemophilus influenzae, invasive disease, Age <5 years, Non-b serotype","10593",0
,"District of Columbia","11","2023","2023","Haemophilus influenzae, invasive disease, Age <5 years, Nontypeable","10592",0
,"District of Columbia","11","2023","2023","Haemophilus influenzae, invasive disease, Age <5 years, Unknown serotype","10597",0
,"District of Columbia","11","2023","2023","Hansen's disease","10380",0
,"District of Columbia","11","2023","2023","Hantavirus infection, non-hantavirus pulmonary syndrome","11610",Not Reportable
,"District of Columbia","11","2023","2023","Hantavirus pulmonary syndrome","11590",0
,"District of Columbia","11","2023","2023","Hemolytic uremic syndrome post-diarrheal","11550",0
,"District of Columbia","11","2023","2023","Hepatitis, A","10110",9
,"District of Columbia","11","2023","2023","Hepatitis, B, acute","10100",3
,"District of Columbia","11","2023","2023","Hepatitis, B, perinatal infection","10104",0
,"District of Columbia","11","2023","2023","Hepatitis, C, acute","10101",35
,"District of Columbia","11","2023","2023","Hepatitis, C, acute, Confirmed","50228",35
,"District of Columbia","11","2023","2023","Hepatitis, C, acute, Probable","50229",0
,"District of Columbia","11","2023","2023","Hepatitis, C, perinatal infection","50248",0
,"District of Columbia","11","2023","2023","Human immunodeficiency virus diagnoses","10560",190
,"District of Columbia","11","2023","2023","Influenza-associated pediatric mortality","11061",1
,"District of Columbia","11","2023","2023","Invasive pneumococcal disease, All ages","11723",36
,"District of Columbia","11","2023","2023","Invasive pneumococcal disease, All ages, Confirmed","50230",36
,"District of Columbia","11","2023","2023","Invasive pneumococcal disease, All ages, Probable","50231",0
,"District of Columbia","11","2023","2023","Invasive pneumococcal disease, Age <5 years","11722",5
,"District of Columbia","11","2023","2023","Invasive pneumococcal disease, Age <5 years, Confirmed","50232",5
,"District of Columbia","11","2023","2023","Invasive pneumococcal disease, Age <5 years, Probable","50233",0
,"District of Columbia","11","2023","2023","Legionellosis","10490",24
,"District of Columbia","11","2023","2023","Leptospirosis","10390",1
,"District of Columbia","11","2023","2023","Listeriosis, Total","10640",2
,"District of Columbia","11","2023","2023","Listeriosis, Confirmed","10641",1
,"District of Columbia","11","2023","2023","Listeriosis, Probable","10642",1
,"District of Columbia","11","2023","2023","Lyme disease, Total","11080",108
,"District of Columbia","11","2023","2023","Lyme disease, Confirmed","11081",0
,"District of Columbia","11","2023","2023","Lyme disease, Probable","11082",108
,"District of Columbia","11","2023","2023","Malaria","10130",20
,"District of Columbia","11","2023","2023","Measles, Total","10140",2
,"District of Columbia","11","2023","2023","Measles, Indigenous","10500",0
,"District of Columbia","11","2023","2023","Measles, Imported","10510",2
,"District of Columbia","11","2023","2023","Melioidosis","11585",0
,"District of Columbia","11","2023","2023","Meningococcal disease, All serogroups","10150",2
,"District of Columbia","11","2023","2023","Meningococcal disease, Serogroups ACWY","10151",0
,"District of Columbia","11","2023","2023","Meningococcal disease, Serogroup B","10152",0
,"District of Columbia","11","2023","2023","Meningococcal disease, Other serogroups","10153",0
,"District of Columbia","11","2023","2023","Meningococcal disease, Unknown serogroup","10154",2
,"District of Columbia","11","2023","2023","Mpox","11801",32
,"District of Columbia","11","2023","2023","Mumps","10180",1
,"District of Columbia","11","2023","2023","Novel Influenza A virus infections","11062",0
,"District of Columbia","11","2023","2023","Paratyphoid fever","50236",0
,"District of Columbia","11","2023","2023","Pertussis","10190",5
,"District of Columbia","11","2023","2023","Plague","10440",0
,"District of Columbia","11","2023","2023","Poliomyelitis, paralytic","10410",0
,"District of Columbia","11","2023","2023","Poliovirus infection, nonparalytic","10405",0
,"District of Columbia","11","2023","2023","Psittacosis","10450",0
,"District of Columbia","11","2023","2023","Q fever, Total","10259",0
,"District of Columbia","11","2023","2023","Q fever, Acute","10257",0
,"District of Columbia","11","2023","2023","Q fever, Chronic","10258",0
,"District of Columbia","11","2023","2023","Rabies, Animal","10340",5
,"District of Columbia","11","2023","2023","Rabies, Human","10460",0
,"District of Columbia","11","2023","2023","Rubella","10200",0
,"District of Columbia","11","2023","2023","Rubella, congenital syndrome","10370",0
,"District of Columbia","11","2023","2023","Salmonella Paratyphi infection","50266",0
,"District of Columbia","11","2023","2023","Salmonella Typhi infection","50267",0
,"District of Columbia","11","2023","2023","Salmonellosis","11000",0
,"District of Columbia","11","2023","2023","Salmonellosis (excluding paratyphoid fever and typhoid fever)","50242",0
,"District of Columbia","11","2023","2023","Salmonellosis (excluding S. Typhi infection and S. Paratyphi infection)","50265",50
,"District of Columbia","11","2023","2023","Severe acute respiratory syndrome-associated coronavirus disease","10575",0
,"District of Columbia","11","2023","2023","Shiga toxin-producing Escherichia coli (STEC)","11563",50
,"District of Columbia","11","2023","2023","Shigellosis","11010",126
,"District of Columbia","11","2023","2023","Smallpox","11800",0
,"District of Columbia","11","2023","2023","Spotted fever rickettsiosis, Total","10250",2
,"District of Columbia","11","2023","2023","Spotted fever rickettsiosis, Confirmed","10253",0
,"District of Columbia","11","2023","2023","Spotted fever rickettsiosis, Probable","10254",2
,"District of Columbia","11","2023","2023","Streptococcal toxic shock syndrome","11700",0
,"District of Columbia","11","2023","2023","Syphilis, Total, all stages","10399",1134
,"District of Columbia","11","2023","2023","Syphilis, Congenital","10316",5
,"District of Columbia","11","2023","2023","Syphilis, Primary and secondary","10310",271
,"District of Columbia","11","2023","2023","Tetanus","10210",0
,"District of Columbia","11","2023","2023","Toxic shock syndrome (other than Streptococcal)","10520",0
,"District of Columbia","11","2023","2023","Trichinellosis","10270",0
,"District of Columbia","11","2023","2023","Tuberculosis","10220",27
,"District of Columbia","11","2023","2023","Tularemia","10230",0
,"District of Columbia","11","2023","2023","Typhoid fever","10240",0
,"District of Columbia","11","2023","2023","Vancomycin-intermediate Staphylococcus aureus","11663",Not Reportable
,"District of Columbia","11","2023","2023","Vancomycin-resistant Staphylococcus aureus","11665",Not Reportable
,"District of Columbia","11","2023","2023","Varicella morbidity","10030",31
,"District of Columbia","11","2023","2023","Varicella mortality","10031",0
,"District of Columbia","11","2023","2023","Vibriosis, Total","11545",9
,"District of Columbia","11","2023","2023","Vibriosis, Confirmed","50234",1
,"District of Columbia","11","2023","2023","Vibriosis, Probable","50235",8
,"District of Columbia","11","2023","2023","Viral hemorrhagic fevers","11647",0
,"District of Columbia","11","2023","2023","Viral hemorrhagic fevers, Chapare virus","11649",0
,"District of Columbia","11","2023","2023","Viral hemorrhagic fevers, Crimean-Congo hemorrhagic fever virus","11640",0
,"District of Columbia","11","2023","2023","Viral hemorrhagic fevers, Ebola virus","11630",0
,"District of Columbia","11","2023","2023","Viral hemorrhagic fevers, Guanarito virus","11648",0
,"District of Columbia","11","2023","2023","Viral hemorrhagic fevers, Junin virus","11638",0
,"District of Columbia","11","2023","2023","Viral hemorrhagic fevers, Lassa virus","11632",0
,"District of Columbia","11","2023","2023","Viral hemorrhagic fevers, Lujo virus","11644",0
,"District of Columbia","11","2023","2023","Viral hemorrhagic fevers, Machupo virus","11637",0
,"District of Columbia","11","2023","2023","Viral hemorrhagic fevers, Marburg virus","11631",0
,"District of Columbia","11","2023","2023","Viral hemorrhagic fevers, Sabia virus","11639",0
,"District of Columbia","11","2023","2023","Yellow fever","10660",0
,"District of Columbia","11","2023","2023","Zika virus, Zika virus disease, congenital","50224",0
,"District of Columbia","11","2023","2023","Zika virus, Zika virus disease, non-congenital","50223",0
,"District of Columbia","11","2023","2023","Zika virus, Zika virus infection, congenital","50222",0
,"District of Columbia","11","2023","2023","Zika virus, Zika virus infection, non-congenital","50221",0
,"Florida","12","2023","2023","Anthrax","10350",0
,"Florida","12","2023","2023","Arboviral diseases, Chikungunya virus disease","10073",4
,"Florida","12","2023","2023","Arboviral diseases, Eastern equine encephalitis virus disease, Neuroinvasive","10053",2
,"Florida","12","2023","2023","Arboviral diseases, Eastern equine encephalitis virus disease, Non-neuroinvasive","10062",0
,"Florida","12","2023","2023","Arboviral diseases, Jamestown Canyon  virus disease, Neuroinvasive","10078",0
,"Florida","12","2023","2023","Arboviral diseases, Jamestown Canyon  virus disease, Non-neuroinvasive","10079",0
,"Florida","12","2023","2023","Arboviral diseases, La Crosse  virus disease, Neuroinvasive","10081",0
,"Florida","12","2023","2023","Arboviral diseases, La Crosse  virus disease, Non-neuroinvasive","10082",0
,"Florida","12","2023","2023","Arboviral diseases, Powassan virus disease, Neuroinvasive","10057",0
,"Florida","12","2023","2023","Arboviral diseases, Powassan virus disease, Non-neuroinvasive","10063",0
,"Florida","12","2023","2023","Arboviral diseases, St. Louis encephalitis virus disease, Neuroinvasive","10051",0
,"Florida","12","2023","2023","Arboviral diseases, St. Louis encephalitis virus disease, Non-neuroinvasive","10064",0
,"Florida","12","2023","2023","Arboviral diseases, West Nile virus disease, Neuroinvasive","10056",9
,"Florida","12","2023","2023","Arboviral diseases, West Nile virus disease, Non-neuroinvasive","10049",3
,"Florida","12","2023","2023","Arboviral diseases, Western equine encephalitis virus disease, Neuroinvasive","10052",0
,"Florida","12","2023","2023","Arboviral diseases, Western equine encephalitis virus disease, Non-neuroinvasive","10065",0
,"Florida","12","2023","2023","Babesiosis, Total","12010",36
,"Florida","12","2023","2023","Babesiosis, Confirmed","12011",30
,"Florida","12","2023","2023","Babesiosis, Probable","12012",6
,"Florida","12","2023","2023","Botulism, Total","10360",0
,"Florida","12","2023","2023","Botulism, Foodborne","10530",0
,"Florida","12","2023","2023","Botulism, Infant","10540",0
,"Florida","12","2023","2023","Botulism, Other (wound & unspecified)","10550",0
,"Florida","12","2023","2023","Brucellosis","10020",10
,"Florida","12","2023","2023","Campylobacteriosis","11020",4719
,"Florida","12","2023","2023","Candida auris, clinical","50263",Not Reportable
,"Florida","12","2023","2023","Candida auris, screening","50264",0
,"Florida","12","2023","2023","Carbapenemase-producing carbapenem-resistant Enterobacteriaceae","50244",0
,"Florida","12","2023","2023","Carbapenemase-Producing Organisms (CPO),Total","50272",Not Reportable
,"Florida","12","2023","2023","Chancroid","10273",0
,"Florida","12","2023","2023","Chlamydia trachomatis infection","10274",112804
,"Florida","12","2023","2023","Cholera","10470",5
,"Florida","12","2023","2023","Coccidioidomycosis","11900",Not Reportable
,"Florida","12","2023","2023","Coccidioidomycosis, confirmed","11901",Not Reportable
,"Florida","12","2023","2023","Coccidioidomycosis, probable","11902",Not Reportable
,"Florida","12","2023","2023","Coronavirus Disease 2019 (COVID-19), Total","11065",582032
,"Florida","12","2023","2023","Coronavirus Disease 2019 (COVID-19), Confirmed","11067",323411
,"Florida","12","2023","2023","Coronavirus Disease 2019 (COVID-19), Probable","11068",258621
,"Florida","12","2023","2023","Cryptosporidiosis, Total","11580",623
,"Florida","12","2023","2023","Cryptosporidiosis, Confirmed","11582",429
,"Florida","12","2023","2023","Cryptosporidiosis, Probable","11583",194
,"Florida","12","2023","2023","Cyclosporiasis","11575",346
,"Florida","12","2023","2023","Dengue virus infections, Dengue","10680",753
,"Florida","12","2023","2023","Dengue virus infections, Dengue-like illness","11704",6
,"Florida","12","2023","2023","Dengue virus infections, Severe dengue","11705",17
,"Florida","12","2023","2023","Diphtheria","10040",0
,"Florida","12","2023","2023","Ehrlichiosis and Anaplasmosis, Anaplasma phagocytophilum infection","11090",43
,"Florida","12","2023","2023","Ehrlichiosis and Anaplasmosis, Ehrlichia chaffeensis infection","11088",41
,"Florida","12","2023","2023","Ehrlichiosis and Anaplasmosis, Ehrlichia ewingii infection","11089",0
,"Florida","12","2023","2023","Ehrlichiosis and Anaplasmosis, Undetermined ehrlichiosis/anaplasmosis","11091",0
,"Florida","12","2023","2023","Giardiasis","11570",1311
,"Florida","12","2023","2023","Gonorrhea","10280",46726
,"Florida","12","2023","2023","Haemophilus influenzae, invasive disease, All ages, all serotypes","10590",460
,"Florida","12","2023","2023","Haemophilus influenzae, invasive disease, Age <5 years, Serotype b","10591",0
,"Florida","12","2023","2023","Haemophilus influenzae, invasive disease, Age <5 years, Non-b serotype","10593",0
,"Florida","12","2023","2023","Haemophilus influenzae, invasive disease, Age <5 years, Nontypeable","10592",31
,"Florida","12","2023","2023","Haemophilus influenzae, invasive disease, Age <5 years, Unknown serotype","10597",24
,"Florida","12","2023","2023","Hansen's disease","10380",23
,"Florida","12","2023","2023","Hantavirus infection, non-hantavirus pulmonary syndrome","11610",0
,"Florida","12","2023","2023","Hantavirus pulmonary syndrome","11590",0
,"Florida","12","2023","2023","Hemolytic uremic syndrome post-diarrheal","11550",13
,"Florida","12","2023","2023","Hepatitis, A","10110",100
,"Florida","12","2023","2023","Hepatitis, B, acute","10100",710
,"Florida","12","2023","2023","Hepatitis, B, perinatal infection","10104",1
,"Florida","12","2023","2023","Hepatitis, C, acute","10101",1596
,"Florida","12","2023","2023","Hepatitis, C, acute, Confirmed","50228",1434
,"Florida","12","2023","2023","Hepatitis, C, acute, Probable","50229",162
,"Florida","12","2023","2023","Hepatitis, C, perinatal infection","50248",9
,"Florida","12","2023","2023","Human immunodeficiency virus diagnoses","10560",4444
,"Florida","12","2023","2023","Influenza-associated pediatric mortality","11061",18
,"Florida","12","2023","2023","Invasive pneumococcal disease, All ages","11723",1146
,"Florida","12","2023","2023","Invasive pneumococcal disease, All ages, Confirmed","50230",1120
,"Florida","12","2023","2023","Invasive pneumococcal disease, All ages, Probable","50231",26
,"Florida","12","2023","2023","Invasive pneumococcal disease, Age <5 years","11722",73
,"Florida","12","2023","2023","Invasive pneumococcal disease, Age <5 years, Confirmed","50232",72
,"Florida","12","2023","2023","Invasive pneumococcal disease, Age <5 years, Probable","50233",1
,"Florida","12","2023","2023","Legionellosis","10490",469
,"Florida","12","2023","2023","Leptospirosis","10390",6
,"Florida","12","2023","2023","Listeriosis, Total","10640",46
,"Florida","12","2023","2023","Listeriosis, Confirmed","10641",43
,"Florida","12","2023","2023","Listeriosis, Probable","10642",3
,"Florida","12","2023","2023","Lyme disease, Total","11080",271
,"Florida","12","2023","2023","Lyme disease, Confirmed","11081",87
,"Florida","12","2023","2023","Lyme disease, Probable","11082",184
,"Florida","12","2023","2023","Malaria","10130",69
,"Florida","12","2023","2023","Measles, Total","10140",2
,"Florida","12","2023","2023","Measles, Indigenous","10500",0
,"Florida","12","2023","2023","Measles, Imported","10510",2
,"Florida","12","2023","2023","Melioidosis","11585",2
,"Florida","12","2023","2023","Meningococcal disease, All serogroups","10150",41
,"Florida","12","2023","2023","Meningococcal disease, Serogroups ACWY","10151",25
,"Florida","12","2023","2023","Meningococcal disease, Serogroup B","10152",6
,"Florida","12","2023","2023","Meningococcal disease, Other serogroups","10153",3
,"Florida","12","2023","2023","Meningococcal disease, Unknown serogroup","10154",7
,"Florida","12","2023","2023","Mpox","11801",108
,"Florida","12","2023","2023","Mumps","10180",11
,"Florida","12","2023","2023","Novel Influenza A virus infections","11062",0
,"Florida","12","2023","2023","Paratyphoid fever","50236",0
,"Florida","12","2023","2023","Pertussis","10190",85
,"Florida","12","2023","2023","Plague","10440",0
,"Florida","12","2023","2023","Poliomyelitis, paralytic","10410",0
,"Florida","12","2023","2023","Poliovirus infection, nonparalytic","10405",0
,"Florida","12","2023","2023","Psittacosis","10450",0
,"Florida","12","2023","2023","Q fever, Total","10259",1
,"Florida","12","2023","2023","Q fever, Acute","10257",0
,"Florida","12","2023","2023","Q fever, Chronic","10258",1
,"Florida","12","2023","2023","Rabies, Animal","10340",65
,"Florida","12","2023","2023","Rabies, Human","10460",0
,"Florida","12","2023","2023","Rubella","10200",0
,"Florida","12","2023","2023","Rubella, congenital syndrome","10370",0
,"Florida","12","2023","2023","Salmonella Paratyphi infection","50266",7
,"Florida","12","2023","2023","Salmonella Typhi infection","50267",25
,"Florida","12","2023","2023","Salmonellosis","11000",0
,"Florida","12","2023","2023","Salmonellosis (excluding paratyphoid fever and typhoid fever)","50242",0
,"Florida","12","2023","2023","Salmonellosis (excluding S. Typhi infection and S. Paratyphi infection)","50265",7131
,"Florida","12","2023","2023","Severe acute respiratory syndrome-associated coronavirus disease","10575",0
,"Florida","12","2023","2023","Shiga toxin-producing Escherichia coli (STEC)","11563",1138
,"Florida","12","2023","2023","Shigellosis","11010",1273
,"Florida","12","2023","2023","Smallpox","11800",0
,"Florida","12","2023","2023","Spotted fever rickettsiosis, Total","10250",28
,"Florida","12","2023","2023","Spotted fever rickettsiosis, Confirmed","10253",0
,"Florida","12","2023","2023","Spotted fever rickettsiosis, Probable","10254",28
,"Florida","12","2023","2023","Streptococcal toxic shock syndrome","11700",Not Reportable
,"Florida","12","2023","2023","Syphilis, Total, all stages","10399",18799
,"Florida","12","2023","2023","Syphilis, Congenital","10316",235
,"Florida","12","2023","2023","Syphilis, Primary and secondary","10310",4366
,"Florida","12","2023","2023","Tetanus","10210",1
,"Florida","12","2023","2023","Toxic shock syndrome (other than Streptococcal)","10520",Not Reportable
,"Florida","12","2023","2023","Trichinellosis","10270",0
,"Florida","12","2023","2023","Tuberculosis","10220",624
,"Florida","12","2023","2023","Tularemia","10230",1
,"Florida","12","2023","2023","Typhoid fever","10240",0
,"Florida","12","2023","2023","Vancomycin-intermediate Staphylococcus aureus","11663",1
,"Florida","12","2023","2023","Vancomycin-resistant Staphylococcus aureus","11665",0
,"Florida","12","2023","2023","Varicella morbidity","10030",653
,"Florida","12","2023","2023","Varicella mortality","10031",0
,"Florida","12","2023","2023","Vibriosis, Total","11545",351
,"Florida","12","2023","2023","Vibriosis, Confirmed","50234",220
,"Florida","12","2023","2023","Vibriosis, Probable","50235",131
,"Florida","12","2023","2023","Viral hemorrhagic fevers","11647",0
,"Florida","12","2023","2023","Viral hemorrhagic fevers, Chapare virus","11649",0
,"Florida","12","2023","2023","Viral hemorrhagic fevers, Crimean-Congo hemorrhagic fever virus","11640",0
,"Florida","12","2023","2023","Viral hemorrhagic fevers, Ebola virus","11630",0
,"Florida","12","2023","2023","Viral hemorrhagic fevers, Guanarito virus","11648",0
,"Florida","12","2023","2023","Viral hemorrhagic fevers, Junin virus","11638",0
,"Florida","12","2023","2023","Viral hemorrhagic fevers, Lassa virus","11632",0
,"Florida","12","2023","2023","Viral hemorrhagic fevers, Lujo virus","11644",0
,"Florida","12","2023","2023","Viral hemorrhagic fevers, Machupo virus","11637",0
,"Florida","12","2023","2023","Viral hemorrhagic fevers, Marburg virus","11631",0
,"Florida","12","2023","2023","Viral hemorrhagic fevers, Sabia virus","11639",0
,"Florida","12","2023","2023","Yellow fever","10660",0
,"Florida","12","2023","2023","Zika virus, Zika virus disease, congenital","50224",0
,"Florida","12","2023","2023","Zika virus, Zika virus disease, non-congenital","50223",0
,"Florida","12","2023","2023","Zika virus, Zika virus infection, congenital","50222",0
,"Florida","12","2023","2023","Zika virus, Zika virus infection, non-congenital","50221",0
,"Georgia","13","2023","2023","Anthrax","10350",0
,"Georgia","13","2023","2023","Arboviral diseases, Chikungunya virus disease","10073",0
,"Georgia","13","2023","2023","Arboviral diseases, Eastern equine encephalitis virus disease, Neuroinvasive","10053",1
,"Georgia","13","2023","2023","Arboviral diseases, Eastern equine encephalitis virus disease, Non-neuroinvasive","10062",0
,"Georgia","13","2023","2023","Arboviral diseases, Jamestown Canyon  virus disease, Neuroinvasive","10078",0
,"Georgia","13","2023","2023","Arboviral diseases, Jamestown Canyon  virus disease, Non-neuroinvasive","10079",0
,"Georgia","13","2023","2023","Arboviral diseases, La Crosse  virus disease, Neuroinvasive","10081",0
,"Georgia","13","2023","2023","Arboviral diseases, La Crosse  virus disease, Non-neuroinvasive","10082",0
,"Georgia","13","2023","2023","Arboviral diseases, Powassan virus disease, Neuroinvasive","10057",0
,"Georgia","13","2023","2023","Arboviral diseases, Powassan virus disease, Non-neuroinvasive","10063",0
,"Georgia","13","2023","2023","Arboviral diseases, St. Louis encephalitis virus disease, Neuroinvasive","10051",0
,"Georgia","13","2023","2023","Arboviral diseases, St. Louis encephalitis virus disease, Non-neuroinvasive","10064",0
,"Georgia","13","2023","2023","Arboviral diseases, West Nile virus disease, Neuroinvasive","10056",17
,"Georgia","13","2023","2023","Arboviral diseases, West Nile virus disease, Non-neuroinvasive","10049",2
,"Georgia","13","2023","2023","Arboviral diseases, Western equine encephalitis virus disease, Neuroinvasive","10052",0
,"Georgia","13","2023","2023","Arboviral diseases, Western equine encephalitis virus disease, Non-neuroinvasive","10065",0
,"Georgia","13","2023","2023","Babesiosis, Total","12010",Not Reportable
,"Georgia","13","2023","2023","Babesiosis, Confirmed","12011",Not Reportable
,"Georgia","13","2023","2023","Babesiosis, Probable","12012",Not Reportable
,"Georgia","13","2023","2023","Botulism, Total","10360",1
,"Georgia","13","2023","2023","Botulism, Foodborne","10530",0
,"Georgia","13","2023","2023","Botulism, Infant","10540",1
,"Georgia","13","2023","2023","Botulism, Other (wound & unspecified)","10550",0
,"Georgia","13","2023","2023","Brucellosis","10020",7
,"Georgia","13","2023","2023","Campylobacteriosis","11020",1961
,"Georgia","13","2023","2023","Candida auris, clinical","50263",191
,"Georgia","13","2023","2023","Candida auris, screening","50264",212
,"Georgia","13","2023","2023","Carbapenemase-producing carbapenem-resistant Enterobacteriaceae","50244",0
,"Georgia","13","2023","2023","Carbapenemase-Producing Organisms (CPO),Total","50272",326
,"Georgia","13","2023","2023","Chancroid","10273",0
,"Georgia","13","2023","2023","Chlamydia trachomatis infection","10274",71294
,"Georgia","13","2023","2023","Cholera","10470",0
,"Georgia","13","2023","2023","Coccidioidomycosis","11900",Not Reportable
,"Georgia","13","2023","2023","Coccidioidomycosis, confirmed","11901",Not Reportable
,"Georgia","13","2023","2023","Coccidioidomycosis, probable","11902",Not Reportable
,"Georgia","13","2023","2023","Coronavirus Disease 2019 (COVID-19), Total","11065",213238
,"Georgia","13","2023","2023","Coronavirus Disease 2019 (COVID-19), Confirmed","11067",111894
,"Georgia","13","2023","2023","Coronavirus Disease 2019 (COVID-19), Probable","11068",101344
,"Georgia","13","2023","2023","Cryptosporidiosis, Total","11580",590
,"Georgia","13","2023","2023","Cryptosporidiosis, Confirmed","11582",432
,"Georgia","13","2023","2023","Cryptosporidiosis, Probable","11583",158
,"Georgia","13","2023","2023","Cyclosporiasis","11575",105
,"Georgia","13","2023","2023","Dengue virus infections, Dengue","10680",31
,"Georgia","13","2023","2023","Dengue virus infections, Dengue-like illness","11704",0
,"Georgia","13","2023","2023","Dengue virus infections, Severe dengue","11705",0
,"Georgia","13","2023","2023","Diphtheria","10040",0
,"Georgia","13","2023","2023","Ehrlichiosis and Anaplasmosis, Anaplasma phagocytophilum infection","11090",2
,"Georgia","13","2023","2023","Ehrlichiosis and Anaplasmosis, Ehrlichia chaffeensis infection","11088",13
,"Georgia","13","2023","2023","Ehrlichiosis and Anaplasmosis, Ehrlichia ewingii infection","11089",0
,"Georgia","13","2023","2023","Ehrlichiosis and Anaplasmosis, Undetermined ehrlichiosis/anaplasmosis","11091",0
,"Georgia","13","2023","2023","Giardiasis","11570",553
,"Georgia","13","2023","2023","Gonorrhea","10280",30307
,"Georgia","13","2023","2023","Haemophilus influenzae, invasive disease, All ages, all serotypes","10590",293
,"Georgia","13","2023","2023","Haemophilus influenzae, invasive disease, Age <5 years, Serotype b","10591",0
,"Georgia","13","2023","2023","Haemophilus influenzae, invasive disease, Age <5 years, Non-b serotype","10593",5
,"Georgia","13","2023","2023","Haemophilus influenzae, invasive disease, Age <5 years, Nontypeable","10592",0
,"Georgia","13","2023","2023","Haemophilus influenzae, invasive disease, Age <5 years, Unknown serotype","10597",27
,"Georgia","13","2023","2023","Hansen's disease","10380",0
,"Georgia","13","2023","2023","Hantavirus infection, non-hantavirus pulmonary syndrome","11610",0
,"Georgia","13","2023","2023","Hantavirus pulmonary syndrome","11590",0
,"Georgia","13","2023","2023","Hemolytic uremic syndrome post-diarrheal","11550",4
,"Georgia","13","2023","2023","Hepatitis, A","10110",34
,"Georgia","13","2023","2023","Hepatitis, B, acute","10100",116
,"Georgia","13","2023","2023","Hepatitis, B, perinatal infection","10104",1
,"Georgia","13","2023","2023","Hepatitis, C, acute","10101",86
,"Georgia","13","2023","2023","Hepatitis, C, acute, Confirmed","50228",77
,"Georgia","13","2023","2023","Hepatitis, C, acute, Probable","50229",9
,"Georgia","13","2023","2023","Hepatitis, C, perinatal infection","50248",7
,"Georgia","13","2023","2023","Human immunodeficiency virus diagnoses","10560",2363
,"Georgia","13","2023","2023","Influenza-associated pediatric mortality","11061",1
,"Georgia","13","2023","2023","Invasive pneumococcal disease, All ages","11723",852
,"Georgia","13","2023","2023","Invasive pneumococcal disease, All ages, Confirmed","50230",852
,"Georgia","13","2023","2023","Invasive pneumococcal disease, All ages, Probable","50231",0
,"Georgia","13","2023","2023","Invasive pneumococcal disease, Age <5 years","11722",56
,"Georgia","13","2023","2023","Invasive pneumococcal disease, Age <5 years, Confirmed","50232",56
,"Georgia","13","2023","2023","Invasive pneumococcal disease, Age <5 years, Probable","50233",0
,"Georgia","13","2023","2023","Legionellosis","10490",198
,"Georgia","13","2023","2023","Leptospirosis","10390",0
,"Georgia","13","2023","2023","Listeriosis, Total","10640",39
,"Georgia","13","2023","2023","Listeriosis, Confirmed","10641",39
,"Georgia","13","2023","2023","Listeriosis, Probable","10642",0
,"Georgia","13","2023","2023","Lyme disease, Total","11080",18
,"Georgia","13","2023","2023","Lyme disease, Confirmed","11081",9
,"Georgia","13","2023","2023","Lyme disease, Probable","11082",9
,"Georgia","13","2023","2023","Malaria","10130",74
,"Georgia","13","2023","2023","Measles, Total","10140",0
,"Georgia","13","2023","2023","Measles, Indigenous","10500",0
,"Georgia","13","2023","2023","Measles, Imported","10510",0
,"Georgia","13","2023","2023","Melioidosis","11585",0
,"Georgia","13","2023","2023","Meningococcal disease, All serogroups","10150",20
,"Georgia","13","2023","2023","Meningococcal disease, Serogroups ACWY","10151",17
,"Georgia","13","2023","2023","Meningococcal disease, Serogroup B","10152",0
,"Georgia","13","2023","2023","Meningococcal disease, Other serogroups","10153",1
,"Georgia","13","2023","2023","Meningococcal disease, Unknown serogroup","10154",2
,"Georgia","13","2023","2023","Mpox","11801",89
,"Georgia","13","2023","2023","Mumps","10180",6
,"Georgia","13","2023","2023","Novel Influenza A virus infections","11062",0
,"Georgia","13","2023","2023","Paratyphoid fever","50236",0
,"Georgia","13","2023","2023","Pertussis","10190",96
,"Georgia","13","2023","2023","Plague","10440",0
,"Georgia","13","2023","2023","Poliomyelitis, paralytic","10410",0
,"Georgia","13","2023","2023","Poliovirus infection, nonparalytic","10405",0
,"Georgia","13","2023","2023","Psittacosis","10450",0
,"Georgia","13","2023","2023","Q fever, Total","10259",0
,"Georgia","13","2023","2023","Q fever, Acute","10257",0
,"Georgia","13","2023","2023","Q fever, Chronic","10258",0
,"Georgia","13","2023","2023","Rabies, Animal","10340",171
,"Georgia","13","2023","2023","Rabies, Human","10460",0
,"Georgia","13","2023","2023","Rubella","10200",1
,"Georgia","13","2023","2023","Rubella, congenital syndrome","10370",0
,"Georgia","13","2023","2023","Salmonella Paratyphi infection","50266",0
,"Georgia","13","2023","2023","Salmonella Typhi infection","50267",13
,"Georgia","13","2023","2023","Salmonellosis","11000",0
,"Georgia","13","2023","2023","Salmonellosis (excluding paratyphoid fever and typhoid fever)","50242",0
,"Georgia","13","2023","2023","Salmonellosis (excluding S. Typhi infection and S. Paratyphi infection)","50265",2122
,"Georgia","13","2023","2023","Severe acute respiratory syndrome-associated coronavirus disease","10575",0
,"Georgia","13","2023","2023","Shiga toxin-producing Escherichia coli (STEC)","11563",448
,"Georgia","13","2023","2023","Shigellosis","11010",571
,"Georgia","13","2023","2023","Smallpox","11800",0
,"Georgia","13","2023","2023","Spotted fever rickettsiosis, Total","10250",33
,"Georgia","13","2023","2023","Spotted fever rickettsiosis, Confirmed","10253",1
,"Georgia","13","2023","2023","Spotted fever rickettsiosis, Probable","10254",32
,"Georgia","13","2023","2023","Streptococcal toxic shock syndrome","11700",109
,"Georgia","13","2023","2023","Syphilis, Total, all stages","10399",8310
,"Georgia","13","2023","2023","Syphilis, Congenital","10316",127
,"Georgia","13","2023","2023","Syphilis, Primary and secondary","10310",2210
,"Georgia","13","2023","2023","Tetanus","10210",2
,"Georgia","13","2023","2023","Toxic shock syndrome (other than Streptococcal)","10520",1
,"Georgia","13","2023","2023","Trichinellosis","10270",Not Reportable
,"Georgia","13","2023","2023","Tuberculosis","10220",246
,"Georgia","13","2023","2023","Tularemia","10230",0
,"Georgia","13","2023","2023","Typhoid fever","10240",0
,"Georgia","13","2023","2023","Vancomycin-intermediate Staphylococcus aureus","11663",1
,"Georgia","13","2023","2023","Vancomycin-resistant Staphylococcus aureus","11665",0
,"Georgia","13","2023","2023","Varicella morbidity","10030",217
,"Georgia","13","2023","2023","Varicella mortality","10031",0
,"Georgia","13","2023","2023","Vibriosis, Total","11545",118
,"Georgia","13","2023","2023","Vibriosis, Confirmed","50234",33
,"Georgia","13","2023","2023","Vibriosis, Probable","50235",85
,"Georgia","13","2023","2023","Viral hemorrhagic fevers","11647",0
,"Georgia","13","2023","2023","Viral hemorrhagic fevers, Chapare virus","11649",0
,"Georgia","13","2023","2023","Viral hemorrhagic fevers, Crimean-Congo hemorrhagic fever virus","11640",0
,"Georgia","13","2023","2023","Viral hemorrhagic fevers, Ebola virus","11630",0
,"Georgia","13","2023","2023","Viral hemorrhagic fevers, Guanarito virus","11648",0
,"Georgia","13","2023","2023","Viral hemorrhagic fevers, Junin virus","11638",0
,"Georgia","13","2023","2023","Viral hemorrhagic fevers, Lassa virus","11632",0
,"Georgia","13","2023","2023","Viral hemorrhagic fevers, Lujo virus","11644",0
,"Georgia","13","2023","2023","Viral hemorrhagic fevers, Machupo virus","11637",0
,"Georgia","13","2023","2023","Viral hemorrhagic fevers, Marburg virus","11631",0
,"Georgia","13","2023","2023","Viral hemorrhagic fevers, Sabia virus","11639",0
,"Georgia","13","2023","2023","Yellow fever","10660",0
,"Georgia","13","2023","2023","Zika virus, Zika virus disease, congenital","50224",0
,"Georgia","13","2023","2023","Zika virus, Zika virus disease, non-congenital","50223",0
,"Georgia","13","2023","2023","Zika virus, Zika virus infection, congenital","50222",0
,"Georgia","13","2023","2023","Zika virus, Zika virus infection, non-congenital","50221",0
,"Hawaii","15","2023","2023","Anthrax","10350",0
,"Hawaii","15","2023","2023","Arboviral diseases, Chikungunya virus disease","10073",0
,"Hawaii","15","2023","2023","Arboviral diseases, Eastern equine encephalitis virus disease, Neuroinvasive","10053",0
,"Hawaii","15","2023","2023","Arboviral diseases, Eastern equine encephalitis virus disease, Non-neuroinvasive","10062",0
,"Hawaii","15","2023","2023","Arboviral diseases, Jamestown Canyon  virus disease, Neuroinvasive","10078",0
,"Hawaii","15","2023","2023","Arboviral diseases, Jamestown Canyon  virus disease, Non-neuroinvasive","10079",0
,"Hawaii","15","2023","2023","Arboviral diseases, La Crosse  virus disease, Neuroinvasive","10081",0
,"Hawaii","15","2023","2023","Arboviral diseases, La Crosse  virus disease, Non-neuroinvasive","10082",0
,"Hawaii","15","2023","2023","Arboviral diseases, Powassan virus disease, Neuroinvasive","10057",0
,"Hawaii","15","2023","2023","Arboviral diseases, Powassan virus disease, Non-neuroinvasive","10063",0
,"Hawaii","15","2023","2023","Arboviral diseases, St. Louis encephalitis virus disease, Neuroinvasive","10051",0
,"Hawaii","15","2023","2023","Arboviral diseases, St. Louis encephalitis virus disease, Non-neuroinvasive","10064",0
,"Hawaii","15","2023","2023","Arboviral diseases, West Nile virus disease, Neuroinvasive","10056",0
,"Hawaii","15","2023","2023","Arboviral diseases, West Nile virus disease, Non-neuroinvasive","10049",0
,"Hawaii","15","2023","2023","Arboviral diseases, Western equine encephalitis virus disease, Neuroinvasive","10052",0
,"Hawaii","15","2023","2023","Arboviral diseases, Western equine encephalitis virus disease, Non-neuroinvasive","10065",0
,"Hawaii","15","2023","2023","Babesiosis, Total","12010",Not Reportable
,"Hawaii","15","2023","2023","Babesiosis, Confirmed","12011",Not Reportable
,"Hawaii","15","2023","2023","Babesiosis, Probable","12012",Not Reportable
,"Hawaii","15","2023","2023","Botulism, Total","10360",1
,"Hawaii","15","2023","2023","Botulism, Foodborne","10530",0
,"Hawaii","15","2023","2023","Botulism, Infant","10540",1
,"Hawaii","15","2023","2023","Botulism, Other (wound & unspecified)","10550",0
,"Hawaii","15","2023","2023","Brucellosis","10020",7
,"Hawaii","15","2023","2023","Campylobacteriosis","11020",939
,"Hawaii","15","2023","2023","Candida auris, clinical","50263",1
,"Hawaii","15","2023","2023","Candida auris, screening","50264",0
,"Hawaii","15","2023","2023","Carbapenemase-producing carbapenem-resistant Enterobacteriaceae","50244",0
,"Hawaii","15","2023","2023","Carbapenemase-Producing Organisms (CPO),Total","50272",24
,"Hawaii","15","2023","2023","Chancroid","10273",0
,"Hawaii","15","2023","2023","Chlamydia trachomatis infection","10274",6251
,"Hawaii","15","2023","2023","Cholera","10470",0
,"Hawaii","15","2023","2023","Coccidioidomycosis","11900",Not Reportable
,"Hawaii","15","2023","2023","Coccidioidomycosis, confirmed","11901",Not Reportable
,"Hawaii","15","2023","2023","Coccidioidomycosis, probable","11902",Not Reportable
,"Hawaii","15","2023","2023","Coronavirus Disease 2019 (COVID-19), Total","11065",36602
,"Hawaii","15","2023","2023","Coronavirus Disease 2019 (COVID-19), Confirmed","11067",31267
,"Hawaii","15","2023","2023","Coronavirus Disease 2019 (COVID-19), Probable","11068",5335
,"Hawaii","15","2023","2023","Cryptosporidiosis, Total","11580",32
,"Hawaii","15","2023","2023","Cryptosporidiosis, Confirmed","11582",30
,"Hawaii","15","2023","2023","Cryptosporidiosis, Probable","11583",2
,"Hawaii","15","2023","2023","Cyclosporiasis","11575",0
,"Hawaii","15","2023","2023","Dengue virus infections, Dengue","10680",7
,"Hawaii","15","2023","2023","Dengue virus infections, Dengue-like illness","11704",0
,"Hawaii","15","2023","2023","Dengue virus infections, Severe dengue","11705",0
,"Hawaii","15","2023","2023","Diphtheria","10040",0
,"Hawaii","15","2023","2023","Ehrlichiosis and Anaplasmosis, Anaplasma phagocytophilum infection","11090",Not Reportable
,"Hawaii","15","2023","2023","Ehrlichiosis and Anaplasmosis, Ehrlichia chaffeensis infection","11088",Not Reportable
,"Hawaii","15","2023","2023","Ehrlichiosis and Anaplasmosis, Ehrlichia ewingii infection","11089",Not Reportable
,"Hawaii","15","2023","2023","Ehrlichiosis and Anaplasmosis, Undetermined ehrlichiosis/anaplasmosis","11091",Not Reportable
,"Hawaii","15","2023","2023","Giardiasis","11570",46
,"Hawaii","15","2023","2023","Gonorrhea","10280",1818
,"Hawaii","15","2023","2023","Haemophilus influenzae, invasive disease, All ages, all serotypes","10590",36
,"Hawaii","15","2023","2023","Haemophilus influenzae, invasive disease, Age <5 years, Serotype b","10591",0
,"Hawaii","15","2023","2023","Haemophilus influenzae, invasive disease, Age <5 years, Non-b serotype","10593",0
,"Hawaii","15","2023","2023","Haemophilus influenzae, invasive disease, Age <5 years, Nontypeable","10592",0
,"Hawaii","15","2023","2023","Haemophilus influenzae, invasive disease, Age <5 years, Unknown serotype","10597",4
,"Hawaii","15","2023","2023","Hansen's disease","10380",18
,"Hawaii","15","2023","2023","Hantavirus infection, non-hantavirus pulmonary syndrome","11610",0
,"Hawaii","15","2023","2023","Hantavirus pulmonary syndrome","11590",0
,"Hawaii","15","2023","2023","Hemolytic uremic syndrome post-diarrheal","11550",0
,"Hawaii","15","2023","2023","Hepatitis, A","10110",2
,"Hawaii","15","2023","2023","Hepatitis, B, acute","10100",0
,"Hawaii","15","2023","2023","Hepatitis, B, perinatal infection","10104",0
,"Hawaii","15","2023","2023","Hepatitis, C, acute","10101",0
,"Hawaii","15","2023","2023","Hepatitis, C, acute, Confirmed","50228",0
,"Hawaii","15","2023","2023","Hepatitis, C, acute, Probable","50229",0
,"Hawaii","15","2023","2023","Hepatitis, C, perinatal infection","50248",0
,"Hawaii","15","2023","2023","Human immunodeficiency virus diagnoses","10560",59
,"Hawaii","15","2023","2023","Influenza-associated pediatric mortality","11061",5
,"Hawaii","15","2023","2023","Invasive pneumococcal disease, All ages","11723",96
,"Hawaii","15","2023","2023","Invasive pneumococcal disease, All ages, Confirmed","50230",96
,"Hawaii","15","2023","2023","Invasive pneumococcal disease, All ages, Probable","50231",0
,"Hawaii","15","2023","2023","Invasive pneumococcal disease, Age <5 years","11722",9
,"Hawaii","15","2023","2023","Invasive pneumococcal disease, Age <5 years, Confirmed","50232",9
,"Hawaii","15","2023","2023","Invasive pneumococcal disease, Age <5 years, Probable","50233",0
,"Hawaii","15","2023","2023","Legionellosis","10490",19
,"Hawaii","15","2023","2023","Leptospirosis","10390",9
,"Hawaii","15","2023","2023","Listeriosis, Total","10640",5
,"Hawaii","15","2023","2023","Listeriosis, Confirmed","10641",4
,"Hawaii","15","2023","2023","Listeriosis, Probable","10642",1
,"Hawaii","15","2023","2023","Lyme disease, Total","11080",Not Reportable
,"Hawaii","15","2023","2023","Lyme disease, Confirmed","11081",Not Reportable
,"Hawaii","15","2023","2023","Lyme disease, Probable","11082",Not Reportable
,"Hawaii","15","2023","2023","Malaria","10130",4
,"Hawaii","15","2023","2023","Measles, Total","10140",2
,"Hawaii","15","2023","2023","Measles, Indigenous","10500",1
,"Hawaii","15","2023","2023","Measles, Imported","10510",1
,"Hawaii","15","2023","2023","Melioidosis","11585",0
,"Hawaii","15","2023","2023","Meningococcal disease, All serogroups","10150",1
,"Hawaii","15","2023","2023","Meningococcal disease, Serogroups ACWY","10151",0
,"Hawaii","15","2023","2023","Meningococcal disease, Serogroup B","10152",1
,"Hawaii","15","2023","2023","Meningococcal disease, Other serogroups","10153",0
,"Hawaii","15","2023","2023","Meningococcal disease, Unknown serogroup","10154",0
,"Hawaii","15","2023","2023","Mpox","11801",5
,"Hawaii","15","2023","2023","Mumps","10180",0
,"Hawaii","15","2023","2023","Novel Influenza A virus infections","11062",0
,"Hawaii","15","2023","2023","Paratyphoid fever","50236",0
,"Hawaii","15","2023","2023","Pertussis","10190",3
,"Hawaii","15","2023","2023","Plague","10440",0
,"Hawaii","15","2023","2023","Poliomyelitis, paralytic","10410",0
,"Hawaii","15","2023","2023","Poliovirus infection, nonparalytic","10405",0
,"Hawaii","15","2023","2023","Psittacosis","10450",0
,"Hawaii","15","2023","2023","Q fever, Total","10259",0
,"Hawaii","15","2023","2023","Q fever, Acute","10257",0
,"Hawaii","15","2023","2023","Q fever, Chronic","10258",0
,"Hawaii","15","2023","2023","Rabies, Animal","10340",0
,"Hawaii","15","2023","2023","Rabies, Human","10460",0
,"Hawaii","15","2023","2023","Rubella","10200",0
,"Hawaii","15","2023","2023","Rubella, congenital syndrome","10370",0
,"Hawaii","15","2023","2023","Salmonella Paratyphi infection","50266",0
,"Hawaii","15","2023","2023","Salmonella Typhi infection","50267",1
,"Hawaii","15","2023","2023","Salmonellosis","11000",0
,"Hawaii","15","2023","2023","Salmonellosis (excluding paratyphoid fever and typhoid fever)","50242",0
,"Hawaii","15","2023","2023","Salmonellosis (excluding S. Typhi infection and S. Paratyphi infection)","50265",207
,"Hawaii","15","2023","2023","Severe acute respiratory syndrome-associated coronavirus disease","10575",0
,"Hawaii","15","2023","2023","Shiga toxin-producing Escherichia coli (STEC)","11563",17
,"Hawaii","15","2023","2023","Shigellosis","11010",74
,"Hawaii","15","2023","2023","Smallpox","11800",0
,"Hawaii","15","2023","2023","Spotted fever rickettsiosis, Total","10250",Not Reportable
,"Hawaii","15","2023","2023","Spotted fever rickettsiosis, Confirmed","10253",Not Reportable
,"Hawaii","15","2023","2023","Spotted fever rickettsiosis, Probable","10254",Not Reportable
,"Hawaii","15","2023","2023","Streptococcal toxic shock syndrome","11700",0
,"Hawaii","15","2023","2023","Syphilis, Total, all stages","10399",584
,"Hawaii","15","2023","2023","Syphilis, Congenital","10316",21
,"Hawaii","15","2023","2023","Syphilis, Primary and secondary","10310",182
,"Hawaii","15","2023","2023","Tetanus","10210",0
,"Hawaii","15","2023","2023","Toxic shock syndrome (other than Streptococcal)","10520",Not Reportable
,"Hawaii","15","2023","2023","Trichinellosis","10270",0
,"Hawaii","15","2023","2023","Tuberculosis","10220",116
,"Hawaii","15","2023","2023","Tularemia","10230",0
,"Hawaii","15","2023","2023","Typhoid fever","10240",0
,"Hawaii","15","2023","2023","Vancomycin-intermediate Staphylococcus aureus","11663",0
,"Hawaii","15","2023","2023","Vancomycin-resistant Staphylococcus aureus","11665",0
,"Hawaii","15","2023","2023","Varicella morbidity","10030",8
,"Hawaii","15","2023","2023","Varicella mortality","10031",0
,"Hawaii","15","2023","2023","Vibriosis, Total","11545",35
,"Hawaii","15","2023","2023","Vibriosis, Confirmed","50234",31
,"Hawaii","15","2023","2023","Vibriosis, Probable","50235",4
,"Hawaii","15","2023","2023","Viral hemorrhagic fevers","11647",0
,"Hawaii","15","2023","2023","Viral hemorrhagic fevers, Chapare virus","11649",0
,"Hawaii","15","2023","2023","Viral hemorrhagic fevers, Crimean-Congo hemorrhagic fever virus","11640",0
,"Hawaii","15","2023","2023","Viral hemorrhagic fevers, Ebola virus","11630",0
,"Hawaii","15","2023","2023","Viral hemorrhagic fevers, Guanarito virus","11648",0
,"Hawaii","15","2023","2023","Viral hemorrhagic fevers, Junin virus","11638",0
,"Hawaii","15","2023","2023","Viral hemorrhagic fevers, Lassa virus","11632",0
,"Hawaii","15","2023","2023","Viral hemorrhagic fevers, Lujo virus","11644",0
,"Hawaii","15","2023","2023","Viral hemorrhagic fevers, Machupo virus","11637",0
,"Hawaii","15","2023","2023","Viral hemorrhagic fevers, Marburg virus","11631",0
,"Hawaii","15","2023","2023","Viral hemorrhagic fevers, Sabia virus","11639",0
,"Hawaii","15","2023","2023","Yellow fever","10660",0
,"Hawaii","15","2023","2023","Zika virus, Zika virus disease, congenital","50224",0
,"Hawaii","15","2023","2023","Zika virus, Zika virus disease, non-congenital","50223",0
,"Hawaii","15","2023","2023","Zika virus, Zika virus infection, congenital","50222",0
,"Hawaii","15","2023","2023","Zika virus, Zika virus infection, non-congenital","50221",0
,"Idaho","16","2023","2023","Anthrax","10350",0
,"Idaho","16","2023","2023","Arboviral diseases, Chikungunya virus disease","10073",0
,"Idaho","16","2023","2023","Arboviral diseases, Eastern equine encephalitis virus disease, Neuroinvasive","10053",0
,"Idaho","16","2023","2023","Arboviral diseases, Eastern equine encephalitis virus disease, Non-neuroinvasive","10062",0
,"Idaho","16","2023","2023","Arboviral diseases, Jamestown Canyon  virus disease, Neuroinvasive","10078",0
,"Idaho","16","2023","2023","Arboviral diseases, Jamestown Canyon  virus disease, Non-neuroinvasive","10079",0
,"Idaho","16","2023","2023","Arboviral diseases, La Crosse  virus disease, Neuroinvasive","10081",0
,"Idaho","16","2023","2023","Arboviral diseases, La Crosse  virus disease, Non-neuroinvasive","10082",0
,"Idaho","16","2023","2023","Arboviral diseases, Powassan virus disease, Neuroinvasive","10057",0
,"Idaho","16","2023","2023","Arboviral diseases, Powassan virus disease, Non-neuroinvasive","10063",0
,"Idaho","16","2023","2023","Arboviral diseases, St. Louis encephalitis virus disease, Neuroinvasive","10051",0
,"Idaho","16","2023","2023","Arboviral diseases, St. Louis encephalitis virus disease, Non-neuroinvasive","10064",0
,"Idaho","16","2023","2023","Arboviral diseases, West Nile virus disease, Neuroinvasive","10056",27
,"Idaho","16","2023","2023","Arboviral diseases, West Nile virus disease, Non-neuroinvasive","10049",9
,"Idaho","16","2023","2023","Arboviral diseases, Western equine encephalitis virus disease, Neuroinvasive","10052",0
,"Idaho","16","2023","2023","Arboviral diseases, Western equine encephalitis virus disease, Non-neuroinvasive","10065",0
,"Idaho","16","2023","2023","Babesiosis, Total","12010",Not Reportable
,"Idaho","16","2023","2023","Babesiosis, Confirmed","12011",Not Reportable
,"Idaho","16","2023","2023","Babesiosis, Probable","12012",Not Reportable
,"Idaho","16","2023","2023","Botulism, Total","10360",5
,"Idaho","16","2023","2023","Botulism, Foodborne","10530",0
,"Idaho","16","2023","2023","Botulism, Infant","10540",5
,"Idaho","16","2023","2023","Botulism, Other (wound & unspecified)","10550",0
,"Idaho","16","2023","2023","Brucellosis","10020",1
,"Idaho","16","2023","2023","Campylobacteriosis","11020",618
,"Idaho","16","2023","2023","Candida auris, clinical","50263",0
,"Idaho","16","2023","2023","Candida auris, screening","50264",0
,"Idaho","16","2023","2023","Carbapenemase-producing carbapenem-resistant Enterobacteriaceae","50244",0
,"Idaho","16","2023","2023","Carbapenemase-Producing Organisms (CPO),Total","50272",0
,"Idaho","16","2023","2023","Chancroid","10273",0
,"Idaho","16","2023","2023","Chlamydia trachomatis infection","10274",5785
,"Idaho","16","2023","2023","Cholera","10470",0
,"Idaho","16","2023","2023","Coccidioidomycosis","11900",Not Reportable
,"Idaho","16","2023","2023","Coccidioidomycosis, confirmed","11901",Not Reportable
,"Idaho","16","2023","2023","Coccidioidomycosis, probable","11902",Not Reportable
,"Idaho","16","2023","2023","Coronavirus Disease 2019 (COVID-19), Total","11065",Not Reportable
,"Idaho","16","2023","2023","Coronavirus Disease 2019 (COVID-19), Confirmed","11067",Not Reportable
,"Idaho","16","2023","2023","Coronavirus Disease 2019 (COVID-19), Probable","11068",Not Reportable
,"Idaho","16","2023","2023","Cryptosporidiosis, Total","11580",133
,"Idaho","16","2023","2023","Cryptosporidiosis, Confirmed","11582",102
,"Idaho","16","2023","2023","Cryptosporidiosis, Probable","11583",31
,"Idaho","16","2023","2023","Cyclosporiasis","11575",Not Reportable
,"Idaho","16","2023","2023","Dengue virus infections, Dengue","10680",7
,"Idaho","16","2023","2023","Dengue virus infections, Dengue-like illness","11704",0
,"Idaho","16","2023","2023","Dengue virus infections, Severe dengue","11705",0
,"Idaho","16","2023","2023","Diphtheria","10040",0
,"Idaho","16","2023","2023","Ehrlichiosis and Anaplasmosis, Anaplasma phagocytophilum infection","11090",Not Reportable
,"Idaho","16","2023","2023","Ehrlichiosis and Anaplasmosis, Ehrlichia chaffeensis infection","11088",Not Reportable
,"Idaho","16","2023","2023","Ehrlichiosis and Anaplasmosis, Ehrlichia ewingii infection","11089",Not Reportable
,"Idaho","16","2023","2023","Ehrlichiosis and Anaplasmosis, Undetermined ehrlichiosis/anaplasmosis","11091",Not Reportable
,"Idaho","16","2023","2023","Giardiasis","11570",135
,"Idaho","16","2023","2023","Gonorrhea","10280",777
,"Idaho","16","2023","2023","Haemophilus influenzae, invasive disease, All ages, all serotypes","10590",42
,"Idaho","16","2023","2023","Haemophilus influenzae, invasive disease, Age <5 years, Serotype b","10591",0
,"Idaho","16","2023","2023","Haemophilus influenzae, invasive disease, Age <5 years, Non-b serotype","10593",0
,"Idaho","16","2023","2023","Haemophilus influenzae, invasive disease, Age <5 years, Nontypeable","10592",0
,"Idaho","16","2023","2023","Haemophilus influenzae, invasive disease, Age <5 years, Unknown serotype","10597",7
,"Idaho","16","2023","2023","Hansen's disease","10380",0
,"Idaho","16","2023","2023","Hantavirus infection, non-hantavirus pulmonary syndrome","11610",Not Reportable
,"Idaho","16","2023","2023","Hantavirus pulmonary syndrome","11590",1
,"Idaho","16","2023","2023","Hemolytic uremic syndrome post-diarrheal","11550",13
,"Idaho","16","2023","2023","Hepatitis, A","10110",5
,"Idaho","16","2023","2023","Hepatitis, B, acute","10100",0
,"Idaho","16","2023","2023","Hepatitis, B, perinatal infection","10104",0
,"Idaho","16","2023","2023","Hepatitis, C, acute","10101",13
,"Idaho","16","2023","2023","Hepatitis, C, acute, Confirmed","50228",11
,"Idaho","16","2023","2023","Hepatitis, C, acute, Probable","50229",2
,"Idaho","16","2023","2023","Hepatitis, C, perinatal infection","50248",0
,"Idaho","16","2023","2023","Human immunodeficiency virus diagnoses","10560",49
,"Idaho","16","2023","2023","Influenza-associated pediatric mortality","11061",0
,"Idaho","16","2023","2023","Invasive pneumococcal disease, All ages","11723",Not Reportable
,"Idaho","16","2023","2023","Invasive pneumococcal disease, All ages, Confirmed","50230",Not Reportable
,"Idaho","16","2023","2023","Invasive pneumococcal disease, All ages, Probable","50231",Not Reportable
,"Idaho","16","2023","2023","Invasive pneumococcal disease, Age <5 years","11722",7
,"Idaho","16","2023","2023","Invasive pneumococcal disease, Age <5 years, Confirmed","50232",7
,"Idaho","16","2023","2023","Invasive pneumococcal disease, Age <5 years, Probable","50233",0
,"Idaho","16","2023","2023","Legionellosis","10490",30
,"Idaho","16","2023","2023","Leptospirosis","10390",1
,"Idaho","16","2023","2023","Listeriosis, Total","10640",2
,"Idaho","16","2023","2023","Listeriosis, Confirmed","10641",2
,"Idaho","16","2023","2023","Listeriosis, Probable","10642",0
,"Idaho","16","2023","2023","Lyme disease, Total","11080",11
,"Idaho","16","2023","2023","Lyme disease, Confirmed","11081",7
,"Idaho","16","2023","2023","Lyme disease, Probable","11082",4
,"Idaho","16","2023","2023","Malaria","10130",7
,"Idaho","16","2023","2023","Measles, Total","10140",10
,"Idaho","16","2023","2023","Measles, Indigenous","10500",9
,"Idaho","16","2023","2023","Measles, Imported","10510",1
,"Idaho","16","2023","2023","Melioidosis","11585",0
,"Idaho","16","2023","2023","Meningococcal disease, All serogroups","10150",0
,"Idaho","16","2023","2023","Meningococcal disease, Serogroups ACWY","10151",0
,"Idaho","16","2023","2023","Meningococcal disease, Serogroup B","10152",0
,"Idaho","16","2023","2023","Meningococcal disease, Other serogroups","10153",0
,"Idaho","16","2023","2023","Meningococcal disease, Unknown serogroup","10154",0
,"Idaho","16","2023","2023","Mpox","11801",11
,"Idaho","16","2023","2023","Mumps","10180",4
,"Idaho","16","2023","2023","Novel Influenza A virus infections","11062",0
,"Idaho","16","2023","2023","Paratyphoid fever","50236",0
,"Idaho","16","2023","2023","Pertussis","10190",34
,"Idaho","16","2023","2023","Plague","10440",0
,"Idaho","16","2023","2023","Poliomyelitis, paralytic","10410",0
,"Idaho","16","2023","2023","Poliovirus infection, nonparalytic","10405",0
,"Idaho","16","2023","2023","Psittacosis","10450",0
,"Idaho","16","2023","2023","Q fever, Total","10259",2
,"Idaho","16","2023","2023","Q fever, Acute","10257",2
,"Idaho","16","2023","2023","Q fever, Chronic","10258",0
,"Idaho","16","2023","2023","Rabies, Animal","10340",16
,"Idaho","16","2023","2023","Rabies, Human","10460",0
,"Idaho","16","2023","2023","Rubella","10200",0
,"Idaho","16","2023","2023","Rubella, congenital syndrome","10370",0
,"Idaho","16","2023","2023","Salmonella Paratyphi infection","50266",0
,"Idaho","16","2023","2023","Salmonella Typhi infection","50267",1
,"Idaho","16","2023","2023","Salmonellosis","11000",0
,"Idaho","16","2023","2023","Salmonellosis (excluding paratyphoid fever and typhoid fever)","50242",0
,"Idaho","16","2023","2023","Salmonellosis (excluding S. Typhi infection and S. Paratyphi infection)","50265",318
,"Idaho","16","2023","2023","Severe acute respiratory syndrome-associated coronavirus disease","10575",0
,"Idaho","16","2023","2023","Shiga toxin-producing Escherichia coli (STEC)","11563",206
,"Idaho","16","2023","2023","Shigellosis","11010",46
,"Idaho","16","2023","2023","Smallpox","11800",0
,"Idaho","16","2023","2023","Spotted fever rickettsiosis, Total","10250",4
,"Idaho","16","2023","2023","Spotted fever rickettsiosis, Confirmed","10253",1
,"Idaho","16","2023","2023","Spotted fever rickettsiosis, Probable","10254",3
,"Idaho","16","2023","2023","Streptococcal toxic shock syndrome","11700",0
,"Idaho","16","2023","2023","Syphilis, Total, all stages","10399",258
,"Idaho","16","2023","2023","Syphilis, Congenital","10316",0
,"Idaho","16","2023","2023","Syphilis, Primary and secondary","10310",74
,"Idaho","16","2023","2023","Tetanus","10210",0
,"Idaho","16","2023","2023","Toxic shock syndrome (other than Streptococcal)","10520",1
,"Idaho","16","2023","2023","Trichinellosis","10270",0
,"Idaho","16","2023","2023","Tuberculosis","10220",15
,"Idaho","16","2023","2023","Tularemia","10230",0
,"Idaho","16","2023","2023","Typhoid fever","10240",0
,"Idaho","16","2023","2023","Vancomycin-intermediate Staphylococcus aureus","11663",Not Reportable
,"Idaho","16","2023","2023","Vancomycin-resistant Staphylococcus aureus","11665",Not Reportable
,"Idaho","16","2023","2023","Varicella morbidity","10030",Not Reportable
,"Idaho","16","2023","2023","Varicella mortality","10031",Not Reportable
,"Idaho","16","2023","2023","Vibriosis, Total","11545",Not Reportable
,"Idaho","16","2023","2023","Vibriosis, Confirmed","50234",Not Reportable
,"Idaho","16","2023","2023","Vibriosis, Probable","50235",Not Reportable
,"Idaho","16","2023","2023","Viral hemorrhagic fevers","11647",0
,"Idaho","16","2023","2023","Viral hemorrhagic fevers, Chapare virus","11649",0
,"Idaho","16","2023","2023","Viral hemorrhagic fevers, Crimean-Congo hemorrhagic fever virus","11640",0
,"Idaho","16","2023","2023","Viral hemorrhagic fevers, Ebola virus","11630",0
,"Idaho","16","2023","2023","Viral hemorrhagic fevers, Guanarito virus","11648",0
,"Idaho","16","2023","2023","Viral hemorrhagic fevers, Junin virus","11638",0
,"Idaho","16","2023","2023","Viral hemorrhagic fevers, Lassa virus","11632",0
,"Idaho","16","2023","2023","Viral hemorrhagic fevers, Lujo virus","11644",0
,"Idaho","16","2023","2023","Viral hemorrhagic fevers, Machupo virus","11637",0
,"Idaho","16","2023","2023","Viral hemorrhagic fevers, Marburg virus","11631",0
,"Idaho","16","2023","2023","Viral hemorrhagic fevers, Sabia virus","11639",0
,"Idaho","16","2023","2023","Yellow fever","10660",Not Reportable
,"Idaho","16","2023","2023","Zika virus, Zika virus disease, congenital","50224",0
,"Idaho","16","2023","2023","Zika virus, Zika virus disease, non-congenital","50223",1
,"Idaho","16","2023","2023","Zika virus, Zika virus infection, congenital","50222",0
,"Idaho","16","2023","2023","Zika virus, Zika virus infection, non-congenital","50221",0
,"Illinois","17","2023","2023","Anthrax","10350",0
,"Illinois","17","2023","2023","Arboviral diseases, Chikungunya virus disease","10073",12
,"Illinois","17","2023","2023","Arboviral diseases, Eastern equine encephalitis virus disease, Neuroinvasive","10053",0
,"Illinois","17","2023","2023","Arboviral diseases, Eastern equine encephalitis virus disease, Non-neuroinvasive","10062",0
,"Illinois","17","2023","2023","Arboviral diseases, Jamestown Canyon  virus disease, Neuroinvasive","10078",0
,"Illinois","17","2023","2023","Arboviral diseases, Jamestown Canyon  virus disease, Non-neuroinvasive","10079",1
,"Illinois","17","2023","2023","Arboviral diseases, La Crosse  virus disease, Neuroinvasive","10081",0
,"Illinois","17","2023","2023","Arboviral diseases, La Crosse  virus disease, Non-neuroinvasive","10082",0
,"Illinois","17","2023","2023","Arboviral diseases, Powassan virus disease, Neuroinvasive","10057",0
,"Illinois","17","2023","2023","Arboviral diseases, Powassan virus disease, Non-neuroinvasive","10063",0
,"Illinois","17","2023","2023","Arboviral diseases, St. Louis encephalitis virus disease, Neuroinvasive","10051",0
,"Illinois","17","2023","2023","Arboviral diseases, St. Louis encephalitis virus disease, Non-neuroinvasive","10064",0
,"Illinois","17","2023","2023","Arboviral diseases, West Nile virus disease, Neuroinvasive","10056",104
,"Illinois","17","2023","2023","Arboviral diseases, West Nile virus disease, Non-neuroinvasive","10049",15
,"Illinois","17","2023","2023","Arboviral diseases, Western equine encephalitis virus disease, Neuroinvasive","10052",0
,"Illinois","17","2023","2023","Arboviral diseases, Western equine encephalitis virus disease, Non-neuroinvasive","10065",0
,"Illinois","17","2023","2023","Babesiosis, Total","12010",13
,"Illinois","17","2023","2023","Babesiosis, Confirmed","12011",7
,"Illinois","17","2023","2023","Babesiosis, Probable","12012",6
,"Illinois","17","2023","2023","Botulism, Total","10360",3
,"Illinois","17","2023","2023","Botulism, Foodborne","10530",0
,"Illinois","17","2023","2023","Botulism, Infant","10540",3
,"Illinois","17","2023","2023","Botulism, Other (wound & unspecified)","10550",0
,"Illinois","17","2023","2023","Brucellosis","10020",13
,"Illinois","17","2023","2023","Campylobacteriosis","11020",2769
,"Illinois","17","2023","2023","Candida auris, clinical","50263",474
,"Illinois","17","2023","2023","Candida auris, screening","50264",685
,"Illinois","17","2023","2023","Carbapenemase-producing carbapenem-resistant Enterobacteriaceae","50244",0
,"Illinois","17","2023","2023","Carbapenemase-Producing Organisms (CPO),Total","50272",719
,"Illinois","17","2023","2023","Chancroid","10273",0
,"Illinois","17","2023","2023","Chlamydia trachomatis infection","10274",69992
,"Illinois","17","2023","2023","Cholera","10470",0
,"Illinois","17","2023","2023","Coccidioidomycosis","11900",Not Reportable
,"Illinois","17","2023","2023","Coccidioidomycosis, confirmed","11901",Not Reportable
,"Illinois","17","2023","2023","Coccidioidomycosis, probable","11902",Not Reportable
,"Illinois","17","2023","2023","Coronavirus Disease 2019 (COVID-19), Total","11065",360653
,"Illinois","17","2023","2023","Coronavirus Disease 2019 (COVID-19), Confirmed","11067",262452
,"Illinois","17","2023","2023","Coronavirus Disease 2019 (COVID-19), Probable","11068",98201
,"Illinois","17","2023","2023","Cryptosporidiosis, Total","11580",464
,"Illinois","17","2023","2023","Cryptosporidiosis, Confirmed","11582",360
,"Illinois","17","2023","2023","Cryptosporidiosis, Probable","11583",104
,"Illinois","17","2023","2023","Cyclosporiasis","11575",270
,"Illinois","17","2023","2023","Dengue virus infections, Dengue","10680",36
,"Illinois","17","2023","2023","Dengue virus infections, Dengue-like illness","11704",1
,"Illinois","17","2023","2023","Dengue virus infections, Severe dengue","11705",8
,"Illinois","17","2023","2023","Diphtheria","10040",0
,"Illinois","17","2023","2023","Ehrlichiosis and Anaplasmosis, Anaplasma phagocytophilum infection","11090",34
,"Illinois","17","2023","2023","Ehrlichiosis and Anaplasmosis, Ehrlichia chaffeensis infection","11088",55
,"Illinois","17","2023","2023","Ehrlichiosis and Anaplasmosis, Ehrlichia ewingii infection","11089",0
,"Illinois","17","2023","2023","Ehrlichiosis and Anaplasmosis, Undetermined ehrlichiosis/anaplasmosis","11091",0
,"Illinois","17","2023","2023","Giardiasis","11570",Not Reportable
,"Illinois","17","2023","2023","Gonorrhea","10280",25387
,"Illinois","17","2023","2023","Haemophilus influenzae, invasive disease, All ages, all serotypes","10590",260
,"Illinois","17","2023","2023","Haemophilus influenzae, invasive disease, Age <5 years, Serotype b","10591",1
,"Illinois","17","2023","2023","Haemophilus influenzae, invasive disease, Age <5 years, Non-b serotype","10593",5
,"Illinois","17","2023","2023","Haemophilus influenzae, invasive disease, Age <5 years, Nontypeable","10592",10
,"Illinois","17","2023","2023","Haemophilus influenzae, invasive disease, Age <5 years, Unknown serotype","10597",2
,"Illinois","17","2023","2023","Hansen's disease","10380",0
,"Illinois","17","2023","2023","Hantavirus infection, non-hantavirus pulmonary syndrome","11610",0
,"Illinois","17","2023","2023","Hantavirus pulmonary syndrome","11590",0
,"Illinois","17","2023","2023","Hemolytic uremic syndrome post-diarrheal","11550",9
,"Illinois","17","2023","2023","Hepatitis, A","10110",75
,"Illinois","17","2023","2023","Hepatitis, B, acute","10100",25
,"Illinois","17","2023","2023","Hepatitis, B, perinatal infection","10104",0
,"Illinois","17","2023","2023","Hepatitis, C, acute","10101",219
,"Illinois","17","2023","2023","Hepatitis, C, acute, Confirmed","50228",208
,"Illinois","17","2023","2023","Hepatitis, C, acute, Probable","50229",11
,"Illinois","17","2023","2023","Hepatitis, C, perinatal infection","50248",10
,"Illinois","17","2023","2023","Human immunodeficiency virus diagnoses","10560",1573
,"Illinois","17","2023","2023","Influenza-associated pediatric mortality","11061",4
,"Illinois","17","2023","2023","Invasive pneumococcal disease, All ages","11723",Not Reportable
,"Illinois","17","2023","2023","Invasive pneumococcal disease, All ages, Confirmed","50230",Not Reportable
,"Illinois","17","2023","2023","Invasive pneumococcal disease, All ages, Probable","50231",Not Reportable
,"Illinois","17","2023","2023","Invasive pneumococcal disease, Age <5 years","11722",46
,"Illinois","17","2023","2023","Invasive pneumococcal disease, Age <5 years, Confirmed","50232",40
,"Illinois","17","2023","2023","Invasive pneumococcal disease, Age <5 years, Probable","50233",6
,"Illinois","17","2023","2023","Legionellosis","10490",420
,"Illinois","17","2023","2023","Leptospirosis","10390",2
,"Illinois","17","2023","2023","Listeriosis, Total","10640",34
,"Illinois","17","2023","2023","Listeriosis, Confirmed","10641",32
,"Illinois","17","2023","2023","Listeriosis, Probable","10642",2
,"Illinois","17","2023","2023","Lyme disease, Total","11080",372
,"Illinois","17","2023","2023","Lyme disease, Confirmed","11081",324
,"Illinois","17","2023","2023","Lyme disease, Probable","11082",48
,"Illinois","17","2023","2023","Malaria","10130",103
,"Illinois","17","2023","2023","Measles, Total","10140",5
,"Illinois","17","2023","2023","Measles, Indigenous","10500",4
,"Illinois","17","2023","2023","Measles, Imported","10510",1
,"Illinois","17","2023","2023","Melioidosis","11585",0
,"Illinois","17","2023","2023","Meningococcal disease, All serogroups","10150",12
,"Illinois","17","2023","2023","Meningococcal disease, Serogroups ACWY","10151",6
,"Illinois","17","2023","2023","Meningococcal disease, Serogroup B","10152",2
,"Illinois","17","2023","2023","Meningococcal disease, Other serogroups","10153",3
,"Illinois","17","2023","2023","Meningococcal disease, Unknown serogroup","10154",1
,"Illinois","17","2023","2023","Mpox","11801",145
,"Illinois","17","2023","2023","Mumps","10180",45
,"Illinois","17","2023","2023","Novel Influenza A virus infections","11062",0
,"Illinois","17","2023","2023","Paratyphoid fever","50236",0
,"Illinois","17","2023","2023","Pertussis","10190",689
,"Illinois","17","2023","2023","Plague","10440",0
,"Illinois","17","2023","2023","Poliomyelitis, paralytic","10410",0
,"Illinois","17","2023","2023","Poliovirus infection, nonparalytic","10405",0
,"Illinois","17","2023","2023","Psittacosis","10450",0
,"Illinois","17","2023","2023","Q fever, Total","10259",8
,"Illinois","17","2023","2023","Q fever, Acute","10257",6
,"Illinois","17","2023","2023","Q fever, Chronic","10258",2
,"Illinois","17","2023","2023","Rabies, Animal","10340",83
,"Illinois","17","2023","2023","Rabies, Human","10460",0
,"Illinois","17","2023","2023","Rubella","10200",0
,"Illinois","17","2023","2023","Rubella, congenital syndrome","10370",0
,"Illinois","17","2023","2023","Salmonella Paratyphi infection","50266",13
,"Illinois","17","2023","2023","Salmonella Typhi infection","50267",30
,"Illinois","17","2023","2023","Salmonellosis","11000",0
,"Illinois","17","2023","2023","Salmonellosis (excluding paratyphoid fever and typhoid fever)","50242",0
,"Illinois","17","2023","2023","Salmonellosis (excluding S. Typhi infection and S. Paratyphi infection)","50265",2083
,"Illinois","17","2023","2023","Severe acute respiratory syndrome-associated coronavirus disease","10575",0
,"Illinois","17","2023","2023","Shiga toxin-producing Escherichia coli (STEC)","11563",659
,"Illinois","17","2023","2023","Shigellosis","11010",568
,"Illinois","17","2023","2023","Smallpox","11800",0
,"Illinois","17","2023","2023","Spotted fever rickettsiosis, Total","10250",20
,"Illinois","17","2023","2023","Spotted fever rickettsiosis, Confirmed","10253",2
,"Illinois","17","2023","2023","Spotted fever rickettsiosis, Probable","10254",18
,"Illinois","17","2023","2023","Streptococcal toxic shock syndrome","11700",126
,"Illinois","17","2023","2023","Syphilis, Total, all stages","10399",6186
,"Illinois","17","2023","2023","Syphilis, Congenital","10316",100
,"Illinois","17","2023","2023","Syphilis, Primary and secondary","10310",1457
,"Illinois","17","2023","2023","Tetanus","10210",1
,"Illinois","17","2023","2023","Toxic shock syndrome (other than Streptococcal)","10520",0
,"Illinois","17","2023","2023","Trichinellosis","10270",0
,"Illinois","17","2023","2023","Tuberculosis","10220",353
,"Illinois","17","2023","2023","Tularemia","10230",9
,"Illinois","17","2023","2023","Typhoid fever","10240",0
,"Illinois","17","2023","2023","Vancomycin-intermediate Staphylococcus aureus","11663",7
,"Illinois","17","2023","2023","Vancomycin-resistant Staphylococcus aureus","11665",0
,"Illinois","17","2023","2023","Varicella morbidity","10030",1053
,"Illinois","17","2023","2023","Varicella mortality","10031",1
,"Illinois","17","2023","2023","Vibriosis, Total","11545",100
,"Illinois","17","2023","2023","Vibriosis, Confirmed","50234",39
,"Illinois","17","2023","2023","Vibriosis, Probable","50235",61
,"Illinois","17","2023","2023","Viral hemorrhagic fevers","11647",0
,"Illinois","17","2023","2023","Viral hemorrhagic fevers, Chapare virus","11649",0
,"Illinois","17","2023","2023","Viral hemorrhagic fevers, Crimean-Congo hemorrhagic fever virus","11640",0
,"Illinois","17","2023","2023","Viral hemorrhagic fevers, Ebola virus","11630",0
,"Illinois","17","2023","2023","Viral hemorrhagic fevers, Guanarito virus","11648",0
,"Illinois","17","2023","2023","Viral hemorrhagic fevers, Junin virus","11638",0
,"Illinois","17","2023","2023","Viral hemorrhagic fevers, Lassa virus","11632",0
,"Illinois","17","2023","2023","Viral hemorrhagic fevers, Lujo virus","11644",0
,"Illinois","17","2023","2023","Viral hemorrhagic fevers, Machupo virus","11637",0
,"Illinois","17","2023","2023","Viral hemorrhagic fevers, Marburg virus","11631",0
,"Illinois","17","2023","2023","Viral hemorrhagic fevers, Sabia virus","11639",0
,"Illinois","17","2023","2023","Yellow fever","10660",0
,"Illinois","17","2023","2023","Zika virus, Zika virus disease, congenital","50224",0
,"Illinois","17","2023","2023","Zika virus, Zika virus disease, non-congenital","50223",1
,"Illinois","17","2023","2023","Zika virus, Zika virus infection, congenital","50222",0
,"Illinois","17","2023","2023","Zika virus, Zika virus infection, non-congenital","50221",0
,"Indiana","18","2023","2023","Anthrax","10350",0
,"Indiana","18","2023","2023","Arboviral diseases, Chikungunya virus disease","10073",0
,"Indiana","18","2023","2023","Arboviral diseases, Eastern equine encephalitis virus disease, Neuroinvasive","10053",0
,"Indiana","18","2023","2023","Arboviral diseases, Eastern equine encephalitis virus disease, Non-neuroinvasive","10062",0
,"Indiana","18","2023","2023","Arboviral diseases, Jamestown Canyon  virus disease, Neuroinvasive","10078",0
,"Indiana","18","2023","2023","Arboviral diseases, Jamestown Canyon  virus disease, Non-neuroinvasive","10079",0
,"Indiana","18","2023","2023","Arboviral diseases, La Crosse  virus disease, Neuroinvasive","10081",1
,"Indiana","18","2023","2023","Arboviral diseases, La Crosse  virus disease, Non-neuroinvasive","10082",0
,"Indiana","18","2023","2023","Arboviral diseases, Powassan virus disease, Neuroinvasive","10057",0
,"Indiana","18","2023","2023","Arboviral diseases, Powassan virus disease, Non-neuroinvasive","10063",0
,"Indiana","18","2023","2023","Arboviral diseases, St. Louis encephalitis virus disease, Neuroinvasive","10051",0
,"Indiana","18","2023","2023","Arboviral diseases, St. Louis encephalitis virus disease, Non-neuroinvasive","10064",0
,"Indiana","18","2023","2023","Arboviral diseases, West Nile virus disease, Neuroinvasive","10056",9
,"Indiana","18","2023","2023","Arboviral diseases, West Nile virus disease, Non-neuroinvasive","10049",4
,"Indiana","18","2023","2023","Arboviral diseases, Western equine encephalitis virus disease, Neuroinvasive","10052",0
,"Indiana","18","2023","2023","Arboviral diseases, Western equine encephalitis virus disease, Non-neuroinvasive","10065",0
,"Indiana","18","2023","2023","Babesiosis, Total","12010",2
,"Indiana","18","2023","2023","Babesiosis, Confirmed","12011",2
,"Indiana","18","2023","2023","Babesiosis, Probable","12012",0
,"Indiana","18","2023","2023","Botulism, Total","10360",0
,"Indiana","18","2023","2023","Botulism, Foodborne","10530",0
,"Indiana","18","2023","2023","Botulism, Infant","10540",0
,"Indiana","18","2023","2023","Botulism, Other (wound & unspecified)","10550",Not Reportable
,"Indiana","18","2023","2023","Brucellosis","10020",0
,"Indiana","18","2023","2023","Campylobacteriosis","11020",1244
,"Indiana","18","2023","2023","Candida auris, clinical","50263",112
,"Indiana","18","2023","2023","Candida auris, screening","50264",175
,"Indiana","18","2023","2023","Carbapenemase-producing carbapenem-resistant Enterobacteriaceae","50244",0
,"Indiana","18","2023","2023","Carbapenemase-Producing Organisms (CPO),Total","50272",400
,"Indiana","18","2023","2023","Chancroid","10273",0
,"Indiana","18","2023","2023","Chlamydia trachomatis infection","10274",33693
,"Indiana","18","2023","2023","Cholera","10470",0
,"Indiana","18","2023","2023","Coccidioidomycosis","11900",38
,"Indiana","18","2023","2023","Coccidioidomycosis, confirmed","11901",16
,"Indiana","18","2023","2023","Coccidioidomycosis, probable","11902",22
,"Indiana","18","2023","2023","Coronavirus Disease 2019 (COVID-19), Total","11065",161266
,"Indiana","18","2023","2023","Coronavirus Disease 2019 (COVID-19), Confirmed","11067",92806
,"Indiana","18","2023","2023","Coronavirus Disease 2019 (COVID-19), Probable","11068",68460
,"Indiana","18","2023","2023","Cryptosporidiosis, Total","11580",313
,"Indiana","18","2023","2023","Cryptosporidiosis, Confirmed","11582",307
,"Indiana","18","2023","2023","Cryptosporidiosis, Probable","11583",6
,"Indiana","18","2023","2023","Cyclosporiasis","11575",35
,"Indiana","18","2023","2023","Dengue virus infections, Dengue","10680",7
,"Indiana","18","2023","2023","Dengue virus infections, Dengue-like illness","11704",0
,"Indiana","18","2023","2023","Dengue virus infections, Severe dengue","11705",1
,"Indiana","18","2023","2023","Diphtheria","10040",0
,"Indiana","18","2023","2023","Ehrlichiosis and Anaplasmosis, Anaplasma phagocytophilum infection","11090",2
,"Indiana","18","2023","2023","Ehrlichiosis and Anaplasmosis, Ehrlichia chaffeensis infection","11088",60
,"Indiana","18","2023","2023","Ehrlichiosis and Anaplasmosis, Ehrlichia ewingii infection","11089",2
,"Indiana","18","2023","2023","Ehrlichiosis and Anaplasmosis, Undetermined ehrlichiosis/anaplasmosis","11091",0
,"Indiana","18","2023","2023","Giardiasis","11570",192
,"Indiana","18","2023","2023","Gonorrhea","10280",9881
,"Indiana","18","2023","2023","Haemophilus influenzae, invasive disease, All ages, all serotypes","10590",226
,"Indiana","18","2023","2023","Haemophilus influenzae, invasive disease, Age <5 years, Serotype b","10591",3
,"Indiana","18","2023","2023","Haemophilus influenzae, invasive disease, Age <5 years, Non-b serotype","10593",4
,"Indiana","18","2023","2023","Haemophilus influenzae, invasive disease, Age <5 years, Nontypeable","10592",5
,"Indiana","18","2023","2023","Haemophilus influenzae, invasive disease, Age <5 years, Unknown serotype","10597",3
,"Indiana","18","2023","2023","Hansen's disease","10380",1
,"Indiana","18","2023","2023","Hantavirus infection, non-hantavirus pulmonary syndrome","11610",0
,"Indiana","18","2023","2023","Hantavirus pulmonary syndrome","11590",0
,"Indiana","18","2023","2023","Hemolytic uremic syndrome post-diarrheal","11550",5
,"Indiana","18","2023","2023","Hepatitis, A","10110",13
,"Indiana","18","2023","2023","Hepatitis, B, acute","10100",78
,"Indiana","18","2023","2023","Hepatitis, B, perinatal infection","10104",0
,"Indiana","18","2023","2023","Hepatitis, C, acute","10101",156
,"Indiana","18","2023","2023","Hepatitis, C, acute, Confirmed","50228",150
,"Indiana","18","2023","2023","Hepatitis, C, acute, Probable","50229",6
,"Indiana","18","2023","2023","Hepatitis, C, perinatal infection","50248",12
,"Indiana","18","2023","2023","Human immunodeficiency virus diagnoses","10560",678
,"Indiana","18","2023","2023","Influenza-associated pediatric mortality","11061",6
,"Indiana","18","2023","2023","Invasive pneumococcal disease, All ages","11723",848
,"Indiana","18","2023","2023","Invasive pneumococcal disease, All ages, Confirmed","50230",818
,"Indiana","18","2023","2023","Invasive pneumococcal disease, All ages, Probable","50231",30
,"Indiana","18","2023","2023","Invasive pneumococcal disease, Age <5 years","11722",28
,"Indiana","18","2023","2023","Invasive pneumococcal disease, Age <5 years, Confirmed","50232",27
,"Indiana","18","2023","2023","Invasive pneumococcal disease, Age <5 years, Probable","50233",1
,"Indiana","18","2023","2023","Legionellosis","10490",268
,"Indiana","18","2023","2023","Leptospirosis","10390",4
,"Indiana","18","2023","2023","Listeriosis, Total","10640",18
,"Indiana","18","2023","2023","Listeriosis, Confirmed","10641",16
,"Indiana","18","2023","2023","Listeriosis, Probable","10642",2
,"Indiana","18","2023","2023","Lyme disease, Total","11080",257
,"Indiana","18","2023","2023","Lyme disease, Confirmed","11081",187
,"Indiana","18","2023","2023","Lyme disease, Probable","11082",70
,"Indiana","18","2023","2023","Malaria","10130",28
,"Indiana","18","2023","2023","Measles, Total","10140",0
,"Indiana","18","2023","2023","Measles, Indigenous","10500",0
,"Indiana","18","2023","2023","Measles, Imported","10510",0
,"Indiana","18","2023","2023","Melioidosis","11585",0
,"Indiana","18","2023","2023","Meningococcal disease, All serogroups","10150",7
,"Indiana","18","2023","2023","Meningococcal disease, Serogroups ACWY","10151",5
,"Indiana","18","2023","2023","Meningococcal disease, Serogroup B","10152",1
,"Indiana","18","2023","2023","Meningococcal disease, Other serogroups","10153",0
,"Indiana","18","2023","2023","Meningococcal disease, Unknown serogroup","10154",1
,"Indiana","18","2023","2023","Mpox","11801",19
,"Indiana","18","2023","2023","Mumps","10180",12
,"Indiana","18","2023","2023","Novel Influenza A virus infections","11062",0
,"Indiana","18","2023","2023","Paratyphoid fever","50236",0
,"Indiana","18","2023","2023","Pertussis","10190",175
,"Indiana","18","2023","2023","Plague","10440",0
,"Indiana","18","2023","2023","Poliomyelitis, paralytic","10410",0
,"Indiana","18","2023","2023","Poliovirus infection, nonparalytic","10405",0
,"Indiana","18","2023","2023","Psittacosis","10450",0
,"Indiana","18","2023","2023","Q fever, Total","10259",3
,"Indiana","18","2023","2023","Q fever, Acute","10257",0
,"Indiana","18","2023","2023","Q fever, Chronic","10258",3
,"Indiana","18","2023","2023","Rabies, Animal","10340",10
,"Indiana","18","2023","2023","Rabies, Human","10460",0
,"Indiana","18","2023","2023","Rubella","10200",0
,"Indiana","18","2023","2023","Rubella, congenital syndrome","10370",0
,"Indiana","18","2023","2023","Salmonella Paratyphi infection","50266",0
,"Indiana","18","2023","2023","Salmonella Typhi infection","50267",5
,"Indiana","18","2023","2023","Salmonellosis","11000",0
,"Indiana","18","2023","2023","Salmonellosis (excluding paratyphoid fever and typhoid fever)","50242",0
,"Indiana","18","2023","2023","Salmonellosis (excluding S. Typhi infection and S. Paratyphi infection)","50265",972
,"Indiana","18","2023","2023","Severe acute respiratory syndrome-associated coronavirus disease","10575",0
,"Indiana","18","2023","2023","Shiga toxin-producing Escherichia coli (STEC)","11563",262
,"Indiana","18","2023","2023","Shigellosis","11010",158
,"Indiana","18","2023","2023","Smallpox","11800",0
,"Indiana","18","2023","2023","Spotted fever rickettsiosis, Total","10250",15
,"Indiana","18","2023","2023","Spotted fever rickettsiosis, Confirmed","10253",0
,"Indiana","18","2023","2023","Spotted fever rickettsiosis, Probable","10254",15
,"Indiana","18","2023","2023","Streptococcal toxic shock syndrome","11700",46
,"Indiana","18","2023","2023","Syphilis, Total, all stages","10399",2341
,"Indiana","18","2023","2023","Syphilis, Congenital","10316",50
,"Indiana","18","2023","2023","Syphilis, Primary and secondary","10310",599
,"Indiana","18","2023","2023","Tetanus","10210",2
,"Indiana","18","2023","2023","Toxic shock syndrome (other than Streptococcal)","10520",2
,"Indiana","18","2023","2023","Trichinellosis","10270",0
,"Indiana","18","2023","2023","Tuberculosis","10220",130
,"Indiana","18","2023","2023","Tularemia","10230",4
,"Indiana","18","2023","2023","Typhoid fever","10240",0
,"Indiana","18","2023","2023","Vancomycin-intermediate Staphylococcus aureus","11663",2
,"Indiana","18","2023","2023","Vancomycin-resistant Staphylococcus aureus","11665",0
,"Indiana","18","2023","2023","Varicella morbidity","10030",201
,"Indiana","18","2023","2023","Varicella mortality","10031",0
,"Indiana","18","2023","2023","Vibriosis, Total","11545",36
,"Indiana","18","2023","2023","Vibriosis, Confirmed","50234",22
,"Indiana","18","2023","2023","Vibriosis, Probable","50235",14
,"Indiana","18","2023","2023","Viral hemorrhagic fevers","11647",0
,"Indiana","18","2023","2023","Viral hemorrhagic fevers, Chapare virus","11649",0
,"Indiana","18","2023","2023","Viral hemorrhagic fevers, Crimean-Congo hemorrhagic fever virus","11640",0
,"Indiana","18","2023","2023","Viral hemorrhagic fevers, Ebola virus","11630",0
,"Indiana","18","2023","2023","Viral hemorrhagic fevers, Guanarito virus","11648",0
,"Indiana","18","2023","2023","Viral hemorrhagic fevers, Junin virus","11638",0
,"Indiana","18","2023","2023","Viral hemorrhagic fevers, Lassa virus","11632",0
,"Indiana","18","2023","2023","Viral hemorrhagic fevers, Lujo virus","11644",0
,"Indiana","18","2023","2023","Viral hemorrhagic fevers, Machupo virus","11637",0
,"Indiana","18","2023","2023","Viral hemorrhagic fevers, Marburg virus","11631",0
,"Indiana","18","2023","2023","Viral hemorrhagic fevers, Sabia virus","11639",0
,"Indiana","18","2023","2023","Yellow fever","10660",0
,"Indiana","18","2023","2023","Zika virus, Zika virus disease, congenital","50224",0
,"Indiana","18","2023","2023","Zika virus, Zika virus disease, non-congenital","50223",0
,"Indiana","18","2023","2023","Zika virus, Zika virus infection, congenital","50222",0
,"Indiana","18","2023","2023","Zika virus, Zika virus infection, non-congenital","50221",0
,"Iowa","19","2023","2023","Anthrax","10350",0
,"Iowa","19","2023","2023","Arboviral diseases, Chikungunya virus disease","10073",0
,"Iowa","19","2023","2023","Arboviral diseases, Eastern equine encephalitis virus disease, Neuroinvasive","10053",0
,"Iowa","19","2023","2023","Arboviral diseases, Eastern equine encephalitis virus disease, Non-neuroinvasive","10062",0
,"Iowa","19","2023","2023","Arboviral diseases, Jamestown Canyon  virus disease, Neuroinvasive","10078",0
,"Iowa","19","2023","2023","Arboviral diseases, Jamestown Canyon  virus disease, Non-neuroinvasive","10079",0
,"Iowa","19","2023","2023","Arboviral diseases, La Crosse  virus disease, Neuroinvasive","10081",1
,"Iowa","19","2023","2023","Arboviral diseases, La Crosse  virus disease, Non-neuroinvasive","10082",0
,"Iowa","19","2023","2023","Arboviral diseases, Powassan virus disease, Neuroinvasive","10057",0
,"Iowa","19","2023","2023","Arboviral diseases, Powassan virus disease, Non-neuroinvasive","10063",0
,"Iowa","19","2023","2023","Arboviral diseases, St. Louis encephalitis virus disease, Neuroinvasive","10051",0
,"Iowa","19","2023","2023","Arboviral diseases, St. Louis encephalitis virus disease, Non-neuroinvasive","10064",0
,"Iowa","19","2023","2023","Arboviral diseases, West Nile virus disease, Neuroinvasive","10056",12
,"Iowa","19","2023","2023","Arboviral diseases, West Nile virus disease, Non-neuroinvasive","10049",5
,"Iowa","19","2023","2023","Arboviral diseases, Western equine encephalitis virus disease, Neuroinvasive","10052",0
,"Iowa","19","2023","2023","Arboviral diseases, Western equine encephalitis virus disease, Non-neuroinvasive","10065",0
,"Iowa","19","2023","2023","Babesiosis, Total","12010",5
,"Iowa","19","2023","2023","Babesiosis, Confirmed","12011",3
,"Iowa","19","2023","2023","Babesiosis, Probable","12012",2
,"Iowa","19","2023","2023","Botulism, Total","10360",0
,"Iowa","19","2023","2023","Botulism, Foodborne","10530",0
,"Iowa","19","2023","2023","Botulism, Infant","10540",0
,"Iowa","19","2023","2023","Botulism, Other (wound & unspecified)","10550",0
,"Iowa","19","2023","2023","Brucellosis","10020",0
,"Iowa","19","2023","2023","Campylobacteriosis","11020",1357
,"Iowa","19","2023","2023","Candida auris, clinical","50263",6
,"Iowa","19","2023","2023","Candida auris, screening","50264",34
,"Iowa","19","2023","2023","Carbapenemase-producing carbapenem-resistant Enterobacteriaceae","50244",0
,"Iowa","19","2023","2023","Carbapenemase-Producing Organisms (CPO),Total","50272",88
,"Iowa","19","2023","2023","Chancroid","10273",0
,"Iowa","19","2023","2023","Chlamydia trachomatis infection","10274",13687
,"Iowa","19","2023","2023","Cholera","10470",0
,"Iowa","19","2023","2023","Coccidioidomycosis","11900",Not Reportable
,"Iowa","19","2023","2023","Coccidioidomycosis, confirmed","11901",Not Reportable
,"Iowa","19","2023","2023","Coccidioidomycosis, probable","11902",Not Reportable
,"Iowa","19","2023","2023","Coronavirus Disease 2019 (COVID-19), Total","11065",Not Reportable
,"Iowa","19","2023","2023","Coronavirus Disease 2019 (COVID-19), Confirmed","11067",Not Reportable
,"Iowa","19","2023","2023","Coronavirus Disease 2019 (COVID-19), Probable","11068",Not Reportable
,"Iowa","19","2023","2023","Cryptosporidiosis, Total","11580",437
,"Iowa","19","2023","2023","Cryptosporidiosis, Confirmed","11582",369
,"Iowa","19","2023","2023","Cryptosporidiosis, Probable","11583",68
,"Iowa","19","2023","2023","Cyclosporiasis","11575",52
,"Iowa","19","2023","2023","Dengue virus infections, Dengue","10680",6
,"Iowa","19","2023","2023","Dengue virus infections, Dengue-like illness","11704",0
,"Iowa","19","2023","2023","Dengue virus infections, Severe dengue","11705",0
,"Iowa","19","2023","2023","Diphtheria","10040",0
,"Iowa","19","2023","2023","Ehrlichiosis and Anaplasmosis, Anaplasma phagocytophilum infection","11090",12
,"Iowa","19","2023","2023","Ehrlichiosis and Anaplasmosis, Ehrlichia chaffeensis infection","11088",15
,"Iowa","19","2023","2023","Ehrlichiosis and Anaplasmosis, Ehrlichia ewingii infection","11089",0
,"Iowa","19","2023","2023","Ehrlichiosis and Anaplasmosis, Undetermined ehrlichiosis/anaplasmosis","11091",1
,"Iowa","19","2023","2023","Giardiasis","11570",201
,"Iowa","19","2023","2023","Gonorrhea","10280",3747
,"Iowa","19","2023","2023","Haemophilus influenzae, invasive disease, All ages, all serotypes","10590",1
,"Iowa","19","2023","2023","Haemophilus influenzae, invasive disease, Age <5 years, Serotype b","10591",0
,"Iowa","19","2023","2023","Haemophilus influenzae, invasive disease, Age <5 years, Non-b serotype","10593",0
,"Iowa","19","2023","2023","Haemophilus influenzae, invasive disease, Age <5 years, Nontypeable","10592",0
,"Iowa","19","2023","2023","Haemophilus influenzae, invasive disease, Age <5 years, Unknown serotype","10597",0
,"Iowa","19","2023","2023","Hansen's disease","10380",3
,"Iowa","19","2023","2023","Hantavirus infection, non-hantavirus pulmonary syndrome","11610",0
,"Iowa","19","2023","2023","Hantavirus pulmonary syndrome","11590",0
,"Iowa","19","2023","2023","Hemolytic uremic syndrome post-diarrheal","11550",2
,"Iowa","19","2023","2023","Hepatitis, A","10110",13
,"Iowa","19","2023","2023","Hepatitis, B, acute","10100",10
,"Iowa","19","2023","2023","Hepatitis, B, perinatal infection","10104",0
,"Iowa","19","2023","2023","Hepatitis, C, acute","10101",20
,"Iowa","19","2023","2023","Hepatitis, C, acute, Confirmed","50228",20
,"Iowa","19","2023","2023","Hepatitis, C, acute, Probable","50229",0
,"Iowa","19","2023","2023","Hepatitis, C, perinatal infection","50248",0
,"Iowa","19","2023","2023","Human immunodeficiency virus diagnoses","10560",138
,"Iowa","19","2023","2023","Influenza-associated pediatric mortality","11061",4
,"Iowa","19","2023","2023","Invasive pneumococcal disease, All ages","11723",Not Reportable
,"Iowa","19","2023","2023","Invasive pneumococcal disease, All ages, Confirmed","50230",Not Reportable
,"Iowa","19","2023","2023","Invasive pneumococcal disease, All ages, Probable","50231",Not Reportable
,"Iowa","19","2023","2023","Invasive pneumococcal disease, Age <5 years","11722",Not Reportable
,"Iowa","19","2023","2023","Invasive pneumococcal disease, Age <5 years, Confirmed","50232",Not Reportable
,"Iowa","19","2023","2023","Invasive pneumococcal disease, Age <5 years, Probable","50233",Not Reportable
,"Iowa","19","2023","2023","Legionellosis","10490",57
,"Iowa","19","2023","2023","Leptospirosis","10390",Not Reportable
,"Iowa","19","2023","2023","Listeriosis, Total","10640",4
,"Iowa","19","2023","2023","Listeriosis, Confirmed","10641",4
,"Iowa","19","2023","2023","Listeriosis, Probable","10642",0
,"Iowa","19","2023","2023","Lyme disease, Total","11080",212
,"Iowa","19","2023","2023","Lyme disease, Confirmed","11081",197
,"Iowa","19","2023","2023","Lyme disease, Probable","11082",15
,"Iowa","19","2023","2023","Malaria","10130",33
,"Iowa","19","2023","2023","Measles, Total","10140",0
,"Iowa","19","2023","2023","Measles, Indigenous","10500",0
,"Iowa","19","2023","2023","Measles, Imported","10510",0
,"Iowa","19","2023","2023","Melioidosis","11585",0
,"Iowa","19","2023","2023","Meningococcal disease, All serogroups","10150",12
,"Iowa","19","2023","2023","Meningococcal disease, Serogroups ACWY","10151",10
,"Iowa","19","2023","2023","Meningococcal disease, Serogroup B","10152",0
,"Iowa","19","2023","2023","Meningococcal disease, Other serogroups","10153",0
,"Iowa","19","2023","2023","Meningococcal disease, Unknown serogroup","10154",2
,"Iowa","19","2023","2023","Mpox","11801",1
,"Iowa","19","2023","2023","Mumps","10180",9
,"Iowa","19","2023","2023","Novel Influenza A virus infections","11062",0
,"Iowa","19","2023","2023","Paratyphoid fever","50236",0
,"Iowa","19","2023","2023","Pertussis","10190",58
,"Iowa","19","2023","2023","Plague","10440",0
,"Iowa","19","2023","2023","Poliomyelitis, paralytic","10410",0
,"Iowa","19","2023","2023","Poliovirus infection, nonparalytic","10405",0
,"Iowa","19","2023","2023","Psittacosis","10450",0
,"Iowa","19","2023","2023","Q fever, Total","10259",6
,"Iowa","19","2023","2023","Q fever, Acute","10257",6
,"Iowa","19","2023","2023","Q fever, Chronic","10258",0
,"Iowa","19","2023","2023","Rabies, Animal","10340",14
,"Iowa","19","2023","2023","Rabies, Human","10460",0
,"Iowa","19","2023","2023","Rubella","10200",0
,"Iowa","19","2023","2023","Rubella, congenital syndrome","10370",0
,"Iowa","19","2023","2023","Salmonella Paratyphi infection","50266",1
,"Iowa","19","2023","2023","Salmonella Typhi infection","50267",1
,"Iowa","19","2023","2023","Salmonellosis","11000",0
,"Iowa","19","2023","2023","Salmonellosis (excluding paratyphoid fever and typhoid fever)","50242",0
,"Iowa","19","2023","2023","Salmonellosis (excluding S. Typhi infection and S. Paratyphi infection)","50265",795
,"Iowa","19","2023","2023","Severe acute respiratory syndrome-associated coronavirus disease","10575",0
,"Iowa","19","2023","2023","Shiga toxin-producing Escherichia coli (STEC)","11563",478
,"Iowa","19","2023","2023","Shigellosis","11010",143
,"Iowa","19","2023","2023","Smallpox","11800",0
,"Iowa","19","2023","2023","Spotted fever rickettsiosis, Total","10250",2
,"Iowa","19","2023","2023","Spotted fever rickettsiosis, Confirmed","10253",0
,"Iowa","19","2023","2023","Spotted fever rickettsiosis, Probable","10254",2
,"Iowa","19","2023","2023","Streptococcal toxic shock syndrome","11700",Not Reportable
,"Iowa","19","2023","2023","Syphilis, Total, all stages","10399",957
,"Iowa","19","2023","2023","Syphilis, Congenital","10316",12
,"Iowa","19","2023","2023","Syphilis, Primary and secondary","10310",331
,"Iowa","19","2023","2023","Tetanus","10210",1
,"Iowa","19","2023","2023","Toxic shock syndrome (other than Streptococcal)","10520",Not Reportable
,"Iowa","19","2023","2023","Trichinellosis","10270",Not Reportable
,"Iowa","19","2023","2023","Tuberculosis","10220",67
,"Iowa","19","2023","2023","Tularemia","10230",7
,"Iowa","19","2023","2023","Typhoid fever","10240",0
,"Iowa","19","2023","2023","Vancomycin-intermediate Staphylococcus aureus","11663",1
,"Iowa","19","2023","2023","Vancomycin-resistant Staphylococcus aureus","11665",0
,"Iowa","19","2023","2023","Varicella morbidity","10030",Not Reportable
,"Iowa","19","2023","2023","Varicella mortality","10031",Not Reportable
,"Iowa","19","2023","2023","Vibriosis, Total","11545",Not Reportable
,"Iowa","19","2023","2023","Vibriosis, Confirmed","50234",Not Reportable
,"Iowa","19","2023","2023","Vibriosis, Probable","50235",Not Reportable
,"Iowa","19","2023","2023","Viral hemorrhagic fevers","11647",0
,"Iowa","19","2023","2023","Viral hemorrhagic fevers, Chapare virus","11649",0
,"Iowa","19","2023","2023","Viral hemorrhagic fevers, Crimean-Congo hemorrhagic fever virus","11640",0
,"Iowa","19","2023","2023","Viral hemorrhagic fevers, Ebola virus","11630",0
,"Iowa","19","2023","2023","Viral hemorrhagic fevers, Guanarito virus","11648",0
,"Iowa","19","2023","2023","Viral hemorrhagic fevers, Junin virus","11638",0
,"Iowa","19","2023","2023","Viral hemorrhagic fevers, Lassa virus","11632",0
,"Iowa","19","2023","2023","Viral hemorrhagic fevers, Lujo virus","11644",0
,"Iowa","19","2023","2023","Viral hemorrhagic fevers, Machupo virus","11637",0
,"Iowa","19","2023","2023","Viral hemorrhagic fevers, Marburg virus","11631",0
,"Iowa","19","2023","2023","Viral hemorrhagic fevers, Sabia virus","11639",0
,"Iowa","19","2023","2023","Yellow fever","10660",0
,"Iowa","19","2023","2023","Zika virus, Zika virus disease, congenital","50224",0
,"Iowa","19","2023","2023","Zika virus, Zika virus disease, non-congenital","50223",0
,"Iowa","19","2023","2023","Zika virus, Zika virus infection, congenital","50222",0
,"Iowa","19","2023","2023","Zika virus, Zika virus infection, non-congenital","50221",0
,"Kansas","20","2023","2023","Anthrax","10350",0
,"Kansas","20","2023","2023","Arboviral diseases, Chikungunya virus disease","10073",2
,"Kansas","20","2023","2023","Arboviral diseases, Eastern equine encephalitis virus disease, Neuroinvasive","10053",0
,"Kansas","20","2023","2023","Arboviral diseases, Eastern equine encephalitis virus disease, Non-neuroinvasive","10062",0
,"Kansas","20","2023","2023","Arboviral diseases, Jamestown Canyon  virus disease, Neuroinvasive","10078",0
,"Kansas","20","2023","2023","Arboviral diseases, Jamestown Canyon  virus disease, Non-neuroinvasive","10079",0
,"Kansas","20","2023","2023","Arboviral diseases, La Crosse  virus disease, Neuroinvasive","10081",0
,"Kansas","20","2023","2023","Arboviral diseases, La Crosse  virus disease, Non-neuroinvasive","10082",0
,"Kansas","20","2023","2023","Arboviral diseases, Powassan virus disease, Neuroinvasive","10057",0
,"Kansas","20","2023","2023","Arboviral diseases, Powassan virus disease, Non-neuroinvasive","10063",0
,"Kansas","20","2023","2023","Arboviral diseases, St. Louis encephalitis virus disease, Neuroinvasive","10051",0
,"Kansas","20","2023","2023","Arboviral diseases, St. Louis encephalitis virus disease, Non-neuroinvasive","10064",0
,"Kansas","20","2023","2023","Arboviral diseases, West Nile virus disease, Neuroinvasive","10056",46
,"Kansas","20","2023","2023","Arboviral diseases, West Nile virus disease, Non-neuroinvasive","10049",20
,"Kansas","20","2023","2023","Arboviral diseases, Western equine encephalitis virus disease, Neuroinvasive","10052",0
,"Kansas","20","2023","2023","Arboviral diseases, Western equine encephalitis virus disease, Non-neuroinvasive","10065",0
,"Kansas","20","2023","2023","Babesiosis, Total","12010",1
,"Kansas","20","2023","2023","Babesiosis, Confirmed","12011",0
,"Kansas","20","2023","2023","Babesiosis, Probable","12012",1
,"Kansas","20","2023","2023","Botulism, Total","10360",0
,"Kansas","20","2023","2023","Botulism, Foodborne","10530",0
,"Kansas","20","2023","2023","Botulism, Infant","10540",0
,"Kansas","20","2023","2023","Botulism, Other (wound & unspecified)","10550",0
,"Kansas","20","2023","2023","Brucellosis","10020",1
,"Kansas","20","2023","2023","Campylobacteriosis","11020",974
,"Kansas","20","2023","2023","Candida auris, clinical","50263",0
,"Kansas","20","2023","2023","Candida auris, screening","50264",0
,"Kansas","20","2023","2023","Carbapenemase-producing carbapenem-resistant Enterobacteriaceae","50244",0
,"Kansas","20","2023","2023","Carbapenemase-Producing Organisms (CPO),Total","50272",84
,"Kansas","20","2023","2023","Chancroid","10273",0
,"Kansas","20","2023","2023","Chlamydia trachomatis infection","10274",13345
,"Kansas","20","2023","2023","Cholera","10470",0
,"Kansas","20","2023","2023","Coccidioidomycosis","11900",8
,"Kansas","20","2023","2023","Coccidioidomycosis, confirmed","11901",5
,"Kansas","20","2023","2023","Coccidioidomycosis, probable","11902",3
,"Kansas","20","2023","2023","Coronavirus Disease 2019 (COVID-19), Total","11065",Not Reportable
,"Kansas","20","2023","2023","Coronavirus Disease 2019 (COVID-19), Confirmed","11067",Not Reportable
,"Kansas","20","2023","2023","Coronavirus Disease 2019 (COVID-19), Probable","11068",Not Reportable
,"Kansas","20","2023","2023","Cryptosporidiosis, Total","11580",98
,"Kansas","20","2023","2023","Cryptosporidiosis, Confirmed","11582",93
,"Kansas","20","2023","2023","Cryptosporidiosis, Probable","11583",5
,"Kansas","20","2023","2023","Cyclosporiasis","11575",36
,"Kansas","20","2023","2023","Dengue virus infections, Dengue","10680",2
,"Kansas","20","2023","2023","Dengue virus infections, Dengue-like illness","11704",0
,"Kansas","20","2023","2023","Dengue virus infections, Severe dengue","11705",0
,"Kansas","20","2023","2023","Diphtheria","10040",0
,"Kansas","20","2023","2023","Ehrlichiosis and Anaplasmosis, Anaplasma phagocytophilum infection","11090",4
,"Kansas","20","2023","2023","Ehrlichiosis and Anaplasmosis, Ehrlichia chaffeensis infection","11088",55
,"Kansas","20","2023","2023","Ehrlichiosis and Anaplasmosis, Ehrlichia ewingii infection","11089",5
,"Kansas","20","2023","2023","Ehrlichiosis and Anaplasmosis, Undetermined ehrlichiosis/anaplasmosis","11091",0
,"Kansas","20","2023","2023","Giardiasis","11570",138
,"Kansas","20","2023","2023","Gonorrhea","10280",4234
,"Kansas","20","2023","2023","Haemophilus influenzae, invasive disease, All ages, all serotypes","10590",71
,"Kansas","20","2023","2023","Haemophilus influenzae, invasive disease, Age <5 years, Serotype b","10591",0
,"Kansas","20","2023","2023","Haemophilus influenzae, invasive disease, Age <5 years, Non-b serotype","10593",0
,"Kansas","20","2023","2023","Haemophilus influenzae, invasive disease, Age <5 years, Nontypeable","10592",0
,"Kansas","20","2023","2023","Haemophilus influenzae, invasive disease, Age <5 years, Unknown serotype","10597",5
,"Kansas","20","2023","2023","Hansen's disease","10380",1
,"Kansas","20","2023","2023","Hantavirus infection, non-hantavirus pulmonary syndrome","11610",0
,"Kansas","20","2023","2023","Hantavirus pulmonary syndrome","11590",0
,"Kansas","20","2023","2023","Hemolytic uremic syndrome post-diarrheal","11550",6
,"Kansas","20","2023","2023","Hepatitis, A","10110",82
,"Kansas","20","2023","2023","Hepatitis, B, acute","10100",16
,"Kansas","20","2023","2023","Hepatitis, B, perinatal infection","10104",0
,"Kansas","20","2023","2023","Hepatitis, C, acute","10101",12
,"Kansas","20","2023","2023","Hepatitis, C, acute, Confirmed","50228",11
,"Kansas","20","2023","2023","Hepatitis, C, acute, Probable","50229",1
,"Kansas","20","2023","2023","Hepatitis, C, perinatal infection","50248",2
,"Kansas","20","2023","2023","Human immunodeficiency virus diagnoses","10560",150
,"Kansas","20","2023","2023","Influenza-associated pediatric mortality","11061",2
,"Kansas","20","2023","2023","Invasive pneumococcal disease, All ages","11723",281
,"Kansas","20","2023","2023","Invasive pneumococcal disease, All ages, Confirmed","50230",266
,"Kansas","20","2023","2023","Invasive pneumococcal disease, All ages, Probable","50231",15
,"Kansas","20","2023","2023","Invasive pneumococcal disease, Age <5 years","11722",18
,"Kansas","20","2023","2023","Invasive pneumococcal disease, Age <5 years, Confirmed","50232",16
,"Kansas","20","2023","2023","Invasive pneumococcal disease, Age <5 years, Probable","50233",2
,"Kansas","20","2023","2023","Legionellosis","10490",43
,"Kansas","20","2023","2023","Leptospirosis","10390",0
,"Kansas","20","2023","2023","Listeriosis, Total","10640",3
,"Kansas","20","2023","2023","Listeriosis, Confirmed","10641",2
,"Kansas","20","2023","2023","Listeriosis, Probable","10642",1
,"Kansas","20","2023","2023","Lyme disease, Total","11080",12
,"Kansas","20","2023","2023","Lyme disease, Confirmed","11081",8
,"Kansas","20","2023","2023","Lyme disease, Probable","11082",4
,"Kansas","20","2023","2023","Malaria","10130",15
,"Kansas","20","2023","2023","Measles, Total","10140",0
,"Kansas","20","2023","2023","Measles, Indigenous","10500",0
,"Kansas","20","2023","2023","Measles, Imported","10510",0
,"Kansas","20","2023","2023","Melioidosis","11585",0
,"Kansas","20","2023","2023","Meningococcal disease, All serogroups","10150",3
,"Kansas","20","2023","2023","Meningococcal disease, Serogroups ACWY","10151",0
,"Kansas","20","2023","2023","Meningococcal disease, Serogroup B","10152",0
,"Kansas","20","2023","2023","Meningococcal disease, Other serogroups","10153",0
,"Kansas","20","2023","2023","Meningococcal disease, Unknown serogroup","10154",3
,"Kansas","20","2023","2023","Mpox","11801",2
,"Kansas","20","2023","2023","Mumps","10180",3
,"Kansas","20","2023","2023","Novel Influenza A virus infections","11062",0
,"Kansas","20","2023","2023","Paratyphoid fever","50236",0
,"Kansas","20","2023","2023","Pertussis","10190",69
,"Kansas","20","2023","2023","Plague","10440",0
,"Kansas","20","2023","2023","Poliomyelitis, paralytic","10410",0
,"Kansas","20","2023","2023","Poliovirus infection, nonparalytic","10405",0
,"Kansas","20","2023","2023","Psittacosis","10450",0
,"Kansas","20","2023","2023","Q fever, Total","10259",0
,"Kansas","20","2023","2023","Q fever, Acute","10257",0
,"Kansas","20","2023","2023","Q fever, Chronic","10258",0
,"Kansas","20","2023","2023","Rabies, Animal","10340",26
,"Kansas","20","2023","2023","Rabies, Human","10460",0
,"Kansas","20","2023","2023","Rubella","10200",1
,"Kansas","20","2023","2023","Rubella, congenital syndrome","10370",0
,"Kansas","20","2023","2023","Salmonella Paratyphi infection","50266",1
,"Kansas","20","2023","2023","Salmonella Typhi infection","50267",2
,"Kansas","20","2023","2023","Salmonellosis","11000",0
,"Kansas","20","2023","2023","Salmonellosis (excluding paratyphoid fever and typhoid fever)","50242",0
,"Kansas","20","2023","2023","Salmonellosis (excluding S. Typhi infection and S. Paratyphi infection)","50265",682
,"Kansas","20","2023","2023","Severe acute respiratory syndrome-associated coronavirus disease","10575",0
,"Kansas","20","2023","2023","Shiga toxin-producing Escherichia coli (STEC)","11563",242
,"Kansas","20","2023","2023","Shigellosis","11010",68
,"Kansas","20","2023","2023","Smallpox","11800",0
,"Kansas","20","2023","2023","Spotted fever rickettsiosis, Total","10250",22
,"Kansas","20","2023","2023","Spotted fever rickettsiosis, Confirmed","10253",1
,"Kansas","20","2023","2023","Spotted fever rickettsiosis, Probable","10254",21
,"Kansas","20","2023","2023","Streptococcal toxic shock syndrome","11700",3
,"Kansas","20","2023","2023","Syphilis, Total, all stages","10399",1269
,"Kansas","20","2023","2023","Syphilis, Congenital","10316",15
,"Kansas","20","2023","2023","Syphilis, Primary and secondary","10310",397
,"Kansas","20","2023","2023","Tetanus","10210",0
,"Kansas","20","2023","2023","Toxic shock syndrome (other than Streptococcal)","10520",0
,"Kansas","20","2023","2023","Trichinellosis","10270",0
,"Kansas","20","2023","2023","Tuberculosis","10220",46
,"Kansas","20","2023","2023","Tularemia","10230",20
,"Kansas","20","2023","2023","Typhoid fever","10240",0
,"Kansas","20","2023","2023","Vancomycin-intermediate Staphylococcus aureus","11663",2
,"Kansas","20","2023","2023","Vancomycin-resistant Staphylococcus aureus","11665",0
,"Kansas","20","2023","2023","Varicella morbidity","10030",146
,"Kansas","20","2023","2023","Varicella mortality","10031",0
,"Kansas","20","2023","2023","Vibriosis, Total","11545",19
,"Kansas","20","2023","2023","Vibriosis, Confirmed","50234",2
,"Kansas","20","2023","2023","Vibriosis, Probable","50235",17
,"Kansas","20","2023","2023","Viral hemorrhagic fevers","11647",0
,"Kansas","20","2023","2023","Viral hemorrhagic fevers, Chapare virus","11649",0
,"Kansas","20","2023","2023","Viral hemorrhagic fevers, Crimean-Congo hemorrhagic fever virus","11640",0
,"Kansas","20","2023","2023","Viral hemorrhagic fevers, Ebola virus","11630",0
,"Kansas","20","2023","2023","Viral hemorrhagic fevers, Guanarito virus","11648",0
,"Kansas","20","2023","2023","Viral hemorrhagic fevers, Junin virus","11638",0
,"Kansas","20","2023","2023","Viral hemorrhagic fevers, Lassa virus","11632",0
,"Kansas","20","2023","2023","Viral hemorrhagic fevers, Lujo virus","11644",0
,"Kansas","20","2023","2023","Viral hemorrhagic fevers, Machupo virus","11637",0
,"Kansas","20","2023","2023","Viral hemorrhagic fevers, Marburg virus","11631",0
,"Kansas","20","2023","2023","Viral hemorrhagic fevers, Sabia virus","11639",0
,"Kansas","20","2023","2023","Yellow fever","10660",0
,"Kansas","20","2023","2023","Zika virus, Zika virus disease, congenital","50224",0
,"Kansas","20","2023","2023","Zika virus, Zika virus disease, non-congenital","50223",0
,"Kansas","20","2023","2023","Zika virus, Zika virus infection, congenital","50222",0
,"Kansas","20","2023","2023","Zika virus, Zika virus infection, non-congenital","50221",0
,"Kentucky","21","2023","2023","Anthrax","10350",0
,"Kentucky","21","2023","2023","Arboviral diseases, Chikungunya virus disease","10073",0
,"Kentucky","21","2023","2023","Arboviral diseases, Eastern equine encephalitis virus disease, Neuroinvasive","10053",0
,"Kentucky","21","2023","2023","Arboviral diseases, Eastern equine encephalitis virus disease, Non-neuroinvasive","10062",0
,"Kentucky","21","2023","2023","Arboviral diseases, Jamestown Canyon  virus disease, Neuroinvasive","10078",0
,"Kentucky","21","2023","2023","Arboviral diseases, Jamestown Canyon  virus disease, Non-neuroinvasive","10079",0
,"Kentucky","21","2023","2023","Arboviral diseases, La Crosse  virus disease, Neuroinvasive","10081",0
,"Kentucky","21","2023","2023","Arboviral diseases, La Crosse  virus disease, Non-neuroinvasive","10082",0
,"Kentucky","21","2023","2023","Arboviral diseases, Powassan virus disease, Neuroinvasive","10057",0
,"Kentucky","21","2023","2023","Arboviral diseases, Powassan virus disease, Non-neuroinvasive","10063",0
,"Kentucky","21","2023","2023","Arboviral diseases, St. Louis encephalitis virus disease, Neuroinvasive","10051",0
,"Kentucky","21","2023","2023","Arboviral diseases, St. Louis encephalitis virus disease, Non-neuroinvasive","10064",0
,"Kentucky","21","2023","2023","Arboviral diseases, West Nile virus disease, Neuroinvasive","10056",10
,"Kentucky","21","2023","2023","Arboviral diseases, West Nile virus disease, Non-neuroinvasive","10049",2
,"Kentucky","21","2023","2023","Arboviral diseases, Western equine encephalitis virus disease, Neuroinvasive","10052",0
,"Kentucky","21","2023","2023","Arboviral diseases, Western equine encephalitis virus disease, Non-neuroinvasive","10065",0
,"Kentucky","21","2023","2023","Babesiosis, Total","12010",0
,"Kentucky","21","2023","2023","Babesiosis, Confirmed","12011",0
,"Kentucky","21","2023","2023","Babesiosis, Probable","12012",0
,"Kentucky","21","2023","2023","Botulism, Total","10360",6
,"Kentucky","21","2023","2023","Botulism, Foodborne","10530",0
,"Kentucky","21","2023","2023","Botulism, Infant","10540",6
,"Kentucky","21","2023","2023","Botulism, Other (wound & unspecified)","10550",0
,"Kentucky","21","2023","2023","Brucellosis","10020",0
,"Kentucky","21","2023","2023","Campylobacteriosis","11020",1258
,"Kentucky","21","2023","2023","Candida auris, clinical","50263",0
,"Kentucky","21","2023","2023","Candida auris, screening","50264",0
,"Kentucky","21","2023","2023","Carbapenemase-producing carbapenem-resistant Enterobacteriaceae","50244",0
,"Kentucky","21","2023","2023","Carbapenemase-Producing Organisms (CPO),Total","50272",0
,"Kentucky","21","2023","2023","Chancroid","10273",0
,"Kentucky","21","2023","2023","Chlamydia trachomatis infection","10274",17252
,"Kentucky","21","2023","2023","Cholera","10470",0
,"Kentucky","21","2023","2023","Coccidioidomycosis","11900",20
,"Kentucky","21","2023","2023","Coccidioidomycosis, confirmed","11901",11
,"Kentucky","21","2023","2023","Coccidioidomycosis, probable","11902",9
,"Kentucky","21","2023","2023","Coronavirus Disease 2019 (COVID-19), Total","11065",200725
,"Kentucky","21","2023","2023","Coronavirus Disease 2019 (COVID-19), Confirmed","11067",107772
,"Kentucky","21","2023","2023","Coronavirus Disease 2019 (COVID-19), Probable","11068",92953
,"Kentucky","21","2023","2023","Cryptosporidiosis, Total","11580",261
,"Kentucky","21","2023","2023","Cryptosporidiosis, Confirmed","11582",249
,"Kentucky","21","2023","2023","Cryptosporidiosis, Probable","11583",12
,"Kentucky","21","2023","2023","Cyclosporiasis","11575",51
,"Kentucky","21","2023","2023","Dengue virus infections, Dengue","10680",10
,"Kentucky","21","2023","2023","Dengue virus infections, Dengue-like illness","11704",0
,"Kentucky","21","2023","2023","Dengue virus infections, Severe dengue","11705",0
,"Kentucky","21","2023","2023","Diphtheria","10040",0
,"Kentucky","21","2023","2023","Ehrlichiosis and Anaplasmosis, Anaplasma phagocytophilum infection","11090",4
,"Kentucky","21","2023","2023","Ehrlichiosis and Anaplasmosis, Ehrlichia chaffeensis infection","11088",129
,"Kentucky","21","2023","2023","Ehrlichiosis and Anaplasmosis, Ehrlichia ewingii infection","11089",1
,"Kentucky","21","2023","2023","Ehrlichiosis and Anaplasmosis, Undetermined ehrlichiosis/anaplasmosis","11091",6
,"Kentucky","21","2023","2023","Giardiasis","11570",213
,"Kentucky","21","2023","2023","Gonorrhea","10280",6072
,"Kentucky","21","2023","2023","Haemophilus influenzae, invasive disease, All ages, all serotypes","10590",133
,"Kentucky","21","2023","2023","Haemophilus influenzae, invasive disease, Age <5 years, Serotype b","10591",0
,"Kentucky","21","2023","2023","Haemophilus influenzae, invasive disease, Age <5 years, Non-b serotype","10593",0
,"Kentucky","21","2023","2023","Haemophilus influenzae, invasive disease, Age <5 years, Nontypeable","10592",0
,"Kentucky","21","2023","2023","Haemophilus influenzae, invasive disease, Age <5 years, Unknown serotype","10597",7
,"Kentucky","21","2023","2023","Hansen's disease","10380",2
,"Kentucky","21","2023","2023","Hantavirus infection, non-hantavirus pulmonary syndrome","11610",0
,"Kentucky","21","2023","2023","Hantavirus pulmonary syndrome","11590",0
,"Kentucky","21","2023","2023","Hemolytic uremic syndrome post-diarrheal","11550",9
,"Kentucky","21","2023","2023","Hepatitis, A","10110",15
,"Kentucky","21","2023","2023","Hepatitis, B, acute","10100",82
,"Kentucky","21","2023","2023","Hepatitis, B, perinatal infection","10104",0
,"Kentucky","21","2023","2023","Hepatitis, C, acute","10101",358
,"Kentucky","21","2023","2023","Hepatitis, C, acute, Confirmed","50228",267
,"Kentucky","21","2023","2023","Hepatitis, C, acute, Probable","50229",91
,"Kentucky","21","2023","2023","Hepatitis, C, perinatal infection","50248",25
,"Kentucky","21","2023","2023","Human immunodeficiency virus diagnoses","10560",396
,"Kentucky","21","2023","2023","Influenza-associated pediatric mortality","11061",2
,"Kentucky","21","2023","2023","Invasive pneumococcal disease, All ages","11723",376
,"Kentucky","21","2023","2023","Invasive pneumococcal disease, All ages, Confirmed","50230",352
,"Kentucky","21","2023","2023","Invasive pneumococcal disease, All ages, Probable","50231",24
,"Kentucky","21","2023","2023","Invasive pneumococcal disease, Age <5 years","11722",10
,"Kentucky","21","2023","2023","Invasive pneumococcal disease, Age <5 years, Confirmed","50232",10
,"Kentucky","21","2023","2023","Invasive pneumococcal disease, Age <5 years, Probable","50233",0
,"Kentucky","21","2023","2023","Legionellosis","10490",107
,"Kentucky","21","2023","2023","Leptospirosis","10390",0
,"Kentucky","21","2023","2023","Listeriosis, Total","10640",7
,"Kentucky","21","2023","2023","Listeriosis, Confirmed","10641",7
,"Kentucky","21","2023","2023","Listeriosis, Probable","10642",0
,"Kentucky","21","2023","2023","Lyme disease, Total","11080",120
,"Kentucky","21","2023","2023","Lyme disease, Confirmed","11081",94
,"Kentucky","21","2023","2023","Lyme disease, Probable","11082",26
,"Kentucky","21","2023","2023","Malaria","10130",12
,"Kentucky","21","2023","2023","Measles, Total","10140",2
,"Kentucky","21","2023","2023","Measles, Indigenous","10500",1
,"Kentucky","21","2023","2023","Measles, Imported","10510",1
,"Kentucky","21","2023","2023","Melioidosis","11585",0
,"Kentucky","21","2023","2023","Meningococcal disease, All serogroups","10150",3
,"Kentucky","21","2023","2023","Meningococcal disease, Serogroups ACWY","10151",1
,"Kentucky","21","2023","2023","Meningococcal disease, Serogroup B","10152",0
,"Kentucky","21","2023","2023","Meningococcal disease, Other serogroups","10153",0
,"Kentucky","21","2023","2023","Meningococcal disease, Unknown serogroup","10154",2
,"Kentucky","21","2023","2023","Mpox","11801",12
,"Kentucky","21","2023","2023","Mumps","10180",9
,"Kentucky","21","2023","2023","Novel Influenza A virus infections","11062",0
,"Kentucky","21","2023","2023","Paratyphoid fever","50236",0
,"Kentucky","21","2023","2023","Pertussis","10190",118
,"Kentucky","21","2023","2023","Plague","10440",0
,"Kentucky","21","2023","2023","Poliomyelitis, paralytic","10410",0
,"Kentucky","21","2023","2023","Poliovirus infection, nonparalytic","10405",0
,"Kentucky","21","2023","2023","Psittacosis","10450",0
,"Kentucky","21","2023","2023","Q fever, Total","10259",6
,"Kentucky","21","2023","2023","Q fever, Acute","10257",3
,"Kentucky","21","2023","2023","Q fever, Chronic","10258",3
,"Kentucky","21","2023","2023","Rabies, Animal","10340",19
,"Kentucky","21","2023","2023","Rabies, Human","10460",0
,"Kentucky","21","2023","2023","Rubella","10200",0
,"Kentucky","21","2023","2023","Rubella, congenital syndrome","10370",0
,"Kentucky","21","2023","2023","Salmonella Paratyphi infection","50266",1
,"Kentucky","21","2023","2023","Salmonella Typhi infection","50267",4
,"Kentucky","21","2023","2023","Salmonellosis","11000",0
,"Kentucky","21","2023","2023","Salmonellosis (excluding paratyphoid fever and typhoid fever)","50242",0
,"Kentucky","21","2023","2023","Salmonellosis (excluding S. Typhi infection and S. Paratyphi infection)","50265",699
,"Kentucky","21","2023","2023","Severe acute respiratory syndrome-associated coronavirus disease","10575",0
,"Kentucky","21","2023","2023","Shiga toxin-producing Escherichia coli (STEC)","11563",276
,"Kentucky","21","2023","2023","Shigellosis","11010",128
,"Kentucky","21","2023","2023","Smallpox","11800",0
,"Kentucky","21","2023","2023","Spotted fever rickettsiosis, Total","10250",94
,"Kentucky","21","2023","2023","Spotted fever rickettsiosis, Confirmed","10253",2
,"Kentucky","21","2023","2023","Spotted fever rickettsiosis, Probable","10254",92
,"Kentucky","21","2023","2023","Streptococcal toxic shock syndrome","11700",11
,"Kentucky","21","2023","2023","Syphilis, Total, all stages","10399",2183
,"Kentucky","21","2023","2023","Syphilis, Congenital","10316",47
,"Kentucky","21","2023","2023","Syphilis, Primary and secondary","10310",638
,"Kentucky","21","2023","2023","Tetanus","10210",0
,"Kentucky","21","2023","2023","Toxic shock syndrome (other than Streptococcal)","10520",1
,"Kentucky","21","2023","2023","Trichinellosis","10270",0
,"Kentucky","21","2023","2023","Tuberculosis","10220",75
,"Kentucky","21","2023","2023","Tularemia","10230",10
,"Kentucky","21","2023","2023","Typhoid fever","10240",0
,"Kentucky","21","2023","2023","Vancomycin-intermediate Staphylococcus aureus","11663",1
,"Kentucky","21","2023","2023","Vancomycin-resistant Staphylococcus aureus","11665",0
,"Kentucky","21","2023","2023","Varicella morbidity","10030",51
,"Kentucky","21","2023","2023","Varicella mortality","10031",0
,"Kentucky","21","2023","2023","Vibriosis, Total","11545",26
,"Kentucky","21","2023","2023","Vibriosis, Confirmed","50234",12
,"Kentucky","21","2023","2023","Vibriosis, Probable","50235",14
,"Kentucky","21","2023","2023","Viral hemorrhagic fevers","11647",0
,"Kentucky","21","2023","2023","Viral hemorrhagic fevers, Chapare virus","11649",0
,"Kentucky","21","2023","2023","Viral hemorrhagic fevers, Crimean-Congo hemorrhagic fever virus","11640",0
,"Kentucky","21","2023","2023","Viral hemorrhagic fevers, Ebola virus","11630",0
,"Kentucky","21","2023","2023","Viral hemorrhagic fevers, Guanarito virus","11648",0
,"Kentucky","21","2023","2023","Viral hemorrhagic fevers, Junin virus","11638",0
,"Kentucky","21","2023","2023","Viral hemorrhagic fevers, Lassa virus","11632",0
,"Kentucky","21","2023","2023","Viral hemorrhagic fevers, Lujo virus","11644",0
,"Kentucky","21","2023","2023","Viral hemorrhagic fevers, Machupo virus","11637",0
,"Kentucky","21","2023","2023","Viral hemorrhagic fevers, Marburg virus","11631",0
,"Kentucky","21","2023","2023","Viral hemorrhagic fevers, Sabia virus","11639",0
,"Kentucky","21","2023","2023","Yellow fever","10660",0
,"Kentucky","21","2023","2023","Zika virus, Zika virus disease, congenital","50224",0
,"Kentucky","21","2023","2023","Zika virus, Zika virus disease, non-congenital","50223",0
,"Kentucky","21","2023","2023","Zika virus, Zika virus infection, congenital","50222",0
,"Kentucky","21","2023","2023","Zika virus, Zika virus infection, non-congenital","50221",0
,"Louisiana","22","2023","2023","Anthrax","10350",0
,"Louisiana","22","2023","2023","Arboviral diseases, Chikungunya virus disease","10073",1
,"Louisiana","22","2023","2023","Arboviral diseases, Eastern equine encephalitis virus disease, Neuroinvasive","10053",1
,"Louisiana","22","2023","2023","Arboviral diseases, Eastern equine encephalitis virus disease, Non-neuroinvasive","10062",0
,"Louisiana","22","2023","2023","Arboviral diseases, Jamestown Canyon  virus disease, Neuroinvasive","10078",0
,"Louisiana","22","2023","2023","Arboviral diseases, Jamestown Canyon  virus disease, Non-neuroinvasive","10079",0
,"Louisiana","22","2023","2023","Arboviral diseases, La Crosse  virus disease, Neuroinvasive","10081",0
,"Louisiana","22","2023","2023","Arboviral diseases, La Crosse  virus disease, Non-neuroinvasive","10082",0
,"Louisiana","22","2023","2023","Arboviral diseases, Powassan virus disease, Neuroinvasive","10057",0
,"Louisiana","22","2023","2023","Arboviral diseases, Powassan virus disease, Non-neuroinvasive","10063",0
,"Louisiana","22","2023","2023","Arboviral diseases, St. Louis encephalitis virus disease, Neuroinvasive","10051",0
,"Louisiana","22","2023","2023","Arboviral diseases, St. Louis encephalitis virus disease, Non-neuroinvasive","10064",0
,"Louisiana","22","2023","2023","Arboviral diseases, West Nile virus disease, Neuroinvasive","10056",46
,"Louisiana","22","2023","2023","Arboviral diseases, West Nile virus disease, Non-neuroinvasive","10049",7
,"Louisiana","22","2023","2023","Arboviral diseases, Western equine encephalitis virus disease, Neuroinvasive","10052",0
,"Louisiana","22","2023","2023","Arboviral diseases, Western equine encephalitis virus disease, Non-neuroinvasive","10065",0
,"Louisiana","22","2023","2023","Babesiosis, Total","12010",0
,"Louisiana","22","2023","2023","Babesiosis, Confirmed","12011",0
,"Louisiana","22","2023","2023","Babesiosis, Probable","12012",0
,"Louisiana","22","2023","2023","Botulism, Total","10360",0
,"Louisiana","22","2023","2023","Botulism, Foodborne","10530",0
,"Louisiana","22","2023","2023","Botulism, Infant","10540",0
,"Louisiana","22","2023","2023","Botulism, Other (wound & unspecified)","10550",0
,"Louisiana","22","2023","2023","Brucellosis","10020",3
,"Louisiana","22","2023","2023","Campylobacteriosis","11020",959
,"Louisiana","22","2023","2023","Candida auris, clinical","50263",26
,"Louisiana","22","2023","2023","Candida auris, screening","50264",44
,"Louisiana","22","2023","2023","Carbapenemase-producing carbapenem-resistant Enterobacteriaceae","50244",0
,"Louisiana","22","2023","2023","Carbapenemase-Producing Organisms (CPO),Total","50272",24
,"Louisiana","22","2023","2023","Chancroid","10273",0
,"Louisiana","22","2023","2023","Chlamydia trachomatis infection","10274",36242
,"Louisiana","22","2023","2023","Cholera","10470",3
,"Louisiana","22","2023","2023","Coccidioidomycosis","11900",17
,"Louisiana","22","2023","2023","Coccidioidomycosis, confirmed","11901",17
,"Louisiana","22","2023","2023","Coccidioidomycosis, probable","11902",0
,"Louisiana","22","2023","2023","Coronavirus Disease 2019 (COVID-19), Total","11065",Unavailable
,"Louisiana","22","2023","2023","Coronavirus Disease 2019 (COVID-19), Confirmed","11067",Unavailable
,"Louisiana","22","2023","2023","Coronavirus Disease 2019 (COVID-19), Probable","11068",Unavailable
,"Louisiana","22","2023","2023","Cryptosporidiosis, Total","11580",169
,"Louisiana","22","2023","2023","Cryptosporidiosis, Confirmed","11582",109
,"Louisiana","22","2023","2023","Cryptosporidiosis, Probable","11583",60
,"Louisiana","22","2023","2023","Cyclosporiasis","11575",70
,"Louisiana","22","2023","2023","Dengue virus infections, Dengue","10680",8
,"Louisiana","22","2023","2023","Dengue virus infections, Dengue-like illness","11704",0
,"Louisiana","22","2023","2023","Dengue virus infections, Severe dengue","11705",0
,"Louisiana","22","2023","2023","Diphtheria","10040",0
,"Louisiana","22","2023","2023","Ehrlichiosis and Anaplasmosis, Anaplasma phagocytophilum infection","11090",2
,"Louisiana","22","2023","2023","Ehrlichiosis and Anaplasmosis, Ehrlichia chaffeensis infection","11088",4
,"Louisiana","22","2023","2023","Ehrlichiosis and Anaplasmosis, Ehrlichia ewingii infection","11089",0
,"Louisiana","22","2023","2023","Ehrlichiosis and Anaplasmosis, Undetermined ehrlichiosis/anaplasmosis","11091",0
,"Louisiana","22","2023","2023","Giardiasis","11570",257
,"Louisiana","22","2023","2023","Gonorrhea","10280",13192
,"Louisiana","22","2023","2023","Haemophilus influenzae, invasive disease, All ages, all serotypes","10590",104
,"Louisiana","22","2023","2023","Haemophilus influenzae, invasive disease, Age <5 years, Serotype b","10591",0
,"Louisiana","22","2023","2023","Haemophilus influenzae, invasive disease, Age <5 years, Non-b serotype","10593",1
,"Louisiana","22","2023","2023","Haemophilus influenzae, invasive disease, Age <5 years, Nontypeable","10592",3
,"Louisiana","22","2023","2023","Haemophilus influenzae, invasive disease, Age <5 years, Unknown serotype","10597",3
,"Louisiana","22","2023","2023","Hansen's disease","10380",1
,"Louisiana","22","2023","2023","Hantavirus infection, non-hantavirus pulmonary syndrome","11610",0
,"Louisiana","22","2023","2023","Hantavirus pulmonary syndrome","11590",1
,"Louisiana","22","2023","2023","Hemolytic uremic syndrome post-diarrheal","11550",5
,"Louisiana","22","2023","2023","Hepatitis, A","10110",12
,"Louisiana","22","2023","2023","Hepatitis, B, acute","10100",15
,"Louisiana","22","2023","2023","Hepatitis, B, perinatal infection","10104",0
,"Louisiana","22","2023","2023","Hepatitis, C, acute","10101",107
,"Louisiana","22","2023","2023","Hepatitis, C, acute, Confirmed","50228",107
,"Louisiana","22","2023","2023","Hepatitis, C, acute, Probable","50229",0
,"Louisiana","22","2023","2023","Hepatitis, C, perinatal infection","50248",12
,"Louisiana","22","2023","2023","Human immunodeficiency virus diagnoses","10560",858
,"Louisiana","22","2023","2023","Influenza-associated pediatric mortality","11061",3
,"Louisiana","22","2023","2023","Invasive pneumococcal disease, All ages","11723",481
,"Louisiana","22","2023","2023","Invasive pneumococcal disease, All ages, Confirmed","50230",458
,"Louisiana","22","2023","2023","Invasive pneumococcal disease, All ages, Probable","50231",23
,"Louisiana","22","2023","2023","Invasive pneumococcal disease, Age <5 years","11722",33
,"Louisiana","22","2023","2023","Invasive pneumococcal disease, Age <5 years, Confirmed","50232",32
,"Louisiana","22","2023","2023","Invasive pneumococcal disease, Age <5 years, Probable","50233",1
,"Louisiana","22","2023","2023","Legionellosis","10490",65
,"Louisiana","22","2023","2023","Leptospirosis","10390",1
,"Louisiana","22","2023","2023","Listeriosis, Total","10640",4
,"Louisiana","22","2023","2023","Listeriosis, Confirmed","10641",4
,"Louisiana","22","2023","2023","Listeriosis, Probable","10642",0
,"Louisiana","22","2023","2023","Lyme disease, Total","11080",15
,"Louisiana","22","2023","2023","Lyme disease, Confirmed","11081",14
,"Louisiana","22","2023","2023","Lyme disease, Probable","11082",1
,"Louisiana","22","2023","2023","Malaria","10130",10
,"Louisiana","22","2023","2023","Measles, Total","10140",0
,"Louisiana","22","2023","2023","Measles, Indigenous","10500",0
,"Louisiana","22","2023","2023","Measles, Imported","10510",0
,"Louisiana","22","2023","2023","Melioidosis","11585",0
,"Louisiana","22","2023","2023","Meningococcal disease, All serogroups","10150",7
,"Louisiana","22","2023","2023","Meningococcal disease, Serogroups ACWY","10151",6
,"Louisiana","22","2023","2023","Meningococcal disease, Serogroup B","10152",0
,"Louisiana","22","2023","2023","Meningococcal disease, Other serogroups","10153",1
,"Louisiana","22","2023","2023","Meningococcal disease, Unknown serogroup","10154",0
,"Louisiana","22","2023","2023","Mpox","11801",21
,"Louisiana","22","2023","2023","Mumps","10180",4
,"Louisiana","22","2023","2023","Novel Influenza A virus infections","11062",0
,"Louisiana","22","2023","2023","Paratyphoid fever","50236",0
,"Louisiana","22","2023","2023","Pertussis","10190",12
,"Louisiana","22","2023","2023","Plague","10440",0
,"Louisiana","22","2023","2023","Poliomyelitis, paralytic","10410",0
,"Louisiana","22","2023","2023","Poliovirus infection, nonparalytic","10405",0
,"Louisiana","22","2023","2023","Psittacosis","10450",0
,"Louisiana","22","2023","2023","Q fever, Total","10259",4
,"Louisiana","22","2023","2023","Q fever, Acute","10257",4
,"Louisiana","22","2023","2023","Q fever, Chronic","10258",0
,"Louisiana","22","2023","2023","Rabies, Animal","10340",7
,"Louisiana","22","2023","2023","Rabies, Human","10460",0
,"Louisiana","22","2023","2023","Rubella","10200",0
,"Louisiana","22","2023","2023","Rubella, congenital syndrome","10370",0
,"Louisiana","22","2023","2023","Salmonella Paratyphi infection","50266",0
,"Louisiana","22","2023","2023","Salmonella Typhi infection","50267",1
,"Louisiana","22","2023","2023","Salmonellosis","11000",0
,"Louisiana","22","2023","2023","Salmonellosis (excluding paratyphoid fever and typhoid fever)","50242",0
,"Louisiana","22","2023","2023","Salmonellosis (excluding S. Typhi infection and S. Paratyphi infection)","50265",1194
,"Louisiana","22","2023","2023","Severe acute respiratory syndrome-associated coronavirus disease","10575",0
,"Louisiana","22","2023","2023","Shiga toxin-producing Escherichia coli (STEC)","11563",104
,"Louisiana","22","2023","2023","Shigellosis","11010",122
,"Louisiana","22","2023","2023","Smallpox","11800",0
,"Louisiana","22","2023","2023","Spotted fever rickettsiosis, Total","10250",4
,"Louisiana","22","2023","2023","Spotted fever rickettsiosis, Confirmed","10253",0
,"Louisiana","22","2023","2023","Spotted fever rickettsiosis, Probable","10254",4
,"Louisiana","22","2023","2023","Streptococcal toxic shock syndrome","11700",2
,"Louisiana","22","2023","2023","Syphilis, Total, all stages","10399",4607
,"Louisiana","22","2023","2023","Syphilis, Congenital","10316",109
,"Louisiana","22","2023","2023","Syphilis, Primary and secondary","10310",1196
,"Louisiana","22","2023","2023","Tetanus","10210",0
,"Louisiana","22","2023","2023","Toxic shock syndrome (other than Streptococcal)","10520",0
,"Louisiana","22","2023","2023","Trichinellosis","10270",0
,"Louisiana","22","2023","2023","Tuberculosis","10220",100
,"Louisiana","22","2023","2023","Tularemia","10230",0
,"Louisiana","22","2023","2023","Typhoid fever","10240",0
,"Louisiana","22","2023","2023","Vancomycin-intermediate Staphylococcus aureus","11663",0
,"Louisiana","22","2023","2023","Vancomycin-resistant Staphylococcus aureus","11665",0
,"Louisiana","22","2023","2023","Varicella morbidity","10030",83
,"Louisiana","22","2023","2023","Varicella mortality","10031",0
,"Louisiana","22","2023","2023","Vibriosis, Total","11545",105
,"Louisiana","22","2023","2023","Vibriosis, Confirmed","50234",52
,"Louisiana","22","2023","2023","Vibriosis, Probable","50235",53
,"Louisiana","22","2023","2023","Viral hemorrhagic fevers","11647",0
,"Louisiana","22","2023","2023","Viral hemorrhagic fevers, Chapare virus","11649",0
,"Louisiana","22","2023","2023","Viral hemorrhagic fevers, Crimean-Congo hemorrhagic fever virus","11640",0
,"Louisiana","22","2023","2023","Viral hemorrhagic fevers, Ebola virus","11630",0
,"Louisiana","22","2023","2023","Viral hemorrhagic fevers, Guanarito virus","11648",0
,"Louisiana","22","2023","2023","Viral hemorrhagic fevers, Junin virus","11638",0
,"Louisiana","22","2023","2023","Viral hemorrhagic fevers, Lassa virus","11632",0
,"Louisiana","22","2023","2023","Viral hemorrhagic fevers, Lujo virus","11644",0
,"Louisiana","22","2023","2023","Viral hemorrhagic fevers, Machupo virus","11637",0
,"Louisiana","22","2023","2023","Viral hemorrhagic fevers, Marburg virus","11631",0
,"Louisiana","22","2023","2023","Viral hemorrhagic fevers, Sabia virus","11639",0
,"Louisiana","22","2023","2023","Yellow fever","10660",0
,"Louisiana","22","2023","2023","Zika virus, Zika virus disease, congenital","50224",0
,"Louisiana","22","2023","2023","Zika virus, Zika virus disease, non-congenital","50223",0
,"Louisiana","22","2023","2023","Zika virus, Zika virus infection, congenital","50222",0
,"Louisiana","22","2023","2023","Zika virus, Zika virus infection, non-congenital","50221",0
,"Maine","23","2023","2023","Anthrax","10350",0
,"Maine","23","2023","2023","Arboviral diseases, Chikungunya virus disease","10073",0
,"Maine","23","2023","2023","Arboviral diseases, Eastern equine encephalitis virus disease, Neuroinvasive","10053",0
,"Maine","23","2023","2023","Arboviral diseases, Eastern equine encephalitis virus disease, Non-neuroinvasive","10062",0
,"Maine","23","2023","2023","Arboviral diseases, Jamestown Canyon  virus disease, Neuroinvasive","10078",0
,"Maine","23","2023","2023","Arboviral diseases, Jamestown Canyon  virus disease, Non-neuroinvasive","10079",0
,"Maine","23","2023","2023","Arboviral diseases, La Crosse  virus disease, Neuroinvasive","10081",0
,"Maine","23","2023","2023","Arboviral diseases, La Crosse  virus disease, Non-neuroinvasive","10082",0
,"Maine","23","2023","2023","Arboviral diseases, Powassan virus disease, Neuroinvasive","10057",7
,"Maine","23","2023","2023","Arboviral diseases, Powassan virus disease, Non-neuroinvasive","10063",1
,"Maine","23","2023","2023","Arboviral diseases, St. Louis encephalitis virus disease, Neuroinvasive","10051",0
,"Maine","23","2023","2023","Arboviral diseases, St. Louis encephalitis virus disease, Non-neuroinvasive","10064",0
,"Maine","23","2023","2023","Arboviral diseases, West Nile virus disease, Neuroinvasive","10056",0
,"Maine","23","2023","2023","Arboviral diseases, West Nile virus disease, Non-neuroinvasive","10049",0
,"Maine","23","2023","2023","Arboviral diseases, Western equine encephalitis virus disease, Neuroinvasive","10052",0
,"Maine","23","2023","2023","Arboviral diseases, Western equine encephalitis virus disease, Non-neuroinvasive","10065",0
,"Maine","23","2023","2023","Babesiosis, Total","12010",196
,"Maine","23","2023","2023","Babesiosis, Confirmed","12011",165
,"Maine","23","2023","2023","Babesiosis, Probable","12012",31
,"Maine","23","2023","2023","Botulism, Total","10360",0
,"Maine","23","2023","2023","Botulism, Foodborne","10530",0
,"Maine","23","2023","2023","Botulism, Infant","10540",0
,"Maine","23","2023","2023","Botulism, Other (wound & unspecified)","10550",0
,"Maine","23","2023","2023","Brucellosis","10020",0
,"Maine","23","2023","2023","Campylobacteriosis","11020",230
,"Maine","23","2023","2023","Candida auris, clinical","50263",0
,"Maine","23","2023","2023","Candida auris, screening","50264",0
,"Maine","23","2023","2023","Carbapenemase-producing carbapenem-resistant Enterobacteriaceae","50244",0
,"Maine","23","2023","2023","Carbapenemase-Producing Organisms (CPO),Total","50272",51
,"Maine","23","2023","2023","Chancroid","10273",0
,"Maine","23","2023","2023","Chlamydia trachomatis infection","10274",3034
,"Maine","23","2023","2023","Cholera","10470",0
,"Maine","23","2023","2023","Coccidioidomycosis","11900",Not Reportable
,"Maine","23","2023","2023","Coccidioidomycosis, confirmed","11901",Not Reportable
,"Maine","23","2023","2023","Coccidioidomycosis, probable","11902",Not Reportable
,"Maine","23","2023","2023","Coronavirus Disease 2019 (COVID-19), Total","11065",32211
,"Maine","23","2023","2023","Coronavirus Disease 2019 (COVID-19), Confirmed","11067",18421
,"Maine","23","2023","2023","Coronavirus Disease 2019 (COVID-19), Probable","11068",13790
,"Maine","23","2023","2023","Cryptosporidiosis, Total","11580",57
,"Maine","23","2023","2023","Cryptosporidiosis, Confirmed","11582",38
,"Maine","23","2023","2023","Cryptosporidiosis, Probable","11583",19
,"Maine","23","2023","2023","Cyclosporiasis","11575",4
,"Maine","23","2023","2023","Dengue virus infections, Dengue","10680",0
,"Maine","23","2023","2023","Dengue virus infections, Dengue-like illness","11704",0
,"Maine","23","2023","2023","Dengue virus infections, Severe dengue","11705",0
,"Maine","23","2023","2023","Diphtheria","10040",0
,"Maine","23","2023","2023","Ehrlichiosis and Anaplasmosis, Anaplasma phagocytophilum infection","11090",777
,"Maine","23","2023","2023","Ehrlichiosis and Anaplasmosis, Ehrlichia chaffeensis infection","11088",3
,"Maine","23","2023","2023","Ehrlichiosis and Anaplasmosis, Ehrlichia ewingii infection","11089",0
,"Maine","23","2023","2023","Ehrlichiosis and Anaplasmosis, Undetermined ehrlichiosis/anaplasmosis","11091",0
,"Maine","23","2023","2023","Giardiasis","11570",149
,"Maine","23","2023","2023","Gonorrhea","10280",620
,"Maine","23","2023","2023","Haemophilus influenzae, invasive disease, All ages, all serotypes","10590",36
,"Maine","23","2023","2023","Haemophilus influenzae, invasive disease, Age <5 years, Serotype b","10591",0
,"Maine","23","2023","2023","Haemophilus influenzae, invasive disease, Age <5 years, Non-b serotype","10593",0
,"Maine","23","2023","2023","Haemophilus influenzae, invasive disease, Age <5 years, Nontypeable","10592",0
,"Maine","23","2023","2023","Haemophilus influenzae, invasive disease, Age <5 years, Unknown serotype","10597",0
,"Maine","23","2023","2023","Hansen's disease","10380",Not Reportable
,"Maine","23","2023","2023","Hantavirus infection, non-hantavirus pulmonary syndrome","11610",0
,"Maine","23","2023","2023","Hantavirus pulmonary syndrome","11590",0
,"Maine","23","2023","2023","Hemolytic uremic syndrome post-diarrheal","11550",1
,"Maine","23","2023","2023","Hepatitis, A","10110",60
,"Maine","23","2023","2023","Hepatitis, B, acute","10100",20
,"Maine","23","2023","2023","Hepatitis, B, perinatal infection","10104",0
,"Maine","23","2023","2023","Hepatitis, C, acute","10101",79
,"Maine","23","2023","2023","Hepatitis, C, acute, Confirmed","50228",67
,"Maine","23","2023","2023","Hepatitis, C, acute, Probable","50229",12
,"Maine","23","2023","2023","Hepatitis, C, perinatal infection","50248",3
,"Maine","23","2023","2023","Human immunodeficiency virus diagnoses","10560",36
,"Maine","23","2023","2023","Influenza-associated pediatric mortality","11061",1
,"Maine","23","2023","2023","Invasive pneumococcal disease, All ages","11723",192
,"Maine","23","2023","2023","Invasive pneumococcal disease, All ages, Confirmed","50230",190
,"Maine","23","2023","2023","Invasive pneumococcal disease, All ages, Probable","50231",2
,"Maine","23","2023","2023","Invasive pneumococcal disease, Age <5 years","11722",4
,"Maine","23","2023","2023","Invasive pneumococcal disease, Age <5 years, Confirmed","50232",4
,"Maine","23","2023","2023","Invasive pneumococcal disease, Age <5 years, Probable","50233",0
,"Maine","23","2023","2023","Legionellosis","10490",25
,"Maine","23","2023","2023","Leptospirosis","10390",1
,"Maine","23","2023","2023","Listeriosis, Total","10640",9
,"Maine","23","2023","2023","Listeriosis, Confirmed","10641",8
,"Maine","23","2023","2023","Listeriosis, Probable","10642",1
,"Maine","23","2023","2023","Lyme disease, Total","11080",2942
,"Maine","23","2023","2023","Lyme disease, Confirmed","11081",0
,"Maine","23","2023","2023","Lyme disease, Probable","11082",2942
,"Maine","23","2023","2023","Malaria","10130",5
,"Maine","23","2023","2023","Measles, Total","10140",0
,"Maine","23","2023","2023","Measles, Indigenous","10500",0
,"Maine","23","2023","2023","Measles, Imported","10510",0
,"Maine","23","2023","2023","Melioidosis","11585",0
,"Maine","23","2023","2023","Meningococcal disease, All serogroups","10150",0
,"Maine","23","2023","2023","Meningococcal disease, Serogroups ACWY","10151",0
,"Maine","23","2023","2023","Meningococcal disease, Serogroup B","10152",0
,"Maine","23","2023","2023","Meningococcal disease, Other serogroups","10153",0
,"Maine","23","2023","2023","Meningococcal disease, Unknown serogroup","10154",0
,"Maine","23","2023","2023","Mpox","11801",0
,"Maine","23","2023","2023","Mumps","10180",3
,"Maine","23","2023","2023","Novel Influenza A virus infections","11062",0
,"Maine","23","2023","2023","Paratyphoid fever","50236",0
,"Maine","23","2023","2023","Pertussis","10190",76
,"Maine","23","2023","2023","Plague","10440",0
,"Maine","23","2023","2023","Poliomyelitis, paralytic","10410",0
,"Maine","23","2023","2023","Poliovirus infection, nonparalytic","10405",0
,"Maine","23","2023","2023","Psittacosis","10450",0
,"Maine","23","2023","2023","Q fever, Total","10259",0
,"Maine","23","2023","2023","Q fever, Acute","10257",0
,"Maine","23","2023","2023","Q fever, Chronic","10258",0
,"Maine","23","2023","2023","Rabies, Animal","10340",75
,"Maine","23","2023","2023","Rabies, Human","10460",0
,"Maine","23","2023","2023","Rubella","10200",0
,"Maine","23","2023","2023","Rubella, congenital syndrome","10370",0
,"Maine","23","2023","2023","Salmonella Paratyphi infection","50266",0
,"Maine","23","2023","2023","Salmonella Typhi infection","50267",0
,"Maine","23","2023","2023","Salmonellosis","11000",0
,"Maine","23","2023","2023","Salmonellosis (excluding paratyphoid fever and typhoid fever)","50242",0
,"Maine","23","2023","2023","Salmonellosis (excluding S. Typhi infection and S. Paratyphi infection)","50265",121
,"Maine","23","2023","2023","Severe acute respiratory syndrome-associated coronavirus disease","10575",0
,"Maine","23","2023","2023","Shiga toxin-producing Escherichia coli (STEC)","11563",29
,"Maine","23","2023","2023","Shigellosis","11010",15
,"Maine","23","2023","2023","Smallpox","11800",0
,"Maine","23","2023","2023","Spotted fever rickettsiosis, Total","10250",0
,"Maine","23","2023","2023","Spotted fever rickettsiosis, Confirmed","10253",0
,"Maine","23","2023","2023","Spotted fever rickettsiosis, Probable","10254",0
,"Maine","23","2023","2023","Streptococcal toxic shock syndrome","11700",20
,"Maine","23","2023","2023","Syphilis, Total, all stages","10399",169
,"Maine","23","2023","2023","Syphilis, Congenital","10316",2
,"Maine","23","2023","2023","Syphilis, Primary and secondary","10310",74
,"Maine","23","2023","2023","Tetanus","10210",0
,"Maine","23","2023","2023","Toxic shock syndrome (other than Streptococcal)","10520",0
,"Maine","23","2023","2023","Trichinellosis","10270",0
,"Maine","23","2023","2023","Tuberculosis","10220",26
,"Maine","23","2023","2023","Tularemia","10230",0
,"Maine","23","2023","2023","Typhoid fever","10240",0
,"Maine","23","2023","2023","Vancomycin-intermediate Staphylococcus aureus","11663",0
,"Maine","23","2023","2023","Vancomycin-resistant Staphylococcus aureus","11665",0
,"Maine","23","2023","2023","Varicella morbidity","10030",46
,"Maine","23","2023","2023","Varicella mortality","10031",0
,"Maine","23","2023","2023","Vibriosis, Total","11545",24
,"Maine","23","2023","2023","Vibriosis, Confirmed","50234",13
,"Maine","23","2023","2023","Vibriosis, Probable","50235",11
,"Maine","23","2023","2023","Viral hemorrhagic fevers","11647",0
,"Maine","23","2023","2023","Viral hemorrhagic fevers, Chapare virus","11649",0
,"Maine","23","2023","2023","Viral hemorrhagic fevers, Crimean-Congo hemorrhagic fever virus","11640",0
,"Maine","23","2023","2023","Viral hemorrhagic fevers, Ebola virus","11630",0
,"Maine","23","2023","2023","Viral hemorrhagic fevers, Guanarito virus","11648",0
,"Maine","23","2023","2023","Viral hemorrhagic fevers, Junin virus","11638",0
,"Maine","23","2023","2023","Viral hemorrhagic fevers, Lassa virus","11632",0
,"Maine","23","2023","2023","Viral hemorrhagic fevers, Lujo virus","11644",0
,"Maine","23","2023","2023","Viral hemorrhagic fevers, Machupo virus","11637",0
,"Maine","23","2023","2023","Viral hemorrhagic fevers, Marburg virus","11631",0
,"Maine","23","2023","2023","Viral hemorrhagic fevers, Sabia virus","11639",0
,"Maine","23","2023","2023","Yellow fever","10660",0
,"Maine","23","2023","2023","Zika virus, Zika virus disease, congenital","50224",0
,"Maine","23","2023","2023","Zika virus, Zika virus disease, non-congenital","50223",0
,"Maine","23","2023","2023","Zika virus, Zika virus infection, congenital","50222",0
,"Maine","23","2023","2023","Zika virus, Zika virus infection, non-congenital","50221",0
,"Maryland","24","2023","2023","Anthrax","10350",0
,"Maryland","24","2023","2023","Arboviral diseases, Chikungunya virus disease","10073",6
,"Maryland","24","2023","2023","Arboviral diseases, Eastern equine encephalitis virus disease, Neuroinvasive","10053",0
,"Maryland","24","2023","2023","Arboviral diseases, Eastern equine encephalitis virus disease, Non-neuroinvasive","10062",0
,"Maryland","24","2023","2023","Arboviral diseases, Jamestown Canyon  virus disease, Neuroinvasive","10078",0
,"Maryland","24","2023","2023","Arboviral diseases, Jamestown Canyon  virus disease, Non-neuroinvasive","10079",0
,"Maryland","24","2023","2023","Arboviral diseases, La Crosse  virus disease, Neuroinvasive","10081",0
,"Maryland","24","2023","2023","Arboviral diseases, La Crosse  virus disease, Non-neuroinvasive","10082",0
,"Maryland","24","2023","2023","Arboviral diseases, Powassan virus disease, Neuroinvasive","10057",1
,"Maryland","24","2023","2023","Arboviral diseases, Powassan virus disease, Non-neuroinvasive","10063",0
,"Maryland","24","2023","2023","Arboviral diseases, St. Louis encephalitis virus disease, Neuroinvasive","10051",0
,"Maryland","24","2023","2023","Arboviral diseases, St. Louis encephalitis virus disease, Non-neuroinvasive","10064",0
,"Maryland","24","2023","2023","Arboviral diseases, West Nile virus disease, Neuroinvasive","10056",9
,"Maryland","24","2023","2023","Arboviral diseases, West Nile virus disease, Non-neuroinvasive","10049",4
,"Maryland","24","2023","2023","Arboviral diseases, Western equine encephalitis virus disease, Neuroinvasive","10052",0
,"Maryland","24","2023","2023","Arboviral diseases, Western equine encephalitis virus disease, Non-neuroinvasive","10065",0
,"Maryland","24","2023","2023","Babesiosis, Total","12010",29
,"Maryland","24","2023","2023","Babesiosis, Confirmed","12011",28
,"Maryland","24","2023","2023","Babesiosis, Probable","12012",1
,"Maryland","24","2023","2023","Botulism, Total","10360",10
,"Maryland","24","2023","2023","Botulism, Foodborne","10530",0
,"Maryland","24","2023","2023","Botulism, Infant","10540",10
,"Maryland","24","2023","2023","Botulism, Other (wound & unspecified)","10550",0
,"Maryland","24","2023","2023","Brucellosis","10020",2
,"Maryland","24","2023","2023","Campylobacteriosis","11020",1289
,"Maryland","24","2023","2023","Candida auris, clinical","50263",88
,"Maryland","24","2023","2023","Candida auris, screening","50264",172
,"Maryland","24","2023","2023","Carbapenemase-producing carbapenem-resistant Enterobacteriaceae","50244",0
,"Maryland","24","2023","2023","Carbapenemase-Producing Organisms (CPO),Total","50272",0
,"Maryland","24","2023","2023","Chancroid","10273",0
,"Maryland","24","2023","2023","Chlamydia trachomatis infection","10274",35836
,"Maryland","24","2023","2023","Cholera","10470",1
,"Maryland","24","2023","2023","Coccidioidomycosis","11900",24
,"Maryland","24","2023","2023","Coccidioidomycosis, confirmed","11901",9
,"Maryland","24","2023","2023","Coccidioidomycosis, probable","11902",15
,"Maryland","24","2023","2023","Coronavirus Disease 2019 (COVID-19), Total","11065",170215
,"Maryland","24","2023","2023","Coronavirus Disease 2019 (COVID-19), Confirmed","11067",91780
,"Maryland","24","2023","2023","Coronavirus Disease 2019 (COVID-19), Probable","11068",78435
,"Maryland","24","2023","2023","Cryptosporidiosis, Total","11580",162
,"Maryland","24","2023","2023","Cryptosporidiosis, Confirmed","11582",162
,"Maryland","24","2023","2023","Cryptosporidiosis, Probable","11583",0
,"Maryland","24","2023","2023","Cyclosporiasis","11575",86
,"Maryland","24","2023","2023","Dengue virus infections, Dengue","10680",25
,"Maryland","24","2023","2023","Dengue virus infections, Dengue-like illness","11704",0
,"Maryland","24","2023","2023","Dengue virus infections, Severe dengue","11705",0
,"Maryland","24","2023","2023","Diphtheria","10040",0
,"Maryland","24","2023","2023","Ehrlichiosis and Anaplasmosis, Anaplasma phagocytophilum infection","11090",29
,"Maryland","24","2023","2023","Ehrlichiosis and Anaplasmosis, Ehrlichia chaffeensis infection","11088",55
,"Maryland","24","2023","2023","Ehrlichiosis and Anaplasmosis, Ehrlichia ewingii infection","11089",0
,"Maryland","24","2023","2023","Ehrlichiosis and Anaplasmosis, Undetermined ehrlichiosis/anaplasmosis","11091",0
,"Maryland","24","2023","2023","Giardiasis","11570",224
,"Maryland","24","2023","2023","Gonorrhea","10280",12802
,"Maryland","24","2023","2023","Haemophilus influenzae, invasive disease, All ages, all serotypes","10590",147
,"Maryland","24","2023","2023","Haemophilus influenzae, invasive disease, Age <5 years, Serotype b","10591",0
,"Maryland","24","2023","2023","Haemophilus influenzae, invasive disease, Age <5 years, Non-b serotype","10593",4
,"Maryland","24","2023","2023","Haemophilus influenzae, invasive disease, Age <5 years, Nontypeable","10592",5
,"Maryland","24","2023","2023","Haemophilus influenzae, invasive disease, Age <5 years, Unknown serotype","10597",5
,"Maryland","24","2023","2023","Hansen's disease","10380",1
,"Maryland","24","2023","2023","Hantavirus infection, non-hantavirus pulmonary syndrome","11610",0
,"Maryland","24","2023","2023","Hantavirus pulmonary syndrome","11590",0
,"Maryland","24","2023","2023","Hemolytic uremic syndrome post-diarrheal","11550",3
,"Maryland","24","2023","2023","Hepatitis, A","10110",17
,"Maryland","24","2023","2023","Hepatitis, B, acute","10100",41
,"Maryland","24","2023","2023","Hepatitis, B, perinatal infection","10104",0
,"Maryland","24","2023","2023","Hepatitis, C, acute","10101",68
,"Maryland","24","2023","2023","Hepatitis, C, acute, Confirmed","50228",64
,"Maryland","24","2023","2023","Hepatitis, C, acute, Probable","50229",4
,"Maryland","24","2023","2023","Hepatitis, C, perinatal infection","50248",4
,"Maryland","24","2023","2023","Human immunodeficiency virus diagnoses","10560",728
,"Maryland","24","2023","2023","Influenza-associated pediatric mortality","11061",2
,"Maryland","24","2023","2023","Invasive pneumococcal disease, All ages","11723",533
,"Maryland","24","2023","2023","Invasive pneumococcal disease, All ages, Confirmed","50230",524
,"Maryland","24","2023","2023","Invasive pneumococcal disease, All ages, Probable","50231",9
,"Maryland","24","2023","2023","Invasive pneumococcal disease, Age <5 years","11722",34
,"Maryland","24","2023","2023","Invasive pneumococcal disease, Age <5 years, Confirmed","50232",33
,"Maryland","24","2023","2023","Invasive pneumococcal disease, Age <5 years, Probable","50233",1
,"Maryland","24","2023","2023","Legionellosis","10490",170
,"Maryland","24","2023","2023","Leptospirosis","10390",2
,"Maryland","24","2023","2023","Listeriosis, Total","10640",17
,"Maryland","24","2023","2023","Listeriosis, Confirmed","10641",17
,"Maryland","24","2023","2023","Listeriosis, Probable","10642",0
,"Maryland","24","2023","2023","Lyme disease, Total","11080",2470
,"Maryland","24","2023","2023","Lyme disease, Confirmed","11081",0
,"Maryland","24","2023","2023","Lyme disease, Probable","11082",2470
,"Maryland","24","2023","2023","Malaria","10130",278
,"Maryland","24","2023","2023","Measles, Total","10140",1
,"Maryland","24","2023","2023","Measles, Indigenous","10500",0
,"Maryland","24","2023","2023","Measles, Imported","10510",1
,"Maryland","24","2023","2023","Melioidosis","11585",0
,"Maryland","24","2023","2023","Meningococcal disease, All serogroups","10150",11
,"Maryland","24","2023","2023","Meningococcal disease, Serogroups ACWY","10151",9
,"Maryland","24","2023","2023","Meningococcal disease, Serogroup B","10152",1
,"Maryland","24","2023","2023","Meningococcal disease, Other serogroups","10153",1
,"Maryland","24","2023","2023","Meningococcal disease, Unknown serogroup","10154",0
,"Maryland","24","2023","2023","Mpox","11801",24
,"Maryland","24","2023","2023","Mumps","10180",7
,"Maryland","24","2023","2023","Novel Influenza A virus infections","11062",0
,"Maryland","24","2023","2023","Paratyphoid fever","50236",0
,"Maryland","24","2023","2023","Pertussis","10190",21
,"Maryland","24","2023","2023","Plague","10440",0
,"Maryland","24","2023","2023","Poliomyelitis, paralytic","10410",0
,"Maryland","24","2023","2023","Poliovirus infection, nonparalytic","10405",0
,"Maryland","24","2023","2023","Psittacosis","10450",0
,"Maryland","24","2023","2023","Q fever, Total","10259",4
,"Maryland","24","2023","2023","Q fever, Acute","10257",4
,"Maryland","24","2023","2023","Q fever, Chronic","10258",0
,"Maryland","24","2023","2023","Rabies, Animal","10340",213
,"Maryland","24","2023","2023","Rabies, Human","10460",0
,"Maryland","24","2023","2023","Rubella","10200",1
,"Maryland","24","2023","2023","Rubella, congenital syndrome","10370",0
,"Maryland","24","2023","2023","Salmonella Paratyphi infection","50266",3
,"Maryland","24","2023","2023","Salmonella Typhi infection","50267",15
,"Maryland","24","2023","2023","Salmonellosis","11000",0
,"Maryland","24","2023","2023","Salmonellosis (excluding paratyphoid fever and typhoid fever)","50242",0
,"Maryland","24","2023","2023","Salmonellosis (excluding S. Typhi infection and S. Paratyphi infection)","50265",1090
,"Maryland","24","2023","2023","Severe acute respiratory syndrome-associated coronavirus disease","10575",0
,"Maryland","24","2023","2023","Shiga toxin-producing Escherichia coli (STEC)","11563",448
,"Maryland","24","2023","2023","Shigellosis","11010",348
,"Maryland","24","2023","2023","Smallpox","11800",0
,"Maryland","24","2023","2023","Spotted fever rickettsiosis, Total","10250",25
,"Maryland","24","2023","2023","Spotted fever rickettsiosis, Confirmed","10253",0
,"Maryland","24","2023","2023","Spotted fever rickettsiosis, Probable","10254",25
,"Maryland","24","2023","2023","Streptococcal toxic shock syndrome","11700",0
,"Maryland","24","2023","2023","Syphilis, Total, all stages","10399",3325
,"Maryland","24","2023","2023","Syphilis, Congenital","10316",69
,"Maryland","24","2023","2023","Syphilis, Primary and secondary","10310",876
,"Maryland","24","2023","2023","Tetanus","10210",0
,"Maryland","24","2023","2023","Toxic shock syndrome (other than Streptococcal)","10520",Not Reportable
,"Maryland","24","2023","2023","Trichinellosis","10270",0
,"Maryland","24","2023","2023","Tuberculosis","10220",201
,"Maryland","24","2023","2023","Tularemia","10230",0
,"Maryland","24","2023","2023","Typhoid fever","10240",0
,"Maryland","24","2023","2023","Vancomycin-intermediate Staphylococcus aureus","11663",0
,"Maryland","24","2023","2023","Vancomycin-resistant Staphylococcus aureus","11665",0
,"Maryland","24","2023","2023","Varicella morbidity","10030",Not Reportable
,"Maryland","24","2023","2023","Varicella mortality","10031",1
,"Maryland","24","2023","2023","Vibriosis, Total","11545",140
,"Maryland","24","2023","2023","Vibriosis, Confirmed","50234",46
,"Maryland","24","2023","2023","Vibriosis, Probable","50235",94
,"Maryland","24","2023","2023","Viral hemorrhagic fevers","11647",0
,"Maryland","24","2023","2023","Viral hemorrhagic fevers, Chapare virus","11649",0
,"Maryland","24","2023","2023","Viral hemorrhagic fevers, Crimean-Congo hemorrhagic fever virus","11640",0
,"Maryland","24","2023","2023","Viral hemorrhagic fevers, Ebola virus","11630",0
,"Maryland","24","2023","2023","Viral hemorrhagic fevers, Guanarito virus","11648",0
,"Maryland","24","2023","2023","Viral hemorrhagic fevers, Junin virus","11638",0
,"Maryland","24","2023","2023","Viral hemorrhagic fevers, Lassa virus","11632",0
,"Maryland","24","2023","2023","Viral hemorrhagic fevers, Lujo virus","11644",0
,"Maryland","24","2023","2023","Viral hemorrhagic fevers, Machupo virus","11637",0
,"Maryland","24","2023","2023","Viral hemorrhagic fevers, Marburg virus","11631",0
,"Maryland","24","2023","2023","Viral hemorrhagic fevers, Sabia virus","11639",0
,"Maryland","24","2023","2023","Yellow fever","10660",0
,"Maryland","24","2023","2023","Zika virus, Zika virus disease, congenital","50224",0
,"Maryland","24","2023","2023","Zika virus, Zika virus disease, non-congenital","50223",1
,"Maryland","24","2023","2023","Zika virus, Zika virus infection, congenital","50222",0
,"Maryland","24","2023","2023","Zika virus, Zika virus infection, non-congenital","50221",0
,"Massachusetts","25","2023","2023","Anthrax","10350",0
,"Massachusetts","25","2023","2023","Arboviral diseases, Chikungunya virus disease","10073",7
,"Massachusetts","25","2023","2023","Arboviral diseases, Eastern equine encephalitis virus disease, Neuroinvasive","10053",0
,"Massachusetts","25","2023","2023","Arboviral diseases, Eastern equine encephalitis virus disease, Non-neuroinvasive","10062",0
,"Massachusetts","25","2023","2023","Arboviral diseases, Jamestown Canyon  virus disease, Neuroinvasive","10078",0
,"Massachusetts","25","2023","2023","Arboviral diseases, Jamestown Canyon  virus disease, Non-neuroinvasive","10079",0
,"Massachusetts","25","2023","2023","Arboviral diseases, La Crosse  virus disease, Neuroinvasive","10081",0
,"Massachusetts","25","2023","2023","Arboviral diseases, La Crosse  virus disease, Non-neuroinvasive","10082",0
,"Massachusetts","25","2023","2023","Arboviral diseases, Powassan virus disease, Neuroinvasive","10057",10
,"Massachusetts","25","2023","2023","Arboviral diseases, Powassan virus disease, Non-neuroinvasive","10063",1
,"Massachusetts","25","2023","2023","Arboviral diseases, St. Louis encephalitis virus disease, Neuroinvasive","10051",0
,"Massachusetts","25","2023","2023","Arboviral diseases, St. Louis encephalitis virus disease, Non-neuroinvasive","10064",0
,"Massachusetts","25","2023","2023","Arboviral diseases, West Nile virus disease, Neuroinvasive","10056",5
,"Massachusetts","25","2023","2023","Arboviral diseases, West Nile virus disease, Non-neuroinvasive","10049",1
,"Massachusetts","25","2023","2023","Arboviral diseases, Western equine encephalitis virus disease, Neuroinvasive","10052",0
,"Massachusetts","25","2023","2023","Arboviral diseases, Western equine encephalitis virus disease, Non-neuroinvasive","10065",0
,"Massachusetts","25","2023","2023","Babesiosis, Total","12010",841
,"Massachusetts","25","2023","2023","Babesiosis, Confirmed","12011",787
,"Massachusetts","25","2023","2023","Babesiosis, Probable","12012",54
,"Massachusetts","25","2023","2023","Botulism, Total","10360",0
,"Massachusetts","25","2023","2023","Botulism, Foodborne","10530",0
,"Massachusetts","25","2023","2023","Botulism, Infant","10540",0
,"Massachusetts","25","2023","2023","Botulism, Other (wound & unspecified)","10550",0
,"Massachusetts","25","2023","2023","Brucellosis","10020",2
,"Massachusetts","25","2023","2023","Campylobacteriosis","11020",1659
,"Massachusetts","25","2023","2023","Candida auris, clinical","50263",0
,"Massachusetts","25","2023","2023","Candida auris, screening","50264",0
,"Massachusetts","25","2023","2023","Carbapenemase-producing carbapenem-resistant Enterobacteriaceae","50244",0
,"Massachusetts","25","2023","2023","Carbapenemase-Producing Organisms (CPO),Total","50272",0
,"Massachusetts","25","2023","2023","Chancroid","10273",0
,"Massachusetts","25","2023","2023","Chlamydia trachomatis infection","10274",28895
,"Massachusetts","25","2023","2023","Cholera","10470",0
,"Massachusetts","25","2023","2023","Coccidioidomycosis","11900",Not Reportable
,"Massachusetts","25","2023","2023","Coccidioidomycosis, confirmed","11901",Not Reportable
,"Massachusetts","25","2023","2023","Coccidioidomycosis, probable","11902",Not Reportable
,"Massachusetts","25","2023","2023","Coronavirus Disease 2019 (COVID-19), Total","11065",163349
,"Massachusetts","25","2023","2023","Coronavirus Disease 2019 (COVID-19), Confirmed","11067",125665
,"Massachusetts","25","2023","2023","Coronavirus Disease 2019 (COVID-19), Probable","11068",37684
,"Massachusetts","25","2023","2023","Cryptosporidiosis, Total","11580",191
,"Massachusetts","25","2023","2023","Cryptosporidiosis, Confirmed","11582",130
,"Massachusetts","25","2023","2023","Cryptosporidiosis, Probable","11583",61
,"Massachusetts","25","2023","2023","Cyclosporiasis","11575",97
,"Massachusetts","25","2023","2023","Dengue virus infections, Dengue","10680",54
,"Massachusetts","25","2023","2023","Dengue virus infections, Dengue-like illness","11704",4
,"Massachusetts","25","2023","2023","Dengue virus infections, Severe dengue","11705",2
,"Massachusetts","25","2023","2023","Diphtheria","10040",0
,"Massachusetts","25","2023","2023","Ehrlichiosis and Anaplasmosis, Anaplasma phagocytophilum infection","11090",741
,"Massachusetts","25","2023","2023","Ehrlichiosis and Anaplasmosis, Ehrlichia chaffeensis infection","11088",12
,"Massachusetts","25","2023","2023","Ehrlichiosis and Anaplasmosis, Ehrlichia ewingii infection","11089",0
,"Massachusetts","25","2023","2023","Ehrlichiosis and Anaplasmosis, Undetermined ehrlichiosis/anaplasmosis","11091",2
,"Massachusetts","25","2023","2023","Giardiasis","11570",582
,"Massachusetts","25","2023","2023","Gonorrhea","10280",9786
,"Massachusetts","25","2023","2023","Haemophilus influenzae, invasive disease, All ages, all serotypes","10590",151
,"Massachusetts","25","2023","2023","Haemophilus influenzae, invasive disease, Age <5 years, Serotype b","10591",2
,"Massachusetts","25","2023","2023","Haemophilus influenzae, invasive disease, Age <5 years, Non-b serotype","10593",1
,"Massachusetts","25","2023","2023","Haemophilus influenzae, invasive disease, Age <5 years, Nontypeable","10592",7
,"Massachusetts","25","2023","2023","Haemophilus influenzae, invasive disease, Age <5 years, Unknown serotype","10597",1
,"Massachusetts","25","2023","2023","Hansen's disease","10380",0
,"Massachusetts","25","2023","2023","Hantavirus infection, non-hantavirus pulmonary syndrome","11610",0
,"Massachusetts","25","2023","2023","Hantavirus pulmonary syndrome","11590",0
,"Massachusetts","25","2023","2023","Hemolytic uremic syndrome post-diarrheal","11550",0
,"Massachusetts","25","2023","2023","Hepatitis, A","10110",41
,"Massachusetts","25","2023","2023","Hepatitis, B, acute","10100",36
,"Massachusetts","25","2023","2023","Hepatitis, B, perinatal infection","10104",0
,"Massachusetts","25","2023","2023","Hepatitis, C, acute","10101",131
,"Massachusetts","25","2023","2023","Hepatitis, C, acute, Confirmed","50228",123
,"Massachusetts","25","2023","2023","Hepatitis, C, acute, Probable","50229",8
,"Massachusetts","25","2023","2023","Hepatitis, C, perinatal infection","50248",7
,"Massachusetts","25","2023","2023","Human immunodeficiency virus diagnoses","10560",535
,"Massachusetts","25","2023","2023","Influenza-associated pediatric mortality","11061",5
,"Massachusetts","25","2023","2023","Invasive pneumococcal disease, All ages","11723",292
,"Massachusetts","25","2023","2023","Invasive pneumococcal disease, All ages, Confirmed","50230",282
,"Massachusetts","25","2023","2023","Invasive pneumococcal disease, All ages, Probable","50231",10
,"Massachusetts","25","2023","2023","Invasive pneumococcal disease, Age <5 years","11722",20
,"Massachusetts","25","2023","2023","Invasive pneumococcal disease, Age <5 years, Confirmed","50232",18
,"Massachusetts","25","2023","2023","Invasive pneumococcal disease, Age <5 years, Probable","50233",2
,"Massachusetts","25","2023","2023","Legionellosis","10490",253
,"Massachusetts","25","2023","2023","Leptospirosis","10390",Not Reportable
,"Massachusetts","25","2023","2023","Listeriosis, Total","10640",45
,"Massachusetts","25","2023","2023","Listeriosis, Confirmed","10641",44
,"Massachusetts","25","2023","2023","Listeriosis, Probable","10642",1
,"Massachusetts","25","2023","2023","Lyme disease, Total","11080",9715
,"Massachusetts","25","2023","2023","Lyme disease, Confirmed","11081",0
,"Massachusetts","25","2023","2023","Lyme disease, Probable","11082",9715
,"Massachusetts","25","2023","2023","Malaria","10130",59
,"Massachusetts","25","2023","2023","Measles, Total","10140",0
,"Massachusetts","25","2023","2023","Measles, Indigenous","10500",0
,"Massachusetts","25","2023","2023","Measles, Imported","10510",0
,"Massachusetts","25","2023","2023","Melioidosis","11585",1
,"Massachusetts","25","2023","2023","Meningococcal disease, All serogroups","10150",10
,"Massachusetts","25","2023","2023","Meningococcal disease, Serogroups ACWY","10151",5
,"Massachusetts","25","2023","2023","Meningococcal disease, Serogroup B","10152",4
,"Massachusetts","25","2023","2023","Meningococcal disease, Other serogroups","10153",1
,"Massachusetts","25","2023","2023","Meningococcal disease, Unknown serogroup","10154",0
,"Massachusetts","25","2023","2023","Mpox","11801",24
,"Massachusetts","25","2023","2023","Mumps","10180",7
,"Massachusetts","25","2023","2023","Novel Influenza A virus infections","11062",0
,"Massachusetts","25","2023","2023","Paratyphoid fever","50236",0
,"Massachusetts","25","2023","2023","Pertussis","10190",14
,"Massachusetts","25","2023","2023","Plague","10440",0
,"Massachusetts","25","2023","2023","Poliomyelitis, paralytic","10410",0
,"Massachusetts","25","2023","2023","Poliovirus infection, nonparalytic","10405",0
,"Massachusetts","25","2023","2023","Psittacosis","10450",0
,"Massachusetts","25","2023","2023","Q fever, Total","10259",2
,"Massachusetts","25","2023","2023","Q fever, Acute","10257",1
,"Massachusetts","25","2023","2023","Q fever, Chronic","10258",1
,"Massachusetts","25","2023","2023","Rabies, Animal","10340",112
,"Massachusetts","25","2023","2023","Rabies, Human","10460",0
,"Massachusetts","25","2023","2023","Rubella","10200",0
,"Massachusetts","25","2023","2023","Rubella, congenital syndrome","10370",0
,"Massachusetts","25","2023","2023","Salmonella Paratyphi infection","50266",6
,"Massachusetts","25","2023","2023","Salmonella Typhi infection","50267",13
,"Massachusetts","25","2023","2023","Salmonellosis","11000",0
,"Massachusetts","25","2023","2023","Salmonellosis (excluding paratyphoid fever and typhoid fever)","50242",0
,"Massachusetts","25","2023","2023","Salmonellosis (excluding S. Typhi infection and S. Paratyphi infection)","50265",1187
,"Massachusetts","25","2023","2023","Severe acute respiratory syndrome-associated coronavirus disease","10575",0
,"Massachusetts","25","2023","2023","Shiga toxin-producing Escherichia coli (STEC)","11563",204
,"Massachusetts","25","2023","2023","Shigellosis","11010",304
,"Massachusetts","25","2023","2023","Smallpox","11800",0
,"Massachusetts","25","2023","2023","Spotted fever rickettsiosis, Total","10250",6
,"Massachusetts","25","2023","2023","Spotted fever rickettsiosis, Confirmed","10253",1
,"Massachusetts","25","2023","2023","Spotted fever rickettsiosis, Probable","10254",5
,"Massachusetts","25","2023","2023","Streptococcal toxic shock syndrome","11700",20
,"Massachusetts","25","2023","2023","Syphilis, Total, all stages","10399",2429
,"Massachusetts","25","2023","2023","Syphilis, Congenital","10316",14
,"Massachusetts","25","2023","2023","Syphilis, Primary and secondary","10310",739
,"Massachusetts","25","2023","2023","Tetanus","10210",1
,"Massachusetts","25","2023","2023","Toxic shock syndrome (other than Streptococcal)","10520",0
,"Massachusetts","25","2023","2023","Trichinellosis","10270",0
,"Massachusetts","25","2023","2023","Tuberculosis","10220",224
,"Massachusetts","25","2023","2023","Tularemia","10230",6
,"Massachusetts","25","2023","2023","Typhoid fever","10240",0
,"Massachusetts","25","2023","2023","Vancomycin-intermediate Staphylococcus aureus","11663",3
,"Massachusetts","25","2023","2023","Vancomycin-resistant Staphylococcus aureus","11665",0
,"Massachusetts","25","2023","2023","Varicella morbidity","10030",151
,"Massachusetts","25","2023","2023","Varicella mortality","10031",Not Reportable
,"Massachusetts","25","2023","2023","Vibriosis, Total","11545",99
,"Massachusetts","25","2023","2023","Vibriosis, Confirmed","50234",62
,"Massachusetts","25","2023","2023","Vibriosis, Probable","50235",37
,"Massachusetts","25","2023","2023","Viral hemorrhagic fevers","11647",0
,"Massachusetts","25","2023","2023","Viral hemorrhagic fevers, Chapare virus","11649",0
,"Massachusetts","25","2023","2023","Viral hemorrhagic fevers, Crimean-Congo hemorrhagic fever virus","11640",0
,"Massachusetts","25","2023","2023","Viral hemorrhagic fevers, Ebola virus","11630",0
,"Massachusetts","25","2023","2023","Viral hemorrhagic fevers, Guanarito virus","11648",0
,"Massachusetts","25","2023","2023","Viral hemorrhagic fevers, Junin virus","11638",0
,"Massachusetts","25","2023","2023","Viral hemorrhagic fevers, Lassa virus","11632",0
,"Massachusetts","25","2023","2023","Viral hemorrhagic fevers, Lujo virus","11644",0
,"Massachusetts","25","2023","2023","Viral hemorrhagic fevers, Machupo virus","11637",0
,"Massachusetts","25","2023","2023","Viral hemorrhagic fevers, Marburg virus","11631",0
,"Massachusetts","25","2023","2023","Viral hemorrhagic fevers, Sabia virus","11639",0
,"Massachusetts","25","2023","2023","Yellow fever","10660",0
,"Massachusetts","25","2023","2023","Zika virus, Zika virus disease, congenital","50224",0
,"Massachusetts","25","2023","2023","Zika virus, Zika virus disease, non-congenital","50223",0
,"Massachusetts","25","2023","2023","Zika virus, Zika virus infection, congenital","50222",0
,"Massachusetts","25","2023","2023","Zika virus, Zika virus infection, non-congenital","50221",0
,"Michigan","26","2023","2023","Anthrax","10350",0
,"Michigan","26","2023","2023","Arboviral diseases, Chikungunya virus disease","10073",1
,"Michigan","26","2023","2023","Arboviral diseases, Eastern equine encephalitis virus disease, Neuroinvasive","10053",0
,"Michigan","26","2023","2023","Arboviral diseases, Eastern equine encephalitis virus disease, Non-neuroinvasive","10062",0
,"Michigan","26","2023","2023","Arboviral diseases, Jamestown Canyon  virus disease, Neuroinvasive","10078",5
,"Michigan","26","2023","2023","Arboviral diseases, Jamestown Canyon  virus disease, Non-neuroinvasive","10079",2
,"Michigan","26","2023","2023","Arboviral diseases, La Crosse  virus disease, Neuroinvasive","10081",0
,"Michigan","26","2023","2023","Arboviral diseases, La Crosse  virus disease, Non-neuroinvasive","10082",0
,"Michigan","26","2023","2023","Arboviral diseases, Powassan virus disease, Neuroinvasive","10057",0
,"Michigan","26","2023","2023","Arboviral diseases, Powassan virus disease, Non-neuroinvasive","10063",0
,"Michigan","26","2023","2023","Arboviral diseases, St. Louis encephalitis virus disease, Neuroinvasive","10051",0
,"Michigan","26","2023","2023","Arboviral diseases, St. Louis encephalitis virus disease, Non-neuroinvasive","10064",0
,"Michigan","26","2023","2023","Arboviral diseases, West Nile virus disease, Neuroinvasive","10056",22
,"Michigan","26","2023","2023","Arboviral diseases, West Nile virus disease, Non-neuroinvasive","10049",2
,"Michigan","26","2023","2023","Arboviral diseases, Western equine encephalitis virus disease, Neuroinvasive","10052",0
,"Michigan","26","2023","2023","Arboviral diseases, Western equine encephalitis virus disease, Non-neuroinvasive","10065",0
,"Michigan","26","2023","2023","Babesiosis, Total","12010",10
,"Michigan","26","2023","2023","Babesiosis, Confirmed","12011",7
,"Michigan","26","2023","2023","Babesiosis, Probable","12012",3
,"Michigan","26","2023","2023","Botulism, Total","10360",2
,"Michigan","26","2023","2023","Botulism, Foodborne","10530",1
,"Michigan","26","2023","2023","Botulism, Infant","10540",1
,"Michigan","26","2023","2023","Botulism, Other (wound & unspecified)","10550",0
,"Michigan","26","2023","2023","Brucellosis","10020",1
,"Michigan","26","2023","2023","Campylobacteriosis","11020",1736
,"Michigan","26","2023","2023","Candida auris, clinical","50263",110
,"Michigan","26","2023","2023","Candida auris, screening","50264",325
,"Michigan","26","2023","2023","Carbapenemase-producing carbapenem-resistant Enterobacteriaceae","50244",0
,"Michigan","26","2023","2023","Carbapenemase-Producing Organisms (CPO),Total","50272",340
,"Michigan","26","2023","2023","Chancroid","10273",1
,"Michigan","26","2023","2023","Chlamydia trachomatis infection","10274",43115
,"Michigan","26","2023","2023","Cholera","10470",1
,"Michigan","26","2023","2023","Coccidioidomycosis","11900",64
,"Michigan","26","2023","2023","Coccidioidomycosis, confirmed","11901",44
,"Michigan","26","2023","2023","Coccidioidomycosis, probable","11902",20
,"Michigan","26","2023","2023","Coronavirus Disease 2019 (COVID-19), Total","11065",246396
,"Michigan","26","2023","2023","Coronavirus Disease 2019 (COVID-19), Confirmed","11067",164616
,"Michigan","26","2023","2023","Coronavirus Disease 2019 (COVID-19), Probable","11068",81780
,"Michigan","26","2023","2023","Cryptosporidiosis, Total","11580",333
,"Michigan","26","2023","2023","Cryptosporidiosis, Confirmed","11582",230
,"Michigan","26","2023","2023","Cryptosporidiosis, Probable","11583",103
,"Michigan","26","2023","2023","Cyclosporiasis","11575",43
,"Michigan","26","2023","2023","Dengue virus infections, Dengue","10680",18
,"Michigan","26","2023","2023","Dengue virus infections, Dengue-like illness","11704",1
,"Michigan","26","2023","2023","Dengue virus infections, Severe dengue","11705",0
,"Michigan","26","2023","2023","Diphtheria","10040",0
,"Michigan","26","2023","2023","Ehrlichiosis and Anaplasmosis, Anaplasma phagocytophilum infection","11090",64
,"Michigan","26","2023","2023","Ehrlichiosis and Anaplasmosis, Ehrlichia chaffeensis infection","11088",6
,"Michigan","26","2023","2023","Ehrlichiosis and Anaplasmosis, Ehrlichia ewingii infection","11089",0
,"Michigan","26","2023","2023","Ehrlichiosis and Anaplasmosis, Undetermined ehrlichiosis/anaplasmosis","11091",0
,"Michigan","26","2023","2023","Giardiasis","11570",508
,"Michigan","26","2023","2023","Gonorrhea","10280",15274
,"Michigan","26","2023","2023","Haemophilus influenzae, invasive disease, All ages, all serotypes","10590",254
,"Michigan","26","2023","2023","Haemophilus influenzae, invasive disease, Age <5 years, Serotype b","10591",1
,"Michigan","26","2023","2023","Haemophilus influenzae, invasive disease, Age <5 years, Non-b serotype","10593",7
,"Michigan","26","2023","2023","Haemophilus influenzae, invasive disease, Age <5 years, Nontypeable","10592",1
,"Michigan","26","2023","2023","Haemophilus influenzae, invasive disease, Age <5 years, Unknown serotype","10597",5
,"Michigan","26","2023","2023","Hansen's disease","10380",1
,"Michigan","26","2023","2023","Hantavirus infection, non-hantavirus pulmonary syndrome","11610",0
,"Michigan","26","2023","2023","Hantavirus pulmonary syndrome","11590",0
,"Michigan","26","2023","2023","Hemolytic uremic syndrome post-diarrheal","11550",8
,"Michigan","26","2023","2023","Hepatitis, A","10110",21
,"Michigan","26","2023","2023","Hepatitis, B, acute","10100",43
,"Michigan","26","2023","2023","Hepatitis, B, perinatal infection","10104",0
,"Michigan","26","2023","2023","Hepatitis, C, acute","10101",78
,"Michigan","26","2023","2023","Hepatitis, C, acute, Confirmed","50228",75
,"Michigan","26","2023","2023","Hepatitis, C, acute, Probable","50229",3
,"Michigan","26","2023","2023","Hepatitis, C, perinatal infection","50248",8
,"Michigan","26","2023","2023","Human immunodeficiency virus diagnoses","10560",697
,"Michigan","26","2023","2023","Influenza-associated pediatric mortality","11061",9
,"Michigan","26","2023","2023","Invasive pneumococcal disease, All ages","11723",996
,"Michigan","26","2023","2023","Invasive pneumococcal disease, All ages, Confirmed","50230",986
,"Michigan","26","2023","2023","Invasive pneumococcal disease, All ages, Probable","50231",10
,"Michigan","26","2023","2023","Invasive pneumococcal disease, Age <5 years","11722",32
,"Michigan","26","2023","2023","Invasive pneumococcal disease, Age <5 years, Confirmed","50232",31
,"Michigan","26","2023","2023","Invasive pneumococcal disease, Age <5 years, Probable","50233",1
,"Michigan","26","2023","2023","Legionellosis","10490",420
,"Michigan","26","2023","2023","Leptospirosis","10390",4
,"Michigan","26","2023","2023","Listeriosis, Total","10640",34
,"Michigan","26","2023","2023","Listeriosis, Confirmed","10641",33
,"Michigan","26","2023","2023","Listeriosis, Probable","10642",1
,"Michigan","26","2023","2023","Lyme disease, Total","11080",1152
,"Michigan","26","2023","2023","Lyme disease, Confirmed","11081",1089
,"Michigan","26","2023","2023","Lyme disease, Probable","11082",63
,"Michigan","26","2023","2023","Malaria","10130",32
,"Michigan","26","2023","2023","Measles, Total","10140",0
,"Michigan","26","2023","2023","Measles, Indigenous","10500",0
,"Michigan","26","2023","2023","Measles, Imported","10510",0
,"Michigan","26","2023","2023","Melioidosis","11585",0
,"Michigan","26","2023","2023","Meningococcal disease, All serogroups","10150",8
,"Michigan","26","2023","2023","Meningococcal disease, Serogroups ACWY","10151",4
,"Michigan","26","2023","2023","Meningococcal disease, Serogroup B","10152",2
,"Michigan","26","2023","2023","Meningococcal disease, Other serogroups","10153",0
,"Michigan","26","2023","2023","Meningococcal disease, Unknown serogroup","10154",2
,"Michigan","26","2023","2023","Mpox","11801",4
,"Michigan","26","2023","2023","Mumps","10180",21
,"Michigan","26","2023","2023","Novel Influenza A virus infections","11062",2
,"Michigan","26","2023","2023","Paratyphoid fever","50236",0
,"Michigan","26","2023","2023","Pertussis","10190",110
,"Michigan","26","2023","2023","Plague","10440",0
,"Michigan","26","2023","2023","Poliomyelitis, paralytic","10410",0
,"Michigan","26","2023","2023","Poliovirus infection, nonparalytic","10405",0
,"Michigan","26","2023","2023","Psittacosis","10450",0
,"Michigan","26","2023","2023","Q fever, Total","10259",14
,"Michigan","26","2023","2023","Q fever, Acute","10257",13
,"Michigan","26","2023","2023","Q fever, Chronic","10258",1
,"Michigan","26","2023","2023","Rabies, Animal","10340",55
,"Michigan","26","2023","2023","Rabies, Human","10460",0
,"Michigan","26","2023","2023","Rubella","10200",6
,"Michigan","26","2023","2023","Rubella, congenital syndrome","10370",0
,"Michigan","26","2023","2023","Salmonella Paratyphi infection","50266",0
,"Michigan","26","2023","2023","Salmonella Typhi infection","50267",16
,"Michigan","26","2023","2023","Salmonellosis","11000",0
,"Michigan","26","2023","2023","Salmonellosis (excluding paratyphoid fever and typhoid fever)","50242",0
,"Michigan","26","2023","2023","Salmonellosis (excluding S. Typhi infection and S. Paratyphi infection)","50265",1082
,"Michigan","26","2023","2023","Severe acute respiratory syndrome-associated coronavirus disease","10575",0
,"Michigan","26","2023","2023","Shiga toxin-producing Escherichia coli (STEC)","11563",347
,"Michigan","26","2023","2023","Shigellosis","11010",220
,"Michigan","26","2023","2023","Smallpox","11800",0
,"Michigan","26","2023","2023","Spotted fever rickettsiosis, Total","10250",3
,"Michigan","26","2023","2023","Spotted fever rickettsiosis, Confirmed","10253",0
,"Michigan","26","2023","2023","Spotted fever rickettsiosis, Probable","10254",3
,"Michigan","26","2023","2023","Streptococcal toxic shock syndrome","11700",15
,"Michigan","26","2023","2023","Syphilis, Total, all stages","10399",3079
,"Michigan","26","2023","2023","Syphilis, Congenital","10316",55
,"Michigan","26","2023","2023","Syphilis, Primary and secondary","10310",845
,"Michigan","26","2023","2023","Tetanus","10210",1
,"Michigan","26","2023","2023","Toxic shock syndrome (other than Streptococcal)","10520",6
,"Michigan","26","2023","2023","Trichinellosis","10270",0
,"Michigan","26","2023","2023","Tuberculosis","10220",149
,"Michigan","26","2023","2023","Tularemia","10230",4
,"Michigan","26","2023","2023","Typhoid fever","10240",0
,"Michigan","26","2023","2023","Vancomycin-intermediate Staphylococcus aureus","11663",2
,"Michigan","26","2023","2023","Vancomycin-resistant Staphylococcus aureus","11665",0
,"Michigan","26","2023","2023","Varicella morbidity","10030",362
,"Michigan","26","2023","2023","Varicella mortality","10031",0
,"Michigan","26","2023","2023","Vibriosis, Total","11545",26
,"Michigan","26","2023","2023","Vibriosis, Confirmed","50234",10
,"Michigan","26","2023","2023","Vibriosis, Probable","50235",16
,"Michigan","26","2023","2023","Viral hemorrhagic fevers","11647",0
,"Michigan","26","2023","2023","Viral hemorrhagic fevers, Chapare virus","11649",0
,"Michigan","26","2023","2023","Viral hemorrhagic fevers, Crimean-Congo hemorrhagic fever virus","11640",0
,"Michigan","26","2023","2023","Viral hemorrhagic fevers, Ebola virus","11630",0
,"Michigan","26","2023","2023","Viral hemorrhagic fevers, Guanarito virus","11648",0
,"Michigan","26","2023","2023","Viral hemorrhagic fevers, Junin virus","11638",0
,"Michigan","26","2023","2023","Viral hemorrhagic fevers, Lassa virus","11632",0
,"Michigan","26","2023","2023","Viral hemorrhagic fevers, Lujo virus","11644",0
,"Michigan","26","2023","2023","Viral hemorrhagic fevers, Machupo virus","11637",0
,"Michigan","26","2023","2023","Viral hemorrhagic fevers, Marburg virus","11631",0
,"Michigan","26","2023","2023","Viral hemorrhagic fevers, Sabia virus","11639",0
,"Michigan","26","2023","2023","Yellow fever","10660",0
,"Michigan","26","2023","2023","Zika virus, Zika virus disease, congenital","50224",0
,"Michigan","26","2023","2023","Zika virus, Zika virus disease, non-congenital","50223",0
,"Michigan","26","2023","2023","Zika virus, Zika virus infection, congenital","50222",0
,"Michigan","26","2023","2023","Zika virus, Zika virus infection, non-congenital","50221",0
,"Minnesota","27","2023","2023","Anthrax","10350",0
,"Minnesota","27","2023","2023","Arboviral diseases, Chikungunya virus disease","10073",3
,"Minnesota","27","2023","2023","Arboviral diseases, Eastern equine encephalitis virus disease, Neuroinvasive","10053",0
,"Minnesota","27","2023","2023","Arboviral diseases, Eastern equine encephalitis virus disease, Non-neuroinvasive","10062",0
,"Minnesota","27","2023","2023","Arboviral diseases, Jamestown Canyon  virus disease, Neuroinvasive","10078",2
,"Minnesota","27","2023","2023","Arboviral diseases, Jamestown Canyon  virus disease, Non-neuroinvasive","10079",0
,"Minnesota","27","2023","2023","Arboviral diseases, La Crosse  virus disease, Neuroinvasive","10081",1
,"Minnesota","27","2023","2023","Arboviral diseases, La Crosse  virus disease, Non-neuroinvasive","10082",0
,"Minnesota","27","2023","2023","Arboviral diseases, Powassan virus disease, Neuroinvasive","10057",8
,"Minnesota","27","2023","2023","Arboviral diseases, Powassan virus disease, Non-neuroinvasive","10063",0
,"Minnesota","27","2023","2023","Arboviral diseases, St. Louis encephalitis virus disease, Neuroinvasive","10051",0
,"Minnesota","27","2023","2023","Arboviral diseases, St. Louis encephalitis virus disease, Non-neuroinvasive","10064",0
,"Minnesota","27","2023","2023","Arboviral diseases, West Nile virus disease, Neuroinvasive","10056",44
,"Minnesota","27","2023","2023","Arboviral diseases, West Nile virus disease, Non-neuroinvasive","10049",19
,"Minnesota","27","2023","2023","Arboviral diseases, Western equine encephalitis virus disease, Neuroinvasive","10052",0
,"Minnesota","27","2023","2023","Arboviral diseases, Western equine encephalitis virus disease, Non-neuroinvasive","10065",0
,"Minnesota","27","2023","2023","Babesiosis, Total","12010",73
,"Minnesota","27","2023","2023","Babesiosis, Confirmed","12011",47
,"Minnesota","27","2023","2023","Babesiosis, Probable","12012",26
,"Minnesota","27","2023","2023","Botulism, Total","10360",4
,"Minnesota","27","2023","2023","Botulism, Foodborne","10530",0
,"Minnesota","27","2023","2023","Botulism, Infant","10540",4
,"Minnesota","27","2023","2023","Botulism, Other (wound & unspecified)","10550",0
,"Minnesota","27","2023","2023","Brucellosis","10020",2
,"Minnesota","27","2023","2023","Campylobacteriosis","11020",1825
,"Minnesota","27","2023","2023","Candida auris, clinical","50263",4
,"Minnesota","27","2023","2023","Candida auris, screening","50264",0
,"Minnesota","27","2023","2023","Carbapenemase-producing carbapenem-resistant Enterobacteriaceae","50244",0
,"Minnesota","27","2023","2023","Carbapenemase-Producing Organisms (CPO),Total","50272",86
,"Minnesota","27","2023","2023","Chancroid","10273",0
,"Minnesota","27","2023","2023","Chlamydia trachomatis infection","10274",21777
,"Minnesota","27","2023","2023","Cholera","10470",0
,"Minnesota","27","2023","2023","Coccidioidomycosis","11900",63
,"Minnesota","27","2023","2023","Coccidioidomycosis, confirmed","11901",16
,"Minnesota","27","2023","2023","Coccidioidomycosis, probable","11902",47
,"Minnesota","27","2023","2023","Coronavirus Disease 2019 (COVID-19), Total","11065",130931
,"Minnesota","27","2023","2023","Coronavirus Disease 2019 (COVID-19), Confirmed","11067",110530
,"Minnesota","27","2023","2023","Coronavirus Disease 2019 (COVID-19), Probable","11068",20401
,"Minnesota","27","2023","2023","Cryptosporidiosis, Total","11580",555
,"Minnesota","27","2023","2023","Cryptosporidiosis, Confirmed","11582",471
,"Minnesota","27","2023","2023","Cryptosporidiosis, Probable","11583",84
,"Minnesota","27","2023","2023","Cyclosporiasis","11575",77
,"Minnesota","27","2023","2023","Dengue virus infections, Dengue","10680",24
,"Minnesota","27","2023","2023","Dengue virus infections, Dengue-like illness","11704",0
,"Minnesota","27","2023","2023","Dengue virus infections, Severe dengue","11705",0
,"Minnesota","27","2023","2023","Diphtheria","10040",0
,"Minnesota","27","2023","2023","Ehrlichiosis and Anaplasmosis, Anaplasma phagocytophilum infection","11090",508
,"Minnesota","27","2023","2023","Ehrlichiosis and Anaplasmosis, Ehrlichia chaffeensis infection","11088",7
,"Minnesota","27","2023","2023","Ehrlichiosis and Anaplasmosis, Ehrlichia ewingii infection","11089",1
,"Minnesota","27","2023","2023","Ehrlichiosis and Anaplasmosis, Undetermined ehrlichiosis/anaplasmosis","11091",14
,"Minnesota","27","2023","2023","Giardiasis","11570",444
,"Minnesota","27","2023","2023","Gonorrhea","10280",7717
,"Minnesota","27","2023","2023","Haemophilus influenzae, invasive disease, All ages, all serotypes","10590",100
,"Minnesota","27","2023","2023","Haemophilus influenzae, invasive disease, Age <5 years, Serotype b","10591",0
,"Minnesota","27","2023","2023","Haemophilus influenzae, invasive disease, Age <5 years, Non-b serotype","10593",0
,"Minnesota","27","2023","2023","Haemophilus influenzae, invasive disease, Age <5 years, Nontypeable","10592",0
,"Minnesota","27","2023","2023","Haemophilus influenzae, invasive disease, Age <5 years, Unknown serotype","10597",10
,"Minnesota","27","2023","2023","Hansen's disease","10380",1
,"Minnesota","27","2023","2023","Hantavirus infection, non-hantavirus pulmonary syndrome","11610",0
,"Minnesota","27","2023","2023","Hantavirus pulmonary syndrome","11590",0
,"Minnesota","27","2023","2023","Hemolytic uremic syndrome post-diarrheal","11550",3
,"Minnesota","27","2023","2023","Hepatitis, A","10110",19
,"Minnesota","27","2023","2023","Hepatitis, B, acute","10100",8
,"Minnesota","27","2023","2023","Hepatitis, B, perinatal infection","10104",0
,"Minnesota","27","2023","2023","Hepatitis, C, acute","10101",49
,"Minnesota","27","2023","2023","Hepatitis, C, acute, Confirmed","50228",47
,"Minnesota","27","2023","2023","Hepatitis, C, acute, Probable","50229",2
,"Minnesota","27","2023","2023","Hepatitis, C, perinatal infection","50248",2
,"Minnesota","27","2023","2023","Human immunodeficiency virus diagnoses","10560",322
,"Minnesota","27","2023","2023","Influenza-associated pediatric mortality","11061",2
,"Minnesota","27","2023","2023","Invasive pneumococcal disease, All ages","11723",537
,"Minnesota","27","2023","2023","Invasive pneumococcal disease, All ages, Confirmed","50230",537
,"Minnesota","27","2023","2023","Invasive pneumococcal disease, All ages, Probable","50231",0
,"Minnesota","27","2023","2023","Invasive pneumococcal disease, Age <5 years","11722",33
,"Minnesota","27","2023","2023","Invasive pneumococcal disease, Age <5 years, Confirmed","50232",33
,"Minnesota","27","2023","2023","Invasive pneumococcal disease, Age <5 years, Probable","50233",0
,"Minnesota","27","2023","2023","Legionellosis","10490",136
,"Minnesota","27","2023","2023","Leptospirosis","10390",3
,"Minnesota","27","2023","2023","Listeriosis, Total","10640",9
,"Minnesota","27","2023","2023","Listeriosis, Confirmed","10641",9
,"Minnesota","27","2023","2023","Listeriosis, Probable","10642",0
,"Minnesota","27","2023","2023","Lyme disease, Total","11080",2938
,"Minnesota","27","2023","2023","Lyme disease, Confirmed","11081",0
,"Minnesota","27","2023","2023","Lyme disease, Probable","11082",2938
,"Minnesota","27","2023","2023","Malaria","10130",90
,"Minnesota","27","2023","2023","Measles, Total","10140",0
,"Minnesota","27","2023","2023","Measles, Indigenous","10500",0
,"Minnesota","27","2023","2023","Measles, Imported","10510",0
,"Minnesota","27","2023","2023","Melioidosis","11585",0
,"Minnesota","27","2023","2023","Meningococcal disease, All serogroups","10150",2
,"Minnesota","27","2023","2023","Meningococcal disease, Serogroups ACWY","10151",1
,"Minnesota","27","2023","2023","Meningococcal disease, Serogroup B","10152",0
,"Minnesota","27","2023","2023","Meningococcal disease, Other serogroups","10153",0
,"Minnesota","27","2023","2023","Meningococcal disease, Unknown serogroup","10154",1
,"Minnesota","27","2023","2023","Mpox","11801",20
,"Minnesota","27","2023","2023","Mumps","10180",2
,"Minnesota","27","2023","2023","Novel Influenza A virus infections","11062",0
,"Minnesota","27","2023","2023","Paratyphoid fever","50236",0
,"Minnesota","27","2023","2023","Pertussis","10190",64
,"Minnesota","27","2023","2023","Plague","10440",0
,"Minnesota","27","2023","2023","Poliomyelitis, paralytic","10410",0
,"Minnesota","27","2023","2023","Poliovirus infection, nonparalytic","10405",0
,"Minnesota","27","2023","2023","Psittacosis","10450",0
,"Minnesota","27","2023","2023","Q fever, Total","10259",5
,"Minnesota","27","2023","2023","Q fever, Acute","10257",2
,"Minnesota","27","2023","2023","Q fever, Chronic","10258",3
,"Minnesota","27","2023","2023","Rabies, Animal","10340",48
,"Minnesota","27","2023","2023","Rabies, Human","10460",0
,"Minnesota","27","2023","2023","Rubella","10200",0
,"Minnesota","27","2023","2023","Rubella, congenital syndrome","10370",0
,"Minnesota","27","2023","2023","Salmonella Paratyphi infection","50266",2
,"Minnesota","27","2023","2023","Salmonella Typhi infection","50267",12
,"Minnesota","27","2023","2023","Salmonellosis","11000",0
,"Minnesota","27","2023","2023","Salmonellosis (excluding paratyphoid fever and typhoid fever)","50242",0
,"Minnesota","27","2023","2023","Salmonellosis (excluding S. Typhi infection and S. Paratyphi infection)","50265",1046
,"Minnesota","27","2023","2023","Severe acute respiratory syndrome-associated coronavirus disease","10575",0
,"Minnesota","27","2023","2023","Shiga toxin-producing Escherichia coli (STEC)","11563",696
,"Minnesota","27","2023","2023","Shigellosis","11010",270
,"Minnesota","27","2023","2023","Smallpox","11800",0
,"Minnesota","27","2023","2023","Spotted fever rickettsiosis, Total","10250",3
,"Minnesota","27","2023","2023","Spotted fever rickettsiosis, Confirmed","10253",0
,"Minnesota","27","2023","2023","Spotted fever rickettsiosis, Probable","10254",3
,"Minnesota","27","2023","2023","Streptococcal toxic shock syndrome","11700",41
,"Minnesota","27","2023","2023","Syphilis, Total, all stages","10399",1762
,"Minnesota","27","2023","2023","Syphilis, Congenital","10316",29
,"Minnesota","27","2023","2023","Syphilis, Primary and secondary","10310",502
,"Minnesota","27","2023","2023","Tetanus","10210",0
,"Minnesota","27","2023","2023","Toxic shock syndrome (other than Streptococcal)","10520",0
,"Minnesota","27","2023","2023","Trichinellosis","10270",0
,"Minnesota","27","2023","2023","Tuberculosis","10220",160
,"Minnesota","27","2023","2023","Tularemia","10230",0
,"Minnesota","27","2023","2023","Typhoid fever","10240",0
,"Minnesota","27","2023","2023","Vancomycin-intermediate Staphylococcus aureus","11663",0
,"Minnesota","27","2023","2023","Vancomycin-resistant Staphylococcus aureus","11665",0
,"Minnesota","27","2023","2023","Varicella morbidity","10030",231
,"Minnesota","27","2023","2023","Varicella mortality","10031",0
,"Minnesota","27","2023","2023","Vibriosis, Total","11545",89
,"Minnesota","27","2023","2023","Vibriosis, Confirmed","50234",23
,"Minnesota","27","2023","2023","Vibriosis, Probable","50235",66
,"Minnesota","27","2023","2023","Viral hemorrhagic fevers","11647",0
,"Minnesota","27","2023","2023","Viral hemorrhagic fevers, Chapare virus","11649",0
,"Minnesota","27","2023","2023","Viral hemorrhagic fevers, Crimean-Congo hemorrhagic fever virus","11640",0
,"Minnesota","27","2023","2023","Viral hemorrhagic fevers, Ebola virus","11630",0
,"Minnesota","27","2023","2023","Viral hemorrhagic fevers, Guanarito virus","11648",0
,"Minnesota","27","2023","2023","Viral hemorrhagic fevers, Junin virus","11638",0
,"Minnesota","27","2023","2023","Viral hemorrhagic fevers, Lassa virus","11632",0
,"Minnesota","27","2023","2023","Viral hemorrhagic fevers, Lujo virus","11644",0
,"Minnesota","27","2023","2023","Viral hemorrhagic fevers, Machupo virus","11637",0
,"Minnesota","27","2023","2023","Viral hemorrhagic fevers, Marburg virus","11631",0
,"Minnesota","27","2023","2023","Viral hemorrhagic fevers, Sabia virus","11639",0
,"Minnesota","27","2023","2023","Yellow fever","10660",0
,"Minnesota","27","2023","2023","Zika virus, Zika virus disease, congenital","50224",0
,"Minnesota","27","2023","2023","Zika virus, Zika virus disease, non-congenital","50223",0
,"Minnesota","27","2023","2023","Zika virus, Zika virus infection, congenital","50222",0
,"Minnesota","27","2023","2023","Zika virus, Zika virus infection, non-congenital","50221",0
,"Mississippi","28","2023","2023","Anthrax","10350",0
,"Mississippi","28","2023","2023","Arboviral diseases, Chikungunya virus disease","10073",0
,"Mississippi","28","2023","2023","Arboviral diseases, Eastern equine encephalitis virus disease, Neuroinvasive","10053",0
,"Mississippi","28","2023","2023","Arboviral diseases, Eastern equine encephalitis virus disease, Non-neuroinvasive","10062",0
,"Mississippi","28","2023","2023","Arboviral diseases, Jamestown Canyon  virus disease, Neuroinvasive","10078",0
,"Mississippi","28","2023","2023","Arboviral diseases, Jamestown Canyon  virus disease, Non-neuroinvasive","10079",0
,"Mississippi","28","2023","2023","Arboviral diseases, La Crosse  virus disease, Neuroinvasive","10081",0
,"Mississippi","28","2023","2023","Arboviral diseases, La Crosse  virus disease, Non-neuroinvasive","10082",0
,"Mississippi","28","2023","2023","Arboviral diseases, Powassan virus disease, Neuroinvasive","10057",0
,"Mississippi","28","2023","2023","Arboviral diseases, Powassan virus disease, Non-neuroinvasive","10063",0
,"Mississippi","28","2023","2023","Arboviral diseases, St. Louis encephalitis virus disease, Neuroinvasive","10051",0
,"Mississippi","28","2023","2023","Arboviral diseases, St. Louis encephalitis virus disease, Non-neuroinvasive","10064",0
,"Mississippi","28","2023","2023","Arboviral diseases, West Nile virus disease, Neuroinvasive","10056",27
,"Mississippi","28","2023","2023","Arboviral diseases, West Nile virus disease, Non-neuroinvasive","10049",10
,"Mississippi","28","2023","2023","Arboviral diseases, Western equine encephalitis virus disease, Neuroinvasive","10052",0
,"Mississippi","28","2023","2023","Arboviral diseases, Western equine encephalitis virus disease, Non-neuroinvasive","10065",0
,"Mississippi","28","2023","2023","Babesiosis, Total","12010",Not Reportable
,"Mississippi","28","2023","2023","Babesiosis, Confirmed","12011",Not Reportable
,"Mississippi","28","2023","2023","Babesiosis, Probable","12012",Not Reportable
,"Mississippi","28","2023","2023","Botulism, Total","10360",0
,"Mississippi","28","2023","2023","Botulism, Foodborne","10530",0
,"Mississippi","28","2023","2023","Botulism, Infant","10540",0
,"Mississippi","28","2023","2023","Botulism, Other (wound & unspecified)","10550",0
,"Mississippi","28","2023","2023","Brucellosis","10020",1
,"Mississippi","28","2023","2023","Campylobacteriosis","11020",657
,"Mississippi","28","2023","2023","Candida auris, clinical","50263",0
,"Mississippi","28","2023","2023","Candida auris, screening","50264",0
,"Mississippi","28","2023","2023","Carbapenemase-producing carbapenem-resistant Enterobacteriaceae","50244",0
,"Mississippi","28","2023","2023","Carbapenemase-Producing Organisms (CPO),Total","50272",228
,"Mississippi","28","2023","2023","Chancroid","10273",0
,"Mississippi","28","2023","2023","Chlamydia trachomatis infection","10274",20603
,"Mississippi","28","2023","2023","Cholera","10470",0
,"Mississippi","28","2023","2023","Coccidioidomycosis","11900",Not Reportable
,"Mississippi","28","2023","2023","Coccidioidomycosis, confirmed","11901",Not Reportable
,"Mississippi","28","2023","2023","Coccidioidomycosis, probable","11902",Not Reportable
,"Mississippi","28","2023","2023","Coronavirus Disease 2019 (COVID-19), Total","11065",38808
,"Mississippi","28","2023","2023","Coronavirus Disease 2019 (COVID-19), Confirmed","11067",16974
,"Mississippi","28","2023","2023","Coronavirus Disease 2019 (COVID-19), Probable","11068",21834
,"Mississippi","28","2023","2023","Cryptosporidiosis, Total","11580",97
,"Mississippi","28","2023","2023","Cryptosporidiosis, Confirmed","11582",97
,"Mississippi","28","2023","2023","Cryptosporidiosis, Probable","11583",0
,"Mississippi","28","2023","2023","Cyclosporiasis","11575",Not Reportable
,"Mississippi","28","2023","2023","Dengue virus infections, Dengue","10680",1
,"Mississippi","28","2023","2023","Dengue virus infections, Dengue-like illness","11704",0
,"Mississippi","28","2023","2023","Dengue virus infections, Severe dengue","11705",0
,"Mississippi","28","2023","2023","Diphtheria","10040",0
,"Mississippi","28","2023","2023","Ehrlichiosis and Anaplasmosis, Anaplasma phagocytophilum infection","11090",1
,"Mississippi","28","2023","2023","Ehrlichiosis and Anaplasmosis, Ehrlichia chaffeensis infection","11088",3
,"Mississippi","28","2023","2023","Ehrlichiosis and Anaplasmosis, Ehrlichia ewingii infection","11089",0
,"Mississippi","28","2023","2023","Ehrlichiosis and Anaplasmosis, Undetermined ehrlichiosis/anaplasmosis","11091",0
,"Mississippi","28","2023","2023","Giardiasis","11570",Not Reportable
,"Mississippi","28","2023","2023","Gonorrhea","10280",7382
,"Mississippi","28","2023","2023","Haemophilus influenzae, invasive disease, All ages, all serotypes","10590",70
,"Mississippi","28","2023","2023","Haemophilus influenzae, invasive disease, Age <5 years, Serotype b","10591",1
,"Mississippi","28","2023","2023","Haemophilus influenzae, invasive disease, Age <5 years, Non-b serotype","10593",6
,"Mississippi","28","2023","2023","Haemophilus influenzae, invasive disease, Age <5 years, Nontypeable","10592",0
,"Mississippi","28","2023","2023","Haemophilus influenzae, invasive disease, Age <5 years, Unknown serotype","10597",0
,"Mississippi","28","2023","2023","Hansen's disease","10380",1
,"Mississippi","28","2023","2023","Hantavirus infection, non-hantavirus pulmonary syndrome","11610",0
,"Mississippi","28","2023","2023","Hantavirus pulmonary syndrome","11590",0
,"Mississippi","28","2023","2023","Hemolytic uremic syndrome post-diarrheal","11550",0
,"Mississippi","28","2023","2023","Hepatitis, A","10110",41
,"Mississippi","28","2023","2023","Hepatitis, B, acute","10100",13
,"Mississippi","28","2023","2023","Hepatitis, B, perinatal infection","10104",0
,"Mississippi","28","2023","2023","Hepatitis, C, acute","10101",57
,"Mississippi","28","2023","2023","Hepatitis, C, acute, Confirmed","50228",23
,"Mississippi","28","2023","2023","Hepatitis, C, acute, Probable","50229",34
,"Mississippi","28","2023","2023","Hepatitis, C, perinatal infection","50248",0
,"Mississippi","28","2023","2023","Human immunodeficiency virus diagnoses","10560",525
,"Mississippi","28","2023","2023","Influenza-associated pediatric mortality","11061",1
,"Mississippi","28","2023","2023","Invasive pneumococcal disease, All ages","11723",222
,"Mississippi","28","2023","2023","Invasive pneumococcal disease, All ages, Confirmed","50230",222
,"Mississippi","28","2023","2023","Invasive pneumococcal disease, All ages, Probable","50231",0
,"Mississippi","28","2023","2023","Invasive pneumococcal disease, Age <5 years","11722",20
,"Mississippi","28","2023","2023","Invasive pneumococcal disease, Age <5 years, Confirmed","50232",20
,"Mississippi","28","2023","2023","Invasive pneumococcal disease, Age <5 years, Probable","50233",0
,"Mississippi","28","2023","2023","Legionellosis","10490",40
,"Mississippi","28","2023","2023","Leptospirosis","10390",Not Reportable
,"Mississippi","28","2023","2023","Listeriosis, Total","10640",6
,"Mississippi","28","2023","2023","Listeriosis, Confirmed","10641",6
,"Mississippi","28","2023","2023","Listeriosis, Probable","10642",0
,"Mississippi","28","2023","2023","Lyme disease, Total","11080",4
,"Mississippi","28","2023","2023","Lyme disease, Confirmed","11081",1
,"Mississippi","28","2023","2023","Lyme disease, Probable","11082",3
,"Mississippi","28","2023","2023","Malaria","10130",5
,"Mississippi","28","2023","2023","Measles, Total","10140",0
,"Mississippi","28","2023","2023","Measles, Indigenous","10500",0
,"Mississippi","28","2023","2023","Measles, Imported","10510",0
,"Mississippi","28","2023","2023","Melioidosis","11585",1
,"Mississippi","28","2023","2023","Meningococcal disease, All serogroups","10150",2
,"Mississippi","28","2023","2023","Meningococcal disease, Serogroups ACWY","10151",0
,"Mississippi","28","2023","2023","Meningococcal disease, Serogroup B","10152",0
,"Mississippi","28","2023","2023","Meningococcal disease, Other serogroups","10153",0
,"Mississippi","28","2023","2023","Meningococcal disease, Unknown serogroup","10154",2
,"Mississippi","28","2023","2023","Mpox","11801",2
,"Mississippi","28","2023","2023","Mumps","10180",0
,"Mississippi","28","2023","2023","Novel Influenza A virus infections","11062",0
,"Mississippi","28","2023","2023","Paratyphoid fever","50236",0
,"Mississippi","28","2023","2023","Pertussis","10190",3
,"Mississippi","28","2023","2023","Plague","10440",0
,"Mississippi","28","2023","2023","Poliomyelitis, paralytic","10410",0
,"Mississippi","28","2023","2023","Poliovirus infection, nonparalytic","10405",0
,"Mississippi","28","2023","2023","Psittacosis","10450",0
,"Mississippi","28","2023","2023","Q fever, Total","10259",2
,"Mississippi","28","2023","2023","Q fever, Acute","10257",1
,"Mississippi","28","2023","2023","Q fever, Chronic","10258",1
,"Mississippi","28","2023","2023","Rabies, Animal","10340",3
,"Mississippi","28","2023","2023","Rabies, Human","10460",0
,"Mississippi","28","2023","2023","Rubella","10200",0
,"Mississippi","28","2023","2023","Rubella, congenital syndrome","10370",0
,"Mississippi","28","2023","2023","Salmonella Paratyphi infection","50266",0
,"Mississippi","28","2023","2023","Salmonella Typhi infection","50267",1
,"Mississippi","28","2023","2023","Salmonellosis","11000",0
,"Mississippi","28","2023","2023","Salmonellosis (excluding paratyphoid fever and typhoid fever)","50242",0
,"Mississippi","28","2023","2023","Salmonellosis (excluding S. Typhi infection and S. Paratyphi infection)","50265",950
,"Mississippi","28","2023","2023","Severe acute respiratory syndrome-associated coronavirus disease","10575",0
,"Mississippi","28","2023","2023","Shiga toxin-producing Escherichia coli (STEC)","11563",99
,"Mississippi","28","2023","2023","Shigellosis","11010",77
,"Mississippi","28","2023","2023","Smallpox","11800",0
,"Mississippi","28","2023","2023","Spotted fever rickettsiosis, Total","10250",23
,"Mississippi","28","2023","2023","Spotted fever rickettsiosis, Confirmed","10253",1
,"Mississippi","28","2023","2023","Spotted fever rickettsiosis, Probable","10254",22
,"Mississippi","28","2023","2023","Streptococcal toxic shock syndrome","11700",Not Reportable
,"Mississippi","28","2023","2023","Syphilis, Total, all stages","10399",3401
,"Mississippi","28","2023","2023","Syphilis, Congenital","10316",131
,"Mississippi","28","2023","2023","Syphilis, Primary and secondary","10310",886
,"Mississippi","28","2023","2023","Tetanus","10210",0
,"Mississippi","28","2023","2023","Toxic shock syndrome (other than Streptococcal)","10520",Not Reportable
,"Mississippi","28","2023","2023","Trichinellosis","10270",0
,"Mississippi","28","2023","2023","Tuberculosis","10220",41
,"Mississippi","28","2023","2023","Tularemia","10230",1
,"Mississippi","28","2023","2023","Typhoid fever","10240",0
,"Mississippi","28","2023","2023","Vancomycin-intermediate Staphylococcus aureus","11663",1
,"Mississippi","28","2023","2023","Vancomycin-resistant Staphylococcus aureus","11665",0
,"Mississippi","28","2023","2023","Varicella morbidity","10030",10
,"Mississippi","28","2023","2023","Varicella mortality","10031",Not Reportable
,"Mississippi","28","2023","2023","Vibriosis, Total","11545",46
,"Mississippi","28","2023","2023","Vibriosis, Confirmed","50234",23
,"Mississippi","28","2023","2023","Vibriosis, Probable","50235",23
,"Mississippi","28","2023","2023","Viral hemorrhagic fevers","11647",0
,"Mississippi","28","2023","2023","Viral hemorrhagic fevers, Chapare virus","11649",0
,"Mississippi","28","2023","2023","Viral hemorrhagic fevers, Crimean-Congo hemorrhagic fever virus","11640",0
,"Mississippi","28","2023","2023","Viral hemorrhagic fevers, Ebola virus","11630",0
,"Mississippi","28","2023","2023","Viral hemorrhagic fevers, Guanarito virus","11648",0
,"Mississippi","28","2023","2023","Viral hemorrhagic fevers, Junin virus","11638",0
,"Mississippi","28","2023","2023","Viral hemorrhagic fevers, Lassa virus","11632",0
,"Mississippi","28","2023","2023","Viral hemorrhagic fevers, Lujo virus","11644",0
,"Mississippi","28","2023","2023","Viral hemorrhagic fevers, Machupo virus","11637",0
,"Mississippi","28","2023","2023","Viral hemorrhagic fevers, Marburg virus","11631",0
,"Mississippi","28","2023","2023","Viral hemorrhagic fevers, Sabia virus","11639",0
,"Mississippi","28","2023","2023","Yellow fever","10660",0
,"Mississippi","28","2023","2023","Zika virus, Zika virus disease, congenital","50224",0
,"Mississippi","28","2023","2023","Zika virus, Zika virus disease, non-congenital","50223",0
,"Mississippi","28","2023","2023","Zika virus, Zika virus infection, congenital","50222",0
,"Mississippi","28","2023","2023","Zika virus, Zika virus infection, non-congenital","50221",0
,"Missouri","29","2023","2023","Anthrax","10350",0
,"Missouri","29","2023","2023","Arboviral diseases, Chikungunya virus disease","10073",1
,"Missouri","29","2023","2023","Arboviral diseases, Eastern equine encephalitis virus disease, Neuroinvasive","10053",0
,"Missouri","29","2023","2023","Arboviral diseases, Eastern equine encephalitis virus disease, Non-neuroinvasive","10062",0
,"Missouri","29","2023","2023","Arboviral diseases, Jamestown Canyon  virus disease, Neuroinvasive","10078",0
,"Missouri","29","2023","2023","Arboviral diseases, Jamestown Canyon  virus disease, Non-neuroinvasive","10079",0
,"Missouri","29","2023","2023","Arboviral diseases, La Crosse  virus disease, Neuroinvasive","10081",0
,"Missouri","29","2023","2023","Arboviral diseases, La Crosse  virus disease, Non-neuroinvasive","10082",0
,"Missouri","29","2023","2023","Arboviral diseases, Powassan virus disease, Neuroinvasive","10057",0
,"Missouri","29","2023","2023","Arboviral diseases, Powassan virus disease, Non-neuroinvasive","10063",0
,"Missouri","29","2023","2023","Arboviral diseases, St. Louis encephalitis virus disease, Neuroinvasive","10051",0
,"Missouri","29","2023","2023","Arboviral diseases, St. Louis encephalitis virus disease, Non-neuroinvasive","10064",0
,"Missouri","29","2023","2023","Arboviral diseases, West Nile virus disease, Neuroinvasive","10056",33
,"Missouri","29","2023","2023","Arboviral diseases, West Nile virus disease, Non-neuroinvasive","10049",2
,"Missouri","29","2023","2023","Arboviral diseases, Western equine encephalitis virus disease, Neuroinvasive","10052",0
,"Missouri","29","2023","2023","Arboviral diseases, Western equine encephalitis virus disease, Non-neuroinvasive","10065",0
,"Missouri","29","2023","2023","Babesiosis, Total","12010",0
,"Missouri","29","2023","2023","Babesiosis, Confirmed","12011",0
,"Missouri","29","2023","2023","Babesiosis, Probable","12012",0
,"Missouri","29","2023","2023","Botulism, Total","10360",2
,"Missouri","29","2023","2023","Botulism, Foodborne","10530",0
,"Missouri","29","2023","2023","Botulism, Infant","10540",1
,"Missouri","29","2023","2023","Botulism, Other (wound & unspecified)","10550",1
,"Missouri","29","2023","2023","Brucellosis","10020",1
,"Missouri","29","2023","2023","Campylobacteriosis","11020",1537
,"Missouri","29","2023","2023","Candida auris, clinical","50263",0
,"Missouri","29","2023","2023","Candida auris, screening","50264",0
,"Missouri","29","2023","2023","Carbapenemase-producing carbapenem-resistant Enterobacteriaceae","50244",0
,"Missouri","29","2023","2023","Carbapenemase-Producing Organisms (CPO),Total","50272",0
,"Missouri","29","2023","2023","Chancroid","10273",0
,"Missouri","29","2023","2023","Chlamydia trachomatis infection","10274",30892
,"Missouri","29","2023","2023","Cholera","10470",0
,"Missouri","29","2023","2023","Coccidioidomycosis","11900",26
,"Missouri","29","2023","2023","Coccidioidomycosis, confirmed","11901",13
,"Missouri","29","2023","2023","Coccidioidomycosis, probable","11902",13
,"Missouri","29","2023","2023","Coronavirus Disease 2019 (COVID-19), Total","11065",165948
,"Missouri","29","2023","2023","Coronavirus Disease 2019 (COVID-19), Confirmed","11067",102474
,"Missouri","29","2023","2023","Coronavirus Disease 2019 (COVID-19), Probable","11068",63474
,"Missouri","29","2023","2023","Cryptosporidiosis, Total","11580",293
,"Missouri","29","2023","2023","Cryptosporidiosis, Confirmed","11582",276
,"Missouri","29","2023","2023","Cryptosporidiosis, Probable","11583",17
,"Missouri","29","2023","2023","Cyclosporiasis","11575",90
,"Missouri","29","2023","2023","Dengue virus infections, Dengue","10680",12
,"Missouri","29","2023","2023","Dengue virus infections, Dengue-like illness","11704",0
,"Missouri","29","2023","2023","Dengue virus infections, Severe dengue","11705",0
,"Missouri","29","2023","2023","Diphtheria","10040",0
,"Missouri","29","2023","2023","Ehrlichiosis and Anaplasmosis, Anaplasma phagocytophilum infection","11090",11
,"Missouri","29","2023","2023","Ehrlichiosis and Anaplasmosis, Ehrlichia chaffeensis infection","11088",474
,"Missouri","29","2023","2023","Ehrlichiosis and Anaplasmosis, Ehrlichia ewingii infection","11089",7
,"Missouri","29","2023","2023","Ehrlichiosis and Anaplasmosis, Undetermined ehrlichiosis/anaplasmosis","11091",18
,"Missouri","29","2023","2023","Giardiasis","11570",263
,"Missouri","29","2023","2023","Gonorrhea","10280",12513
,"Missouri","29","2023","2023","Haemophilus influenzae, invasive disease, All ages, all serotypes","10590",167
,"Missouri","29","2023","2023","Haemophilus influenzae, invasive disease, Age <5 years, Serotype b","10591",0
,"Missouri","29","2023","2023","Haemophilus influenzae, invasive disease, Age <5 years, Non-b serotype","10593",0
,"Missouri","29","2023","2023","Haemophilus influenzae, invasive disease, Age <5 years, Nontypeable","10592",0
,"Missouri","29","2023","2023","Haemophilus influenzae, invasive disease, Age <5 years, Unknown serotype","10597",11
,"Missouri","29","2023","2023","Hansen's disease","10380",2
,"Missouri","29","2023","2023","Hantavirus infection, non-hantavirus pulmonary syndrome","11610",Not Reportable
,"Missouri","29","2023","2023","Hantavirus pulmonary syndrome","11590",0
,"Missouri","29","2023","2023","Hemolytic uremic syndrome post-diarrheal","11550",11
,"Missouri","29","2023","2023","Hepatitis, A","10110",17
,"Missouri","29","2023","2023","Hepatitis, B, acute","10100",16
,"Missouri","29","2023","2023","Hepatitis, B, perinatal infection","10104",1
,"Missouri","29","2023","2023","Hepatitis, C, acute","10101",17
,"Missouri","29","2023","2023","Hepatitis, C, acute, Confirmed","50228",14
,"Missouri","29","2023","2023","Hepatitis, C, acute, Probable","50229",3
,"Missouri","29","2023","2023","Hepatitis, C, perinatal infection","50248",0
,"Missouri","29","2023","2023","Human immunodeficiency virus diagnoses","10560",556
,"Missouri","29","2023","2023","Influenza-associated pediatric mortality","11061",2
,"Missouri","29","2023","2023","Invasive pneumococcal disease, All ages","11723",578
,"Missouri","29","2023","2023","Invasive pneumococcal disease, All ages, Confirmed","50230",526
,"Missouri","29","2023","2023","Invasive pneumococcal disease, All ages, Probable","50231",52
,"Missouri","29","2023","2023","Invasive pneumococcal disease, Age <5 years","11722",25
,"Missouri","29","2023","2023","Invasive pneumococcal disease, Age <5 years, Confirmed","50232",21
,"Missouri","29","2023","2023","Invasive pneumococcal disease, Age <5 years, Probable","50233",4
,"Missouri","29","2023","2023","Legionellosis","10490",135
,"Missouri","29","2023","2023","Leptospirosis","10390",1
,"Missouri","29","2023","2023","Listeriosis, Total","10640",4
,"Missouri","29","2023","2023","Listeriosis, Confirmed","10641",3
,"Missouri","29","2023","2023","Listeriosis, Probable","10642",1
,"Missouri","29","2023","2023","Lyme disease, Total","11080",16
,"Missouri","29","2023","2023","Lyme disease, Confirmed","11081",16
,"Missouri","29","2023","2023","Lyme disease, Probable","11082",0
,"Missouri","29","2023","2023","Malaria","10130",21
,"Missouri","29","2023","2023","Measles, Total","10140",1
,"Missouri","29","2023","2023","Measles, Indigenous","10500",1
,"Missouri","29","2023","2023","Measles, Imported","10510",0
,"Missouri","29","2023","2023","Melioidosis","11585",0
,"Missouri","29","2023","2023","Meningococcal disease, All serogroups","10150",7
,"Missouri","29","2023","2023","Meningococcal disease, Serogroups ACWY","10151",0
,"Missouri","29","2023","2023","Meningococcal disease, Serogroup B","10152",0
,"Missouri","29","2023","2023","Meningococcal disease, Other serogroups","10153",0
,"Missouri","29","2023","2023","Meningococcal disease, Unknown serogroup","10154",7
,"Missouri","29","2023","2023","Mpox","11801",14
,"Missouri","29","2023","2023","Mumps","10180",7
,"Missouri","29","2023","2023","Novel Influenza A virus infections","11062",0
,"Missouri","29","2023","2023","Paratyphoid fever","50236",0
,"Missouri","29","2023","2023","Pertussis","10190",77
,"Missouri","29","2023","2023","Plague","10440",0
,"Missouri","29","2023","2023","Poliomyelitis, paralytic","10410",0
,"Missouri","29","2023","2023","Poliovirus infection, nonparalytic","10405",0
,"Missouri","29","2023","2023","Psittacosis","10450",0
,"Missouri","29","2023","2023","Q fever, Total","10259",4
,"Missouri","29","2023","2023","Q fever, Acute","10257",3
,"Missouri","29","2023","2023","Q fever, Chronic","10258",1
,"Missouri","29","2023","2023","Rabies, Animal","10340",33
,"Missouri","29","2023","2023","Rabies, Human","10460",0
,"Missouri","29","2023","2023","Rubella","10200",0
,"Missouri","29","2023","2023","Rubella, congenital syndrome","10370",0
,"Missouri","29","2023","2023","Salmonella Paratyphi infection","50266",0
,"Missouri","29","2023","2023","Salmonella Typhi infection","50267",4
,"Missouri","29","2023","2023","Salmonellosis","11000",0
,"Missouri","29","2023","2023","Salmonellosis (excluding paratyphoid fever and typhoid fever)","50242",0
,"Missouri","29","2023","2023","Salmonellosis (excluding S. Typhi infection and S. Paratyphi infection)","50265",1120
,"Missouri","29","2023","2023","Severe acute respiratory syndrome-associated coronavirus disease","10575",0
,"Missouri","29","2023","2023","Shiga toxin-producing Escherichia coli (STEC)","11563",389
,"Missouri","29","2023","2023","Shigellosis","11010",168
,"Missouri","29","2023","2023","Smallpox","11800",0
,"Missouri","29","2023","2023","Spotted fever rickettsiosis, Total","10250",112
,"Missouri","29","2023","2023","Spotted fever rickettsiosis, Confirmed","10253",2
,"Missouri","29","2023","2023","Spotted fever rickettsiosis, Probable","10254",110
,"Missouri","29","2023","2023","Streptococcal toxic shock syndrome","11700",29
,"Missouri","29","2023","2023","Syphilis, Total, all stages","10399",4289
,"Missouri","29","2023","2023","Syphilis, Congenital","10316",94
,"Missouri","29","2023","2023","Syphilis, Primary and secondary","10310",1332
,"Missouri","29","2023","2023","Tetanus","10210",0
,"Missouri","29","2023","2023","Toxic shock syndrome (other than Streptococcal)","10520",1
,"Missouri","29","2023","2023","Trichinellosis","10270",0
,"Missouri","29","2023","2023","Tuberculosis","10220",74
,"Missouri","29","2023","2023","Tularemia","10230",24
,"Missouri","29","2023","2023","Typhoid fever","10240",0
,"Missouri","29","2023","2023","Vancomycin-intermediate Staphylococcus aureus","11663",8
,"Missouri","29","2023","2023","Vancomycin-resistant Staphylococcus aureus","11665",0
,"Missouri","29","2023","2023","Varicella morbidity","10030",71
,"Missouri","29","2023","2023","Varicella mortality","10031",0
,"Missouri","29","2023","2023","Vibriosis, Total","11545",21
,"Missouri","29","2023","2023","Vibriosis, Confirmed","50234",9
,"Missouri","29","2023","2023","Vibriosis, Probable","50235",12
,"Missouri","29","2023","2023","Viral hemorrhagic fevers","11647",0
,"Missouri","29","2023","2023","Viral hemorrhagic fevers, Chapare virus","11649",0
,"Missouri","29","2023","2023","Viral hemorrhagic fevers, Crimean-Congo hemorrhagic fever virus","11640",0
,"Missouri","29","2023","2023","Viral hemorrhagic fevers, Ebola virus","11630",0
,"Missouri","29","2023","2023","Viral hemorrhagic fevers, Guanarito virus","11648",0
,"Missouri","29","2023","2023","Viral hemorrhagic fevers, Junin virus","11638",0
,"Missouri","29","2023","2023","Viral hemorrhagic fevers, Lassa virus","11632",0
,"Missouri","29","2023","2023","Viral hemorrhagic fevers, Lujo virus","11644",0
,"Missouri","29","2023","2023","Viral hemorrhagic fevers, Machupo virus","11637",0
,"Missouri","29","2023","2023","Viral hemorrhagic fevers, Marburg virus","11631",0
,"Missouri","29","2023","2023","Viral hemorrhagic fevers, Sabia virus","11639",0
,"Missouri","29","2023","2023","Yellow fever","10660",0
,"Missouri","29","2023","2023","Zika virus, Zika virus disease, congenital","50224",0
,"Missouri","29","2023","2023","Zika virus, Zika virus disease, non-congenital","50223",0
,"Missouri","29","2023","2023","Zika virus, Zika virus infection, congenital","50222",0
,"Missouri","29","2023","2023","Zika virus, Zika virus infection, non-congenital","50221",0
,"Montana","30","2023","2023","Anthrax","10350",0
,"Montana","30","2023","2023","Arboviral diseases, Chikungunya virus disease","10073",1
,"Montana","30","2023","2023","Arboviral diseases, Eastern equine encephalitis virus disease, Neuroinvasive","10053",0
,"Montana","30","2023","2023","Arboviral diseases, Eastern equine encephalitis virus disease, Non-neuroinvasive","10062",0
,"Montana","30","2023","2023","Arboviral diseases, Jamestown Canyon  virus disease, Neuroinvasive","10078",0
,"Montana","30","2023","2023","Arboviral diseases, Jamestown Canyon  virus disease, Non-neuroinvasive","10079",0
,"Montana","30","2023","2023","Arboviral diseases, La Crosse  virus disease, Neuroinvasive","10081",0
,"Montana","30","2023","2023","Arboviral diseases, La Crosse  virus disease, Non-neuroinvasive","10082",0
,"Montana","30","2023","2023","Arboviral diseases, Powassan virus disease, Neuroinvasive","10057",0
,"Montana","30","2023","2023","Arboviral diseases, Powassan virus disease, Non-neuroinvasive","10063",0
,"Montana","30","2023","2023","Arboviral diseases, St. Louis encephalitis virus disease, Neuroinvasive","10051",0
,"Montana","30","2023","2023","Arboviral diseases, St. Louis encephalitis virus disease, Non-neuroinvasive","10064",0
,"Montana","30","2023","2023","Arboviral diseases, West Nile virus disease, Neuroinvasive","10056",23
,"Montana","30","2023","2023","Arboviral diseases, West Nile virus disease, Non-neuroinvasive","10049",19
,"Montana","30","2023","2023","Arboviral diseases, Western equine encephalitis virus disease, Neuroinvasive","10052",0
,"Montana","30","2023","2023","Arboviral diseases, Western equine encephalitis virus disease, Non-neuroinvasive","10065",0
,"Montana","30","2023","2023","Babesiosis, Total","12010",0
,"Montana","30","2023","2023","Babesiosis, Confirmed","12011",0
,"Montana","30","2023","2023","Babesiosis, Probable","12012",0
,"Montana","30","2023","2023","Botulism, Total","10360",0
,"Montana","30","2023","2023","Botulism, Foodborne","10530",0
,"Montana","30","2023","2023","Botulism, Infant","10540",0
,"Montana","30","2023","2023","Botulism, Other (wound & unspecified)","10550",0
,"Montana","30","2023","2023","Brucellosis","10020",0
,"Montana","30","2023","2023","Campylobacteriosis","11020",438
,"Montana","30","2023","2023","Candida auris, clinical","50263",0
,"Montana","30","2023","2023","Candida auris, screening","50264",0
,"Montana","30","2023","2023","Carbapenemase-producing carbapenem-resistant Enterobacteriaceae","50244",0
,"Montana","30","2023","2023","Carbapenemase-Producing Organisms (CPO),Total","50272",3
,"Montana","30","2023","2023","Chancroid","10273",0
,"Montana","30","2023","2023","Chlamydia trachomatis infection","10274",3655
,"Montana","30","2023","2023","Cholera","10470",0
,"Montana","30","2023","2023","Coccidioidomycosis","11900",16
,"Montana","30","2023","2023","Coccidioidomycosis, confirmed","11901",12
,"Montana","30","2023","2023","Coccidioidomycosis, probable","11902",4
,"Montana","30","2023","2023","Coronavirus Disease 2019 (COVID-19), Total","11065",26721
,"Montana","30","2023","2023","Coronavirus Disease 2019 (COVID-19), Confirmed","11067",18661
,"Montana","30","2023","2023","Coronavirus Disease 2019 (COVID-19), Probable","11068",8060
,"Montana","30","2023","2023","Cryptosporidiosis, Total","11580",95
,"Montana","30","2023","2023","Cryptosporidiosis, Confirmed","11582",93
,"Montana","30","2023","2023","Cryptosporidiosis, Probable","11583",2
,"Montana","30","2023","2023","Cyclosporiasis","11575",9
,"Montana","30","2023","2023","Dengue virus infections, Dengue","10680",1
,"Montana","30","2023","2023","Dengue virus infections, Dengue-like illness","11704",0
,"Montana","30","2023","2023","Dengue virus infections, Severe dengue","11705",0
,"Montana","30","2023","2023","Diphtheria","10040",0
,"Montana","30","2023","2023","Ehrlichiosis and Anaplasmosis, Anaplasma phagocytophilum infection","11090",0
,"Montana","30","2023","2023","Ehrlichiosis and Anaplasmosis, Ehrlichia chaffeensis infection","11088",1
,"Montana","30","2023","2023","Ehrlichiosis and Anaplasmosis, Ehrlichia ewingii infection","11089",0
,"Montana","30","2023","2023","Ehrlichiosis and Anaplasmosis, Undetermined ehrlichiosis/anaplasmosis","11091",0
,"Montana","30","2023","2023","Giardiasis","11570",94
,"Montana","30","2023","2023","Gonorrhea","10280",767
,"Montana","30","2023","2023","Haemophilus influenzae, invasive disease, All ages, all serotypes","10590",14
,"Montana","30","2023","2023","Haemophilus influenzae, invasive disease, Age <5 years, Serotype b","10591",0
,"Montana","30","2023","2023","Haemophilus influenzae, invasive disease, Age <5 years, Non-b serotype","10593",0
,"Montana","30","2023","2023","Haemophilus influenzae, invasive disease, Age <5 years, Nontypeable","10592",0
,"Montana","30","2023","2023","Haemophilus influenzae, invasive disease, Age <5 years, Unknown serotype","10597",1
,"Montana","30","2023","2023","Hansen's disease","10380",0
,"Montana","30","2023","2023","Hantavirus infection, non-hantavirus pulmonary syndrome","11610",0
,"Montana","30","2023","2023","Hantavirus pulmonary syndrome","11590",0
,"Montana","30","2023","2023","Hemolytic uremic syndrome post-diarrheal","11550",0
,"Montana","30","2023","2023","Hepatitis, A","10110",2
,"Montana","30","2023","2023","Hepatitis, B, acute","10100",1
,"Montana","30","2023","2023","Hepatitis, B, perinatal infection","10104",0
,"Montana","30","2023","2023","Hepatitis, C, acute","10101",28
,"Montana","30","2023","2023","Hepatitis, C, acute, Confirmed","50228",22
,"Montana","30","2023","2023","Hepatitis, C, acute, Probable","50229",6
,"Montana","30","2023","2023","Hepatitis, C, perinatal infection","50248",0
,"Montana","30","2023","2023","Human immunodeficiency virus diagnoses","10560",29
,"Montana","30","2023","2023","Influenza-associated pediatric mortality","11061",1
,"Montana","30","2023","2023","Invasive pneumococcal disease, All ages","11723",110
,"Montana","30","2023","2023","Invasive pneumococcal disease, All ages, Confirmed","50230",106
,"Montana","30","2023","2023","Invasive pneumococcal disease, All ages, Probable","50231",4
,"Montana","30","2023","2023","Invasive pneumococcal disease, Age <5 years","11722",3
,"Montana","30","2023","2023","Invasive pneumococcal disease, Age <5 years, Confirmed","50232",3
,"Montana","30","2023","2023","Invasive pneumococcal disease, Age <5 years, Probable","50233",0
,"Montana","30","2023","2023","Legionellosis","10490",20
,"Montana","30","2023","2023","Leptospirosis","10390",0
,"Montana","30","2023","2023","Listeriosis, Total","10640",2
,"Montana","30","2023","2023","Listeriosis, Confirmed","10641",2
,"Montana","30","2023","2023","Listeriosis, Probable","10642",0
,"Montana","30","2023","2023","Lyme disease, Total","11080",11
,"Montana","30","2023","2023","Lyme disease, Confirmed","11081",10
,"Montana","30","2023","2023","Lyme disease, Probable","11082",1
,"Montana","30","2023","2023","Malaria","10130",2
,"Montana","30","2023","2023","Measles, Total","10140",0
,"Montana","30","2023","2023","Measles, Indigenous","10500",0
,"Montana","30","2023","2023","Measles, Imported","10510",0
,"Montana","30","2023","2023","Melioidosis","11585",0
,"Montana","30","2023","2023","Meningococcal disease, All serogroups","10150",0
,"Montana","30","2023","2023","Meningococcal disease, Serogroups ACWY","10151",0
,"Montana","30","2023","2023","Meningococcal disease, Serogroup B","10152",0
,"Montana","30","2023","2023","Meningococcal disease, Other serogroups","10153",0
,"Montana","30","2023","2023","Meningococcal disease, Unknown serogroup","10154",0
,"Montana","30","2023","2023","Mpox","11801",0
,"Montana","30","2023","2023","Mumps","10180",2
,"Montana","30","2023","2023","Novel Influenza A virus infections","11062",1
,"Montana","30","2023","2023","Paratyphoid fever","50236",0
,"Montana","30","2023","2023","Pertussis","10190",47
,"Montana","30","2023","2023","Plague","10440",0
,"Montana","30","2023","2023","Poliomyelitis, paralytic","10410",0
,"Montana","30","2023","2023","Poliovirus infection, nonparalytic","10405",0
,"Montana","30","2023","2023","Psittacosis","10450",0
,"Montana","30","2023","2023","Q fever, Total","10259",2
,"Montana","30","2023","2023","Q fever, Acute","10257",1
,"Montana","30","2023","2023","Q fever, Chronic","10258",1
,"Montana","30","2023","2023","Rabies, Animal","10340",24
,"Montana","30","2023","2023","Rabies, Human","10460",0
,"Montana","30","2023","2023","Rubella","10200",0
,"Montana","30","2023","2023","Rubella, congenital syndrome","10370",0
,"Montana","30","2023","2023","Salmonella Paratyphi infection","50266",1
,"Montana","30","2023","2023","Salmonella Typhi infection","50267",0
,"Montana","30","2023","2023","Salmonellosis","11000",0
,"Montana","30","2023","2023","Salmonellosis (excluding paratyphoid fever and typhoid fever)","50242",0
,"Montana","30","2023","2023","Salmonellosis (excluding S. Typhi infection and S. Paratyphi infection)","50265",177
,"Montana","30","2023","2023","Severe acute respiratory syndrome-associated coronavirus disease","10575",0
,"Montana","30","2023","2023","Shiga toxin-producing Escherichia coli (STEC)","11563",138
,"Montana","30","2023","2023","Shigellosis","11010",22
,"Montana","30","2023","2023","Smallpox","11800",0
,"Montana","30","2023","2023","Spotted fever rickettsiosis, Total","10250",2
,"Montana","30","2023","2023","Spotted fever rickettsiosis, Confirmed","10253",0
,"Montana","30","2023","2023","Spotted fever rickettsiosis, Probable","10254",2
,"Montana","30","2023","2023","Streptococcal toxic shock syndrome","11700",4
,"Montana","30","2023","2023","Syphilis, Total, all stages","10399",780
,"Montana","30","2023","2023","Syphilis, Congenital","10316",19
,"Montana","30","2023","2023","Syphilis, Primary and secondary","10310",312
,"Montana","30","2023","2023","Tetanus","10210",0
,"Montana","30","2023","2023","Toxic shock syndrome (other than Streptococcal)","10520",0
,"Montana","30","2023","2023","Trichinellosis","10270",1
,"Montana","30","2023","2023","Tuberculosis","10220",8
,"Montana","30","2023","2023","Tularemia","10230",2
,"Montana","30","2023","2023","Typhoid fever","10240",0
,"Montana","30","2023","2023","Vancomycin-intermediate Staphylococcus aureus","11663",0
,"Montana","30","2023","2023","Vancomycin-resistant Staphylococcus aureus","11665",0
,"Montana","30","2023","2023","Varicella morbidity","10030",37
,"Montana","30","2023","2023","Varicella mortality","10031",0
,"Montana","30","2023","2023","Vibriosis, Total","11545",13
,"Montana","30","2023","2023","Vibriosis, Confirmed","50234",7
,"Montana","30","2023","2023","Vibriosis, Probable","50235",6
,"Montana","30","2023","2023","Viral hemorrhagic fevers","11647",0
,"Montana","30","2023","2023","Viral hemorrhagic fevers, Chapare virus","11649",0
,"Montana","30","2023","2023","Viral hemorrhagic fevers, Crimean-Congo hemorrhagic fever virus","11640",0
,"Montana","30","2023","2023","Viral hemorrhagic fevers, Ebola virus","11630",0
,"Montana","30","2023","2023","Viral hemorrhagic fevers, Guanarito virus","11648",0
,"Montana","30","2023","2023","Viral hemorrhagic fevers, Junin virus","11638",0
,"Montana","30","2023","2023","Viral hemorrhagic fevers, Lassa virus","11632",0
,"Montana","30","2023","2023","Viral hemorrhagic fevers, Lujo virus","11644",0
,"Montana","30","2023","2023","Viral hemorrhagic fevers, Machupo virus","11637",0
,"Montana","30","2023","2023","Viral hemorrhagic fevers, Marburg virus","11631",0
,"Montana","30","2023","2023","Viral hemorrhagic fevers, Sabia virus","11639",0
,"Montana","30","2023","2023","Yellow fever","10660",0
,"Montana","30","2023","2023","Zika virus, Zika virus disease, congenital","50224",0
,"Montana","30","2023","2023","Zika virus, Zika virus disease, non-congenital","50223",0
,"Montana","30","2023","2023","Zika virus, Zika virus infection, congenital","50222",0
,"Montana","30","2023","2023","Zika virus, Zika virus infection, non-congenital","50221",0
,"Nebraska","31","2023","2023","Anthrax","10350",0
,"Nebraska","31","2023","2023","Arboviral diseases, Chikungunya virus disease","10073",0
,"Nebraska","31","2023","2023","Arboviral diseases, Eastern equine encephalitis virus disease, Neuroinvasive","10053",0
,"Nebraska","31","2023","2023","Arboviral diseases, Eastern equine encephalitis virus disease, Non-neuroinvasive","10062",0
,"Nebraska","31","2023","2023","Arboviral diseases, Jamestown Canyon  virus disease, Neuroinvasive","10078",0
,"Nebraska","31","2023","2023","Arboviral diseases, Jamestown Canyon  virus disease, Non-neuroinvasive","10079",0
,"Nebraska","31","2023","2023","Arboviral diseases, La Crosse  virus disease, Neuroinvasive","10081",0
,"Nebraska","31","2023","2023","Arboviral diseases, La Crosse  virus disease, Non-neuroinvasive","10082",0
,"Nebraska","31","2023","2023","Arboviral diseases, Powassan virus disease, Neuroinvasive","10057",0
,"Nebraska","31","2023","2023","Arboviral diseases, Powassan virus disease, Non-neuroinvasive","10063",0
,"Nebraska","31","2023","2023","Arboviral diseases, St. Louis encephalitis virus disease, Neuroinvasive","10051",0
,"Nebraska","31","2023","2023","Arboviral diseases, St. Louis encephalitis virus disease, Non-neuroinvasive","10064",0
,"Nebraska","31","2023","2023","Arboviral diseases, West Nile virus disease, Neuroinvasive","10056",91
,"Nebraska","31","2023","2023","Arboviral diseases, West Nile virus disease, Non-neuroinvasive","10049",59
,"Nebraska","31","2023","2023","Arboviral diseases, Western equine encephalitis virus disease, Neuroinvasive","10052",0
,"Nebraska","31","2023","2023","Arboviral diseases, Western equine encephalitis virus disease, Non-neuroinvasive","10065",0
,"Nebraska","31","2023","2023","Babesiosis, Total","12010",0
,"Nebraska","31","2023","2023","Babesiosis, Confirmed","12011",0
,"Nebraska","31","2023","2023","Babesiosis, Probable","12012",0
,"Nebraska","31","2023","2023","Botulism, Total","10360",0
,"Nebraska","31","2023","2023","Botulism, Foodborne","10530",0
,"Nebraska","31","2023","2023","Botulism, Infant","10540",0
,"Nebraska","31","2023","2023","Botulism, Other (wound & unspecified)","10550",0
,"Nebraska","31","2023","2023","Brucellosis","10020",0
,"Nebraska","31","2023","2023","Campylobacteriosis","11020",611
,"Nebraska","31","2023","2023","Candida auris, clinical","50263",0
,"Nebraska","31","2023","2023","Candida auris, screening","50264",0
,"Nebraska","31","2023","2023","Carbapenemase-producing carbapenem-resistant Enterobacteriaceae","50244",0
,"Nebraska","31","2023","2023","Carbapenemase-Producing Organisms (CPO),Total","50272",0
,"Nebraska","31","2023","2023","Chancroid","10273",0
,"Nebraska","31","2023","2023","Chlamydia trachomatis infection","10274",9266
,"Nebraska","31","2023","2023","Cholera","10470",0
,"Nebraska","31","2023","2023","Coccidioidomycosis","11900",13
,"Nebraska","31","2023","2023","Coccidioidomycosis, confirmed","11901",7
,"Nebraska","31","2023","2023","Coccidioidomycosis, probable","11902",6
,"Nebraska","31","2023","2023","Coronavirus Disease 2019 (COVID-19), Total","11065",15075
,"Nebraska","31","2023","2023","Coronavirus Disease 2019 (COVID-19), Confirmed","11067",8952
,"Nebraska","31","2023","2023","Coronavirus Disease 2019 (COVID-19), Probable","11068",6123
,"Nebraska","31","2023","2023","Cryptosporidiosis, Total","11580",122
,"Nebraska","31","2023","2023","Cryptosporidiosis, Confirmed","11582",95
,"Nebraska","31","2023","2023","Cryptosporidiosis, Probable","11583",27
,"Nebraska","31","2023","2023","Cyclosporiasis","11575",24
,"Nebraska","31","2023","2023","Dengue virus infections, Dengue","10680",5
,"Nebraska","31","2023","2023","Dengue virus infections, Dengue-like illness","11704",0
,"Nebraska","31","2023","2023","Dengue virus infections, Severe dengue","11705",0
,"Nebraska","31","2023","2023","Diphtheria","10040",0
,"Nebraska","31","2023","2023","Ehrlichiosis and Anaplasmosis, Anaplasma phagocytophilum infection","11090",0
,"Nebraska","31","2023","2023","Ehrlichiosis and Anaplasmosis, Ehrlichia chaffeensis infection","11088",14
,"Nebraska","31","2023","2023","Ehrlichiosis and Anaplasmosis, Ehrlichia ewingii infection","11089",0
,"Nebraska","31","2023","2023","Ehrlichiosis and Anaplasmosis, Undetermined ehrlichiosis/anaplasmosis","11091",0
,"Nebraska","31","2023","2023","Giardiasis","11570",90
,"Nebraska","31","2023","2023","Gonorrhea","10280",2285
,"Nebraska","31","2023","2023","Haemophilus influenzae, invasive disease, All ages, all serotypes","10590",47
,"Nebraska","31","2023","2023","Haemophilus influenzae, invasive disease, Age <5 years, Serotype b","10591",0
,"Nebraska","31","2023","2023","Haemophilus influenzae, invasive disease, Age <5 years, Non-b serotype","10593",3
,"Nebraska","31","2023","2023","Haemophilus influenzae, invasive disease, Age <5 years, Nontypeable","10592",1
,"Nebraska","31","2023","2023","Haemophilus influenzae, invasive disease, Age <5 years, Unknown serotype","10597",3
,"Nebraska","31","2023","2023","Hansen's disease","10380",0
,"Nebraska","31","2023","2023","Hantavirus infection, non-hantavirus pulmonary syndrome","11610",0
,"Nebraska","31","2023","2023","Hantavirus pulmonary syndrome","11590",0
,"Nebraska","31","2023","2023","Hemolytic uremic syndrome post-diarrheal","11550",4
,"Nebraska","31","2023","2023","Hepatitis, A","10110",19
,"Nebraska","31","2023","2023","Hepatitis, B, acute","10100",7
,"Nebraska","31","2023","2023","Hepatitis, B, perinatal infection","10104",0
,"Nebraska","31","2023","2023","Hepatitis, C, acute","10101",17
,"Nebraska","31","2023","2023","Hepatitis, C, acute, Confirmed","50228",17
,"Nebraska","31","2023","2023","Hepatitis, C, acute, Probable","50229",0
,"Nebraska","31","2023","2023","Hepatitis, C, perinatal infection","50248",1
,"Nebraska","31","2023","2023","Human immunodeficiency virus diagnoses","10560",98
,"Nebraska","31","2023","2023","Influenza-associated pediatric mortality","11061",2
,"Nebraska","31","2023","2023","Invasive pneumococcal disease, All ages","11723",189
,"Nebraska","31","2023","2023","Invasive pneumococcal disease, All ages, Confirmed","50230",185
,"Nebraska","31","2023","2023","Invasive pneumococcal disease, All ages, Probable","50231",4
,"Nebraska","31","2023","2023","Invasive pneumococcal disease, Age <5 years","11722",8
,"Nebraska","31","2023","2023","Invasive pneumococcal disease, Age <5 years, Confirmed","50232",8
,"Nebraska","31","2023","2023","Invasive pneumococcal disease, Age <5 years, Probable","50233",0
,"Nebraska","31","2023","2023","Legionellosis","10490",40
,"Nebraska","31","2023","2023","Leptospirosis","10390",1
,"Nebraska","31","2023","2023","Listeriosis, Total","10640",3
,"Nebraska","31","2023","2023","Listeriosis, Confirmed","10641",3
,"Nebraska","31","2023","2023","Listeriosis, Probable","10642",0
,"Nebraska","31","2023","2023","Lyme disease, Total","11080",5
,"Nebraska","31","2023","2023","Lyme disease, Confirmed","11081",5
,"Nebraska","31","2023","2023","Lyme disease, Probable","11082",0
,"Nebraska","31","2023","2023","Malaria","10130",13
,"Nebraska","31","2023","2023","Measles, Total","10140",0
,"Nebraska","31","2023","2023","Measles, Indigenous","10500",0
,"Nebraska","31","2023","2023","Measles, Imported","10510",0
,"Nebraska","31","2023","2023","Melioidosis","11585",0
,"Nebraska","31","2023","2023","Meningococcal disease, All serogroups","10150",0
,"Nebraska","31","2023","2023","Meningococcal disease, Serogroups ACWY","10151",0
,"Nebraska","31","2023","2023","Meningococcal disease, Serogroup B","10152",0
,"Nebraska","31","2023","2023","Meningococcal disease, Other serogroups","10153",0
,"Nebraska","31","2023","2023","Meningococcal disease, Unknown serogroup","10154",0
,"Nebraska","31","2023","2023","Mpox","11801",2
,"Nebraska","31","2023","2023","Mumps","10180",4
,"Nebraska","31","2023","2023","Novel Influenza A virus infections","11062",0
,"Nebraska","31","2023","2023","Paratyphoid fever","50236",0
,"Nebraska","31","2023","2023","Pertussis","10190",13
,"Nebraska","31","2023","2023","Plague","10440",0
,"Nebraska","31","2023","2023","Poliomyelitis, paralytic","10410",0
,"Nebraska","31","2023","2023","Poliovirus infection, nonparalytic","10405",0
,"Nebraska","31","2023","2023","Psittacosis","10450",0
,"Nebraska","31","2023","2023","Q fever, Total","10259",3
,"Nebraska","31","2023","2023","Q fever, Acute","10257",3
,"Nebraska","31","2023","2023","Q fever, Chronic","10258",0
,"Nebraska","31","2023","2023","Rabies, Animal","10340",22
,"Nebraska","31","2023","2023","Rabies, Human","10460",0
,"Nebraska","31","2023","2023","Rubella","10200",0
,"Nebraska","31","2023","2023","Rubella, congenital syndrome","10370",0
,"Nebraska","31","2023","2023","Salmonella Paratyphi infection","50266",1
,"Nebraska","31","2023","2023","Salmonella Typhi infection","50267",1
,"Nebraska","31","2023","2023","Salmonellosis","11000",0
,"Nebraska","31","2023","2023","Salmonellosis (excluding paratyphoid fever and typhoid fever)","50242",0
,"Nebraska","31","2023","2023","Salmonellosis (excluding S. Typhi infection and S. Paratyphi infection)","50265",447
,"Nebraska","31","2023","2023","Severe acute respiratory syndrome-associated coronavirus disease","10575",0
,"Nebraska","31","2023","2023","Shiga toxin-producing Escherichia coli (STEC)","11563",210
,"Nebraska","31","2023","2023","Shigellosis","11010",78
,"Nebraska","31","2023","2023","Smallpox","11800",0
,"Nebraska","31","2023","2023","Spotted fever rickettsiosis, Total","10250",5
,"Nebraska","31","2023","2023","Spotted fever rickettsiosis, Confirmed","10253",2
,"Nebraska","31","2023","2023","Spotted fever rickettsiosis, Probable","10254",3
,"Nebraska","31","2023","2023","Streptococcal toxic shock syndrome","11700",2
,"Nebraska","31","2023","2023","Syphilis, Total, all stages","10399",767
,"Nebraska","31","2023","2023","Syphilis, Congenital","10316",14
,"Nebraska","31","2023","2023","Syphilis, Primary and secondary","10310",205
,"Nebraska","31","2023","2023","Tetanus","10210",0
,"Nebraska","31","2023","2023","Toxic shock syndrome (other than Streptococcal)","10520",1
,"Nebraska","31","2023","2023","Trichinellosis","10270",0
,"Nebraska","31","2023","2023","Tuberculosis","10220",33
,"Nebraska","31","2023","2023","Tularemia","10230",12
,"Nebraska","31","2023","2023","Typhoid fever","10240",0
,"Nebraska","31","2023","2023","Vancomycin-intermediate Staphylococcus aureus","11663",0
,"Nebraska","31","2023","2023","Vancomycin-resistant Staphylococcus aureus","11665",0
,"Nebraska","31","2023","2023","Varicella morbidity","10030",22
,"Nebraska","31","2023","2023","Varicella mortality","10031",0
,"Nebraska","31","2023","2023","Vibriosis, Total","11545",11
,"Nebraska","31","2023","2023","Vibriosis, Confirmed","50234",6
,"Nebraska","31","2023","2023","Vibriosis, Probable","50235",5
,"Nebraska","31","2023","2023","Viral hemorrhagic fevers","11647",0
,"Nebraska","31","2023","2023","Viral hemorrhagic fevers, Chapare virus","11649",0
,"Nebraska","31","2023","2023","Viral hemorrhagic fevers, Crimean-Congo hemorrhagic fever virus","11640",0
,"Nebraska","31","2023","2023","Viral hemorrhagic fevers, Ebola virus","11630",0
,"Nebraska","31","2023","2023","Viral hemorrhagic fevers, Guanarito virus","11648",0
,"Nebraska","31","2023","2023","Viral hemorrhagic fevers, Junin virus","11638",0
,"Nebraska","31","2023","2023","Viral hemorrhagic fevers, Lassa virus","11632",0
,"Nebraska","31","2023","2023","Viral hemorrhagic fevers, Lujo virus","11644",0
,"Nebraska","31","2023","2023","Viral hemorrhagic fevers, Machupo virus","11637",0
,"Nebraska","31","2023","2023","Viral hemorrhagic fevers, Marburg virus","11631",0
,"Nebraska","31","2023","2023","Viral hemorrhagic fevers, Sabia virus","11639",0
,"Nebraska","31","2023","2023","Yellow fever","10660",0
,"Nebraska","31","2023","2023","Zika virus, Zika virus disease, congenital","50224",0
,"Nebraska","31","2023","2023","Zika virus, Zika virus disease, non-congenital","50223",0
,"Nebraska","31","2023","2023","Zika virus, Zika virus infection, congenital","50222",0
,"Nebraska","31","2023","2023","Zika virus, Zika virus infection, non-congenital","50221",0
,"Nevada","32","2023","2023","Anthrax","10350",0
,"Nevada","32","2023","2023","Arboviral diseases, Chikungunya virus disease","10073",0
,"Nevada","32","2023","2023","Arboviral diseases, Eastern equine encephalitis virus disease, Neuroinvasive","10053",0
,"Nevada","32","2023","2023","Arboviral diseases, Eastern equine encephalitis virus disease, Non-neuroinvasive","10062",0
,"Nevada","32","2023","2023","Arboviral diseases, Jamestown Canyon  virus disease, Neuroinvasive","10078",0
,"Nevada","32","2023","2023","Arboviral diseases, Jamestown Canyon  virus disease, Non-neuroinvasive","10079",0
,"Nevada","32","2023","2023","Arboviral diseases, La Crosse  virus disease, Neuroinvasive","10081",0
,"Nevada","32","2023","2023","Arboviral diseases, La Crosse  virus disease, Non-neuroinvasive","10082",0
,"Nevada","32","2023","2023","Arboviral diseases, Powassan virus disease, Neuroinvasive","10057",0
,"Nevada","32","2023","2023","Arboviral diseases, Powassan virus disease, Non-neuroinvasive","10063",0
,"Nevada","32","2023","2023","Arboviral diseases, St. Louis encephalitis virus disease, Neuroinvasive","10051",0
,"Nevada","32","2023","2023","Arboviral diseases, St. Louis encephalitis virus disease, Non-neuroinvasive","10064",0
,"Nevada","32","2023","2023","Arboviral diseases, West Nile virus disease, Neuroinvasive","10056",2
,"Nevada","32","2023","2023","Arboviral diseases, West Nile virus disease, Non-neuroinvasive","10049",0
,"Nevada","32","2023","2023","Arboviral diseases, Western equine encephalitis virus disease, Neuroinvasive","10052",0
,"Nevada","32","2023","2023","Arboviral diseases, Western equine encephalitis virus disease, Non-neuroinvasive","10065",0
,"Nevada","32","2023","2023","Babesiosis, Total","12010",Not Reportable
,"Nevada","32","2023","2023","Babesiosis, Confirmed","12011",Not Reportable
,"Nevada","32","2023","2023","Babesiosis, Probable","12012",Not Reportable
,"Nevada","32","2023","2023","Botulism, Total","10360",1
,"Nevada","32","2023","2023","Botulism, Foodborne","10530",0
,"Nevada","32","2023","2023","Botulism, Infant","10540",0
,"Nevada","32","2023","2023","Botulism, Other (wound & unspecified)","10550",1
,"Nevada","32","2023","2023","Brucellosis","10020",0
,"Nevada","32","2023","2023","Campylobacteriosis","11020",319
,"Nevada","32","2023","2023","Candida auris, clinical","50263",607
,"Nevada","32","2023","2023","Candida auris, screening","50264",1064
,"Nevada","32","2023","2023","Carbapenemase-producing carbapenem-resistant Enterobacteriaceae","50244",0
,"Nevada","32","2023","2023","Carbapenemase-Producing Organisms (CPO),Total","50272",101
,"Nevada","32","2023","2023","Chancroid","10273",0
,"Nevada","32","2023","2023","Chlamydia trachomatis infection","10274",15766
,"Nevada","32","2023","2023","Cholera","10470",0
,"Nevada","32","2023","2023","Coccidioidomycosis","11900",297
,"Nevada","32","2023","2023","Coccidioidomycosis, confirmed","11901",248
,"Nevada","32","2023","2023","Coccidioidomycosis, probable","11902",49
,"Nevada","32","2023","2023","Coronavirus Disease 2019 (COVID-19), Total","11065",46926
,"Nevada","32","2023","2023","Coronavirus Disease 2019 (COVID-19), Confirmed","11067",41419
,"Nevada","32","2023","2023","Coronavirus Disease 2019 (COVID-19), Probable","11068",5507
,"Nevada","32","2023","2023","Cryptosporidiosis, Total","11580",30
,"Nevada","32","2023","2023","Cryptosporidiosis, Confirmed","11582",19
,"Nevada","32","2023","2023","Cryptosporidiosis, Probable","11583",11
,"Nevada","32","2023","2023","Cyclosporiasis","11575",Not Reportable
,"Nevada","32","2023","2023","Dengue virus infections, Dengue","10680",5
,"Nevada","32","2023","2023","Dengue virus infections, Dengue-like illness","11704",0
,"Nevada","32","2023","2023","Dengue virus infections, Severe dengue","11705",0
,"Nevada","32","2023","2023","Diphtheria","10040",0
,"Nevada","32","2023","2023","Ehrlichiosis and Anaplasmosis, Anaplasma phagocytophilum infection","11090",0
,"Nevada","32","2023","2023","Ehrlichiosis and Anaplasmosis, Ehrlichia chaffeensis infection","11088",1
,"Nevada","32","2023","2023","Ehrlichiosis and Anaplasmosis, Ehrlichia ewingii infection","11089",0
,"Nevada","32","2023","2023","Ehrlichiosis and Anaplasmosis, Undetermined ehrlichiosis/anaplasmosis","11091",0
,"Nevada","32","2023","2023","Giardiasis","11570",102
,"Nevada","32","2023","2023","Gonorrhea","10280",6538
,"Nevada","32","2023","2023","Haemophilus influenzae, invasive disease, All ages, all serotypes","10590",51
,"Nevada","32","2023","2023","Haemophilus influenzae, invasive disease, Age <5 years, Serotype b","10591",0
,"Nevada","32","2023","2023","Haemophilus influenzae, invasive disease, Age <5 years, Non-b serotype","10593",0
,"Nevada","32","2023","2023","Haemophilus influenzae, invasive disease, Age <5 years, Nontypeable","10592",0
,"Nevada","32","2023","2023","Haemophilus influenzae, invasive disease, Age <5 years, Unknown serotype","10597",2
,"Nevada","32","2023","2023","Hansen's disease","10380",0
,"Nevada","32","2023","2023","Hantavirus infection, non-hantavirus pulmonary syndrome","11610",1
,"Nevada","32","2023","2023","Hantavirus pulmonary syndrome","11590",2
,"Nevada","32","2023","2023","Hemolytic uremic syndrome post-diarrheal","11550",0
,"Nevada","32","2023","2023","Hepatitis, A","10110",14
,"Nevada","32","2023","2023","Hepatitis, B, acute","10100",40
,"Nevada","32","2023","2023","Hepatitis, B, perinatal infection","10104",0
,"Nevada","32","2023","2023","Hepatitis, C, acute","10101",11
,"Nevada","32","2023","2023","Hepatitis, C, acute, Confirmed","50228",9
,"Nevada","32","2023","2023","Hepatitis, C, acute, Probable","50229",2
,"Nevada","32","2023","2023","Hepatitis, C, perinatal infection","50248",1
,"Nevada","32","2023","2023","Human immunodeficiency virus diagnoses","10560",574
,"Nevada","32","2023","2023","Influenza-associated pediatric mortality","11061",0
,"Nevada","32","2023","2023","Invasive pneumococcal disease, All ages","11723",302
,"Nevada","32","2023","2023","Invasive pneumococcal disease, All ages, Confirmed","50230",299
,"Nevada","32","2023","2023","Invasive pneumococcal disease, All ages, Probable","50231",3
,"Nevada","32","2023","2023","Invasive pneumococcal disease, Age <5 years","11722",5
,"Nevada","32","2023","2023","Invasive pneumococcal disease, Age <5 years, Confirmed","50232",5
,"Nevada","32","2023","2023","Invasive pneumococcal disease, Age <5 years, Probable","50233",0
,"Nevada","32","2023","2023","Legionellosis","10490",36
,"Nevada","32","2023","2023","Leptospirosis","10390",0
,"Nevada","32","2023","2023","Listeriosis, Total","10640",3
,"Nevada","32","2023","2023","Listeriosis, Confirmed","10641",3
,"Nevada","32","2023","2023","Listeriosis, Probable","10642",0
,"Nevada","32","2023","2023","Lyme disease, Total","11080",14
,"Nevada","32","2023","2023","Lyme disease, Confirmed","11081",12
,"Nevada","32","2023","2023","Lyme disease, Probable","11082",2
,"Nevada","32","2023","2023","Malaria","10130",10
,"Nevada","32","2023","2023","Measles, Total","10140",0
,"Nevada","32","2023","2023","Measles, Indigenous","10500",0
,"Nevada","32","2023","2023","Measles, Imported","10510",0
,"Nevada","32","2023","2023","Melioidosis","11585",0
,"Nevada","32","2023","2023","Meningococcal disease, All serogroups","10150",3
,"Nevada","32","2023","2023","Meningococcal disease, Serogroups ACWY","10151",0
,"Nevada","32","2023","2023","Meningococcal disease, Serogroup B","10152",0
,"Nevada","32","2023","2023","Meningococcal disease, Other serogroups","10153",0
,"Nevada","32","2023","2023","Meningococcal disease, Unknown serogroup","10154",3
,"Nevada","32","2023","2023","Mpox","11801",18
,"Nevada","32","2023","2023","Mumps","10180",0
,"Nevada","32","2023","2023","Novel Influenza A virus infections","11062",0
,"Nevada","32","2023","2023","Paratyphoid fever","50236",0
,"Nevada","32","2023","2023","Pertussis","10190",67
,"Nevada","32","2023","2023","Plague","10440",0
,"Nevada","32","2023","2023","Poliomyelitis, paralytic","10410",0
,"Nevada","32","2023","2023","Poliovirus infection, nonparalytic","10405",0
,"Nevada","32","2023","2023","Psittacosis","10450",0
,"Nevada","32","2023","2023","Q fever, Total","10259",6
,"Nevada","32","2023","2023","Q fever, Acute","10257",5
,"Nevada","32","2023","2023","Q fever, Chronic","10258",1
,"Nevada","32","2023","2023","Rabies, Animal","10340",12
,"Nevada","32","2023","2023","Rabies, Human","10460",0
,"Nevada","32","2023","2023","Rubella","10200",0
,"Nevada","32","2023","2023","Rubella, congenital syndrome","10370",0
,"Nevada","32","2023","2023","Salmonella Paratyphi infection","50266",0
,"Nevada","32","2023","2023","Salmonella Typhi infection","50267",2
,"Nevada","32","2023","2023","Salmonellosis","11000",0
,"Nevada","32","2023","2023","Salmonellosis (excluding paratyphoid fever and typhoid fever)","50242",0
,"Nevada","32","2023","2023","Salmonellosis (excluding S. Typhi infection and S. Paratyphi infection)","50265",302
,"Nevada","32","2023","2023","Severe acute respiratory syndrome-associated coronavirus disease","10575",0
,"Nevada","32","2023","2023","Shiga toxin-producing Escherichia coli (STEC)","11563",79
,"Nevada","32","2023","2023","Shigellosis","11010",101
,"Nevada","32","2023","2023","Smallpox","11800",0
,"Nevada","32","2023","2023","Spotted fever rickettsiosis, Total","10250",0
,"Nevada","32","2023","2023","Spotted fever rickettsiosis, Confirmed","10253",0
,"Nevada","32","2023","2023","Spotted fever rickettsiosis, Probable","10254",0
,"Nevada","32","2023","2023","Streptococcal toxic shock syndrome","11700",39
,"Nevada","32","2023","2023","Syphilis, Total, all stages","10399",3317
,"Nevada","32","2023","2023","Syphilis, Congenital","10316",77
,"Nevada","32","2023","2023","Syphilis, Primary and secondary","10310",725
,"Nevada","32","2023","2023","Tetanus","10210",0
,"Nevada","32","2023","2023","Toxic shock syndrome (other than Streptococcal)","10520",0
,"Nevada","32","2023","2023","Trichinellosis","10270",0
,"Nevada","32","2023","2023","Tuberculosis","10220",86
,"Nevada","32","2023","2023","Tularemia","10230",0
,"Nevada","32","2023","2023","Typhoid fever","10240",0
,"Nevada","32","2023","2023","Vancomycin-intermediate Staphylococcus aureus","11663",0
,"Nevada","32","2023","2023","Vancomycin-resistant Staphylococcus aureus","11665",0
,"Nevada","32","2023","2023","Varicella morbidity","10030",11
,"Nevada","32","2023","2023","Varicella mortality","10031",0
,"Nevada","32","2023","2023","Vibriosis, Total","11545",10
,"Nevada","32","2023","2023","Vibriosis, Confirmed","50234",7
,"Nevada","32","2023","2023","Vibriosis, Probable","50235",3
,"Nevada","32","2023","2023","Viral hemorrhagic fevers","11647",0
,"Nevada","32","2023","2023","Viral hemorrhagic fevers, Chapare virus","11649",0
,"Nevada","32","2023","2023","Viral hemorrhagic fevers, Crimean-Congo hemorrhagic fever virus","11640",0
,"Nevada","32","2023","2023","Viral hemorrhagic fevers, Ebola virus","11630",0
,"Nevada","32","2023","2023","Viral hemorrhagic fevers, Guanarito virus","11648",0
,"Nevada","32","2023","2023","Viral hemorrhagic fevers, Junin virus","11638",0
,"Nevada","32","2023","2023","Viral hemorrhagic fevers, Lassa virus","11632",0
,"Nevada","32","2023","2023","Viral hemorrhagic fevers, Lujo virus","11644",0
,"Nevada","32","2023","2023","Viral hemorrhagic fevers, Machupo virus","11637",0
,"Nevada","32","2023","2023","Viral hemorrhagic fevers, Marburg virus","11631",0
,"Nevada","32","2023","2023","Viral hemorrhagic fevers, Sabia virus","11639",0
,"Nevada","32","2023","2023","Yellow fever","10660",0
,"Nevada","32","2023","2023","Zika virus, Zika virus disease, congenital","50224",0
,"Nevada","32","2023","2023","Zika virus, Zika virus disease, non-congenital","50223",0
,"Nevada","32","2023","2023","Zika virus, Zika virus infection, congenital","50222",0
,"Nevada","32","2023","2023","Zika virus, Zika virus infection, non-congenital","50221",0
,"New Hampshire","33","2023","2023","Anthrax","10350",0
,"New Hampshire","33","2023","2023","Arboviral diseases, Chikungunya virus disease","10073",0
,"New Hampshire","33","2023","2023","Arboviral diseases, Eastern equine encephalitis virus disease, Neuroinvasive","10053",0
,"New Hampshire","33","2023","2023","Arboviral diseases, Eastern equine encephalitis virus disease, Non-neuroinvasive","10062",0
,"New Hampshire","33","2023","2023","Arboviral diseases, Jamestown Canyon  virus disease, Neuroinvasive","10078",0
,"New Hampshire","33","2023","2023","Arboviral diseases, Jamestown Canyon  virus disease, Non-neuroinvasive","10079",2
,"New Hampshire","33","2023","2023","Arboviral diseases, La Crosse  virus disease, Neuroinvasive","10081",0
,"New Hampshire","33","2023","2023","Arboviral diseases, La Crosse  virus disease, Non-neuroinvasive","10082",0
,"New Hampshire","33","2023","2023","Arboviral diseases, Powassan virus disease, Neuroinvasive","10057",4
,"New Hampshire","33","2023","2023","Arboviral diseases, Powassan virus disease, Non-neuroinvasive","10063",0
,"New Hampshire","33","2023","2023","Arboviral diseases, St. Louis encephalitis virus disease, Neuroinvasive","10051",0
,"New Hampshire","33","2023","2023","Arboviral diseases, St. Louis encephalitis virus disease, Non-neuroinvasive","10064",0
,"New Hampshire","33","2023","2023","Arboviral diseases, West Nile virus disease, Neuroinvasive","10056",1
,"New Hampshire","33","2023","2023","Arboviral diseases, West Nile virus disease, Non-neuroinvasive","10049",0
,"New Hampshire","33","2023","2023","Arboviral diseases, Western equine encephalitis virus disease, Neuroinvasive","10052",0
,"New Hampshire","33","2023","2023","Arboviral diseases, Western equine encephalitis virus disease, Non-neuroinvasive","10065",0
,"New Hampshire","33","2023","2023","Babesiosis, Total","12010",53
,"New Hampshire","33","2023","2023","Babesiosis, Confirmed","12011",50
,"New Hampshire","33","2023","2023","Babesiosis, Probable","12012",3
,"New Hampshire","33","2023","2023","Botulism, Total","10360",0
,"New Hampshire","33","2023","2023","Botulism, Foodborne","10530",0
,"New Hampshire","33","2023","2023","Botulism, Infant","10540",0
,"New Hampshire","33","2023","2023","Botulism, Other (wound & unspecified)","10550",0
,"New Hampshire","33","2023","2023","Brucellosis","10020",0
,"New Hampshire","33","2023","2023","Campylobacteriosis","11020",337
,"New Hampshire","33","2023","2023","Candida auris, clinical","50263",1
,"New Hampshire","33","2023","2023","Candida auris, screening","50264",0
,"New Hampshire","33","2023","2023","Carbapenemase-producing carbapenem-resistant Enterobacteriaceae","50244",0
,"New Hampshire","33","2023","2023","Carbapenemase-Producing Organisms (CPO),Total","50272",26
,"New Hampshire","33","2023","2023","Chancroid","10273",Not Reportable
,"New Hampshire","33","2023","2023","Chlamydia trachomatis infection","10274",2756
,"New Hampshire","33","2023","2023","Cholera","10470",0
,"New Hampshire","33","2023","2023","Coccidioidomycosis","11900",6
,"New Hampshire","33","2023","2023","Coccidioidomycosis, confirmed","11901",6
,"New Hampshire","33","2023","2023","Coccidioidomycosis, probable","11902",0
,"New Hampshire","33","2023","2023","Coronavirus Disease 2019 (COVID-19), Total","11065",Not Reportable
,"New Hampshire","33","2023","2023","Coronavirus Disease 2019 (COVID-19), Confirmed","11067",Not Reportable
,"New Hampshire","33","2023","2023","Coronavirus Disease 2019 (COVID-19), Probable","11068",Not Reportable
,"New Hampshire","33","2023","2023","Cryptosporidiosis, Total","11580",49
,"New Hampshire","33","2023","2023","Cryptosporidiosis, Confirmed","11582",26
,"New Hampshire","33","2023","2023","Cryptosporidiosis, Probable","11583",23
,"New Hampshire","33","2023","2023","Cyclosporiasis","11575",6
,"New Hampshire","33","2023","2023","Dengue virus infections, Dengue","10680",1
,"New Hampshire","33","2023","2023","Dengue virus infections, Dengue-like illness","11704",0
,"New Hampshire","33","2023","2023","Dengue virus infections, Severe dengue","11705",0
,"New Hampshire","33","2023","2023","Diphtheria","10040",0
,"New Hampshire","33","2023","2023","Ehrlichiosis and Anaplasmosis, Anaplasma phagocytophilum infection","11090",133
,"New Hampshire","33","2023","2023","Ehrlichiosis and Anaplasmosis, Ehrlichia chaffeensis infection","11088",0
,"New Hampshire","33","2023","2023","Ehrlichiosis and Anaplasmosis, Ehrlichia ewingii infection","11089",0
,"New Hampshire","33","2023","2023","Ehrlichiosis and Anaplasmosis, Undetermined ehrlichiosis/anaplasmosis","11091",0
,"New Hampshire","33","2023","2023","Giardiasis","11570",87
,"New Hampshire","33","2023","2023","Gonorrhea","10280",588
,"New Hampshire","33","2023","2023","Haemophilus influenzae, invasive disease, All ages, all serotypes","10590",34
,"New Hampshire","33","2023","2023","Haemophilus influenzae, invasive disease, Age <5 years, Serotype b","10591",0
,"New Hampshire","33","2023","2023","Haemophilus influenzae, invasive disease, Age <5 years, Non-b serotype","10593",0
,"New Hampshire","33","2023","2023","Haemophilus influenzae, invasive disease, Age <5 years, Nontypeable","10592",0
,"New Hampshire","33","2023","2023","Haemophilus influenzae, invasive disease, Age <5 years, Unknown serotype","10597",0
,"New Hampshire","33","2023","2023","Hansen's disease","10380",0
,"New Hampshire","33","2023","2023","Hantavirus infection, non-hantavirus pulmonary syndrome","11610",0
,"New Hampshire","33","2023","2023","Hantavirus pulmonary syndrome","11590",0
,"New Hampshire","33","2023","2023","Hemolytic uremic syndrome post-diarrheal","11550",0
,"New Hampshire","33","2023","2023","Hepatitis, A","10110",1
,"New Hampshire","33","2023","2023","Hepatitis, B, acute","10100",8
,"New Hampshire","33","2023","2023","Hepatitis, B, perinatal infection","10104",0
,"New Hampshire","33","2023","2023","Hepatitis, C, acute","10101",31
,"New Hampshire","33","2023","2023","Hepatitis, C, acute, Confirmed","50228",24
,"New Hampshire","33","2023","2023","Hepatitis, C, acute, Probable","50229",7
,"New Hampshire","33","2023","2023","Hepatitis, C, perinatal infection","50248",0
,"New Hampshire","33","2023","2023","Human immunodeficiency virus diagnoses","10560",36
,"New Hampshire","33","2023","2023","Influenza-associated pediatric mortality","11061",0
,"New Hampshire","33","2023","2023","Invasive pneumococcal disease, All ages","11723",96
,"New Hampshire","33","2023","2023","Invasive pneumococcal disease, All ages, Confirmed","50230",96
,"New Hampshire","33","2023","2023","Invasive pneumococcal disease, All ages, Probable","50231",0
,"New Hampshire","33","2023","2023","Invasive pneumococcal disease, Age <5 years","11722",2
,"New Hampshire","33","2023","2023","Invasive pneumococcal disease, Age <5 years, Confirmed","50232",2
,"New Hampshire","33","2023","2023","Invasive pneumococcal disease, Age <5 years, Probable","50233",0
,"New Hampshire","33","2023","2023","Legionellosis","10490",42
,"New Hampshire","33","2023","2023","Leptospirosis","10390",1
,"New Hampshire","33","2023","2023","Listeriosis, Total","10640",6
,"New Hampshire","33","2023","2023","Listeriosis, Confirmed","10641",6
,"New Hampshire","33","2023","2023","Listeriosis, Probable","10642",0
,"New Hampshire","33","2023","2023","Lyme disease, Total","11080",1573
,"New Hampshire","33","2023","2023","Lyme disease, Confirmed","11081",0
,"New Hampshire","33","2023","2023","Lyme disease, Probable","11082",1573
,"New Hampshire","33","2023","2023","Malaria","10130",7
,"New Hampshire","33","2023","2023","Measles, Total","10140",0
,"New Hampshire","33","2023","2023","Measles, Indigenous","10500",0
,"New Hampshire","33","2023","2023","Measles, Imported","10510",0
,"New Hampshire","33","2023","2023","Melioidosis","11585",0
,"New Hampshire","33","2023","2023","Meningococcal disease, All serogroups","10150",0
,"New Hampshire","33","2023","2023","Meningococcal disease, Serogroups ACWY","10151",0
,"New Hampshire","33","2023","2023","Meningococcal disease, Serogroup B","10152",0
,"New Hampshire","33","2023","2023","Meningococcal disease, Other serogroups","10153",0
,"New Hampshire","33","2023","2023","Meningococcal disease, Unknown serogroup","10154",0
,"New Hampshire","33","2023","2023","Mpox","11801",0
,"New Hampshire","33","2023","2023","Mumps","10180",0
,"New Hampshire","33","2023","2023","Novel Influenza A virus infections","11062",0
,"New Hampshire","33","2023","2023","Paratyphoid fever","50236",0
,"New Hampshire","33","2023","2023","Pertussis","10190",7
,"New Hampshire","33","2023","2023","Plague","10440",0
,"New Hampshire","33","2023","2023","Poliomyelitis, paralytic","10410",0
,"New Hampshire","33","2023","2023","Poliovirus infection, nonparalytic","10405",0
,"New Hampshire","33","2023","2023","Psittacosis","10450",0
,"New Hampshire","33","2023","2023","Q fever, Total","10259",1
,"New Hampshire","33","2023","2023","Q fever, Acute","10257",0
,"New Hampshire","33","2023","2023","Q fever, Chronic","10258",1
,"New Hampshire","33","2023","2023","Rabies, Animal","10340",42
,"New Hampshire","33","2023","2023","Rabies, Human","10460",0
,"New Hampshire","33","2023","2023","Rubella","10200",0
,"New Hampshire","33","2023","2023","Rubella, congenital syndrome","10370",0
,"New Hampshire","33","2023","2023","Salmonella Paratyphi infection","50266",0
,"New Hampshire","33","2023","2023","Salmonella Typhi infection","50267",1
,"New Hampshire","33","2023","2023","Salmonellosis","11000",0
,"New Hampshire","33","2023","2023","Salmonellosis (excluding paratyphoid fever and typhoid fever)","50242",0
,"New Hampshire","33","2023","2023","Salmonellosis (excluding S. Typhi infection and S. Paratyphi infection)","50265",213
,"New Hampshire","33","2023","2023","Severe acute respiratory syndrome-associated coronavirus disease","10575",0
,"New Hampshire","33","2023","2023","Shiga toxin-producing Escherichia coli (STEC)","11563",33
,"New Hampshire","33","2023","2023","Shigellosis","11010",14
,"New Hampshire","33","2023","2023","Smallpox","11800",0
,"New Hampshire","33","2023","2023","Spotted fever rickettsiosis, Total","10250",2
,"New Hampshire","33","2023","2023","Spotted fever rickettsiosis, Confirmed","10253",1
,"New Hampshire","33","2023","2023","Spotted fever rickettsiosis, Probable","10254",1
,"New Hampshire","33","2023","2023","Streptococcal toxic shock syndrome","11700",4
,"New Hampshire","33","2023","2023","Syphilis, Total, all stages","10399",139
,"New Hampshire","33","2023","2023","Syphilis, Congenital","10316",1
,"New Hampshire","33","2023","2023","Syphilis, Primary and secondary","10310",55
,"New Hampshire","33","2023","2023","Tetanus","10210",1
,"New Hampshire","33","2023","2023","Toxic shock syndrome (other than Streptococcal)","10520",0
,"New Hampshire","33","2023","2023","Trichinellosis","10270",0
,"New Hampshire","33","2023","2023","Tuberculosis","10220",14
,"New Hampshire","33","2023","2023","Tularemia","10230",0
,"New Hampshire","33","2023","2023","Typhoid fever","10240",0
,"New Hampshire","33","2023","2023","Vancomycin-intermediate Staphylococcus aureus","11663",Not Reportable
,"New Hampshire","33","2023","2023","Vancomycin-resistant Staphylococcus aureus","11665",0
,"New Hampshire","33","2023","2023","Varicella morbidity","10030",37
,"New Hampshire","33","2023","2023","Varicella mortality","10031",0
,"New Hampshire","33","2023","2023","Vibriosis, Total","11545",7
,"New Hampshire","33","2023","2023","Vibriosis, Confirmed","50234",6
,"New Hampshire","33","2023","2023","Vibriosis, Probable","50235",1
,"New Hampshire","33","2023","2023","Viral hemorrhagic fevers","11647",0
,"New Hampshire","33","2023","2023","Viral hemorrhagic fevers, Chapare virus","11649",0
,"New Hampshire","33","2023","2023","Viral hemorrhagic fevers, Crimean-Congo hemorrhagic fever virus","11640",0
,"New Hampshire","33","2023","2023","Viral hemorrhagic fevers, Ebola virus","11630",0
,"New Hampshire","33","2023","2023","Viral hemorrhagic fevers, Guanarito virus","11648",0
,"New Hampshire","33","2023","2023","Viral hemorrhagic fevers, Junin virus","11638",0
,"New Hampshire","33","2023","2023","Viral hemorrhagic fevers, Lassa virus","11632",0
,"New Hampshire","33","2023","2023","Viral hemorrhagic fevers, Lujo virus","11644",0
,"New Hampshire","33","2023","2023","Viral hemorrhagic fevers, Machupo virus","11637",0
,"New Hampshire","33","2023","2023","Viral hemorrhagic fevers, Marburg virus","11631",0
,"New Hampshire","33","2023","2023","Viral hemorrhagic fevers, Sabia virus","11639",0
,"New Hampshire","33","2023","2023","Yellow fever","10660",0
,"New Hampshire","33","2023","2023","Zika virus, Zika virus disease, congenital","50224",0
,"New Hampshire","33","2023","2023","Zika virus, Zika virus disease, non-congenital","50223",0
,"New Hampshire","33","2023","2023","Zika virus, Zika virus infection, congenital","50222",0
,"New Hampshire","33","2023","2023","Zika virus, Zika virus infection, non-congenital","50221",0
,"New Jersey","34","2023","2023","Anthrax","10350",0
,"New Jersey","34","2023","2023","Arboviral diseases, Chikungunya virus disease","10073",13
,"New Jersey","34","2023","2023","Arboviral diseases, Eastern equine encephalitis virus disease, Neuroinvasive","10053",0
,"New Jersey","34","2023","2023","Arboviral diseases, Eastern equine encephalitis virus disease, Non-neuroinvasive","10062",0
,"New Jersey","34","2023","2023","Arboviral diseases, Jamestown Canyon  virus disease, Neuroinvasive","10078",1
,"New Jersey","34","2023","2023","Arboviral diseases, Jamestown Canyon  virus disease, Non-neuroinvasive","10079",0
,"New Jersey","34","2023","2023","Arboviral diseases, La Crosse  virus disease, Neuroinvasive","10081",0
,"New Jersey","34","2023","2023","Arboviral diseases, La Crosse  virus disease, Non-neuroinvasive","10082",0
,"New Jersey","34","2023","2023","Arboviral diseases, Powassan virus disease, Neuroinvasive","10057",0
,"New Jersey","34","2023","2023","Arboviral diseases, Powassan virus disease, Non-neuroinvasive","10063",0
,"New Jersey","34","2023","2023","Arboviral diseases, St. Louis encephalitis virus disease, Neuroinvasive","10051",0
,"New Jersey","34","2023","2023","Arboviral diseases, St. Louis encephalitis virus disease, Non-neuroinvasive","10064",0
,"New Jersey","34","2023","2023","Arboviral diseases, West Nile virus disease, Neuroinvasive","10056",11
,"New Jersey","34","2023","2023","Arboviral diseases, West Nile virus disease, Non-neuroinvasive","10049",3
,"New Jersey","34","2023","2023","Arboviral diseases, Western equine encephalitis virus disease, Neuroinvasive","10052",0
,"New Jersey","34","2023","2023","Arboviral diseases, Western equine encephalitis virus disease, Non-neuroinvasive","10065",0
,"New Jersey","34","2023","2023","Babesiosis, Total","12010",406
,"New Jersey","34","2023","2023","Babesiosis, Confirmed","12011",357
,"New Jersey","34","2023","2023","Babesiosis, Probable","12012",49
,"New Jersey","34","2023","2023","Botulism, Total","10360",11
,"New Jersey","34","2023","2023","Botulism, Foodborne","10530",0
,"New Jersey","34","2023","2023","Botulism, Infant","10540",11
,"New Jersey","34","2023","2023","Botulism, Other (wound & unspecified)","10550",0
,"New Jersey","34","2023","2023","Brucellosis","10020",4
,"New Jersey","34","2023","2023","Campylobacteriosis","11020",2377
,"New Jersey","34","2023","2023","Candida auris, clinical","50263",0
,"New Jersey","34","2023","2023","Candida auris, screening","50264",0
,"New Jersey","34","2023","2023","Carbapenemase-producing carbapenem-resistant Enterobacteriaceae","50244",0
,"New Jersey","34","2023","2023","Carbapenemase-Producing Organisms (CPO),Total","50272",0
,"New Jersey","34","2023","2023","Chancroid","10273",0
,"New Jersey","34","2023","2023","Chlamydia trachomatis infection","10274",35689
,"New Jersey","34","2023","2023","Cholera","10470",0
,"New Jersey","34","2023","2023","Coccidioidomycosis","11900",Not Reportable
,"New Jersey","34","2023","2023","Coccidioidomycosis, confirmed","11901",Not Reportable
,"New Jersey","34","2023","2023","Coccidioidomycosis, probable","11902",Not Reportable
,"New Jersey","34","2023","2023","Coronavirus Disease 2019 (COVID-19), Total","11065",278790
,"New Jersey","34","2023","2023","Coronavirus Disease 2019 (COVID-19), Confirmed","11067",180909
,"New Jersey","34","2023","2023","Coronavirus Disease 2019 (COVID-19), Probable","11068",97881
,"New Jersey","34","2023","2023","Cryptosporidiosis, Total","11580",241
,"New Jersey","34","2023","2023","Cryptosporidiosis, Confirmed","11582",198
,"New Jersey","34","2023","2023","Cryptosporidiosis, Probable","11583",43
,"New Jersey","34","2023","2023","Cyclosporiasis","11575",113
,"New Jersey","34","2023","2023","Dengue virus infections, Dengue","10680",90
,"New Jersey","34","2023","2023","Dengue virus infections, Dengue-like illness","11704",1
,"New Jersey","34","2023","2023","Dengue virus infections, Severe dengue","11705",7
,"New Jersey","34","2023","2023","Diphtheria","10040",0
,"New Jersey","34","2023","2023","Ehrlichiosis and Anaplasmosis, Anaplasma phagocytophilum infection","11090",195
,"New Jersey","34","2023","2023","Ehrlichiosis and Anaplasmosis, Ehrlichia chaffeensis infection","11088",106
,"New Jersey","34","2023","2023","Ehrlichiosis and Anaplasmosis, Ehrlichia ewingii infection","11089",3
,"New Jersey","34","2023","2023","Ehrlichiosis and Anaplasmosis, Undetermined ehrlichiosis/anaplasmosis","11091",0
,"New Jersey","34","2023","2023","Giardiasis","11570",483
,"New Jersey","34","2023","2023","Gonorrhea","10280",10134
,"New Jersey","34","2023","2023","Haemophilus influenzae, invasive disease, All ages, all serotypes","10590",183
,"New Jersey","34","2023","2023","Haemophilus influenzae, invasive disease, Age <5 years, Serotype b","10591",0
,"New Jersey","34","2023","2023","Haemophilus influenzae, invasive disease, Age <5 years, Non-b serotype","10593",0
,"New Jersey","34","2023","2023","Haemophilus influenzae, invasive disease, Age <5 years, Nontypeable","10592",0
,"New Jersey","34","2023","2023","Haemophilus influenzae, invasive disease, Age <5 years, Unknown serotype","10597",11
,"New Jersey","34","2023","2023","Hansen's disease","10380",0
,"New Jersey","34","2023","2023","Hantavirus infection, non-hantavirus pulmonary syndrome","11610",0
,"New Jersey","34","2023","2023","Hantavirus pulmonary syndrome","11590",0
,"New Jersey","34","2023","2023","Hemolytic uremic syndrome post-diarrheal","11550",0
,"New Jersey","34","2023","2023","Hepatitis, A","10110",78
,"New Jersey","34","2023","2023","Hepatitis, B, acute","10100",44
,"New Jersey","34","2023","2023","Hepatitis, B, perinatal infection","10104",0
,"New Jersey","34","2023","2023","Hepatitis, C, acute","10101",91
,"New Jersey","34","2023","2023","Hepatitis, C, acute, Confirmed","50228",87
,"New Jersey","34","2023","2023","Hepatitis, C, acute, Probable","50229",4
,"New Jersey","34","2023","2023","Hepatitis, C, perinatal infection","50248",5
,"New Jersey","34","2023","2023","Human immunodeficiency virus diagnoses","10560",935
,"New Jersey","34","2023","2023","Influenza-associated pediatric mortality","11061",1
,"New Jersey","34","2023","2023","Invasive pneumococcal disease, All ages","11723",665
,"New Jersey","34","2023","2023","Invasive pneumococcal disease, All ages, Confirmed","50230",630
,"New Jersey","34","2023","2023","Invasive pneumococcal disease, All ages, Probable","50231",35
,"New Jersey","34","2023","2023","Invasive pneumococcal disease, Age <5 years","11722",37
,"New Jersey","34","2023","2023","Invasive pneumococcal disease, Age <5 years, Confirmed","50232",36
,"New Jersey","34","2023","2023","Invasive pneumococcal disease, Age <5 years, Probable","50233",1
,"New Jersey","34","2023","2023","Legionellosis","10490",269
,"New Jersey","34","2023","2023","Leptospirosis","10390",3
,"New Jersey","34","2023","2023","Listeriosis, Total","10640",48
,"New Jersey","34","2023","2023","Listeriosis, Confirmed","10641",48
,"New Jersey","34","2023","2023","Listeriosis, Probable","10642",0
,"New Jersey","34","2023","2023","Lyme disease, Total","11080",7224
,"New Jersey","34","2023","2023","Lyme disease, Confirmed","11081",0
,"New Jersey","34","2023","2023","Lyme disease, Probable","11082",7224
,"New Jersey","34","2023","2023","Malaria","10130",101
,"New Jersey","34","2023","2023","Measles, Total","10140",1
,"New Jersey","34","2023","2023","Measles, Indigenous","10500",0
,"New Jersey","34","2023","2023","Measles, Imported","10510",1
,"New Jersey","34","2023","2023","Melioidosis","11585",0
,"New Jersey","34","2023","2023","Meningococcal disease, All serogroups","10150",18
,"New Jersey","34","2023","2023","Meningococcal disease, Serogroups ACWY","10151",0
,"New Jersey","34","2023","2023","Meningococcal disease, Serogroup B","10152",0
,"New Jersey","34","2023","2023","Meningococcal disease, Other serogroups","10153",0
,"New Jersey","34","2023","2023","Meningococcal disease, Unknown serogroup","10154",18
,"New Jersey","34","2023","2023","Mpox","11801",37
,"New Jersey","34","2023","2023","Mumps","10180",13
,"New Jersey","34","2023","2023","Novel Influenza A virus infections","11062",0
,"New Jersey","34","2023","2023","Paratyphoid fever","50236",0
,"New Jersey","34","2023","2023","Pertussis","10190",343
,"New Jersey","34","2023","2023","Plague","10440",0
,"New Jersey","34","2023","2023","Poliomyelitis, paralytic","10410",0
,"New Jersey","34","2023","2023","Poliovirus infection, nonparalytic","10405",0
,"New Jersey","34","2023","2023","Psittacosis","10450",0
,"New Jersey","34","2023","2023","Q fever, Total","10259",0
,"New Jersey","34","2023","2023","Q fever, Acute","10257",0
,"New Jersey","34","2023","2023","Q fever, Chronic","10258",0
,"New Jersey","34","2023","2023","Rabies, Animal","10340",183
,"New Jersey","34","2023","2023","Rabies, Human","10460",0
,"New Jersey","34","2023","2023","Rubella","10200",0
,"New Jersey","34","2023","2023","Rubella, congenital syndrome","10370",0
,"New Jersey","34","2023","2023","Salmonella Paratyphi infection","50266",9
,"New Jersey","34","2023","2023","Salmonella Typhi infection","50267",44
,"New Jersey","34","2023","2023","Salmonellosis","11000",0
,"New Jersey","34","2023","2023","Salmonellosis (excluding paratyphoid fever and typhoid fever)","50242",0
,"New Jersey","34","2023","2023","Salmonellosis (excluding S. Typhi infection and S. Paratyphi infection)","50265",1518
,"New Jersey","34","2023","2023","Severe acute respiratory syndrome-associated coronavirus disease","10575",0
,"New Jersey","34","2023","2023","Shiga toxin-producing Escherichia coli (STEC)","11563",16
,"New Jersey","34","2023","2023","Shigellosis","11010",1712
,"New Jersey","34","2023","2023","Smallpox","11800",0
,"New Jersey","34","2023","2023","Spotted fever rickettsiosis, Total","10250",24
,"New Jersey","34","2023","2023","Spotted fever rickettsiosis, Confirmed","10253",0
,"New Jersey","34","2023","2023","Spotted fever rickettsiosis, Probable","10254",24
,"New Jersey","34","2023","2023","Streptococcal toxic shock syndrome","11700",54
,"New Jersey","34","2023","2023","Syphilis, Total, all stages","10399",3243
,"New Jersey","34","2023","2023","Syphilis, Congenital","10316",43
,"New Jersey","34","2023","2023","Syphilis, Primary and secondary","10310",751
,"New Jersey","34","2023","2023","Tetanus","10210",0
,"New Jersey","34","2023","2023","Toxic shock syndrome (other than Streptococcal)","10520",0
,"New Jersey","34","2023","2023","Trichinellosis","10270",0
,"New Jersey","34","2023","2023","Tuberculosis","10220",343
,"New Jersey","34","2023","2023","Tularemia","10230",2
,"New Jersey","34","2023","2023","Typhoid fever","10240",0
,"New Jersey","34","2023","2023","Vancomycin-intermediate Staphylococcus aureus","11663",0
,"New Jersey","34","2023","2023","Vancomycin-resistant Staphylococcus aureus","11665",0
,"New Jersey","34","2023","2023","Varicella morbidity","10030",249
,"New Jersey","34","2023","2023","Varicella mortality","10031",0
,"New Jersey","34","2023","2023","Vibriosis, Total","11545",131
,"New Jersey","34","2023","2023","Vibriosis, Confirmed","50234",47
,"New Jersey","34","2023","2023","Vibriosis, Probable","50235",84
,"New Jersey","34","2023","2023","Viral hemorrhagic fevers","11647",0
,"New Jersey","34","2023","2023","Viral hemorrhagic fevers, Chapare virus","11649",0
,"New Jersey","34","2023","2023","Viral hemorrhagic fevers, Crimean-Congo hemorrhagic fever virus","11640",0
,"New Jersey","34","2023","2023","Viral hemorrhagic fevers, Ebola virus","11630",0
,"New Jersey","34","2023","2023","Viral hemorrhagic fevers, Guanarito virus","11648",0
,"New Jersey","34","2023","2023","Viral hemorrhagic fevers, Junin virus","11638",0
,"New Jersey","34","2023","2023","Viral hemorrhagic fevers, Lassa virus","11632",0
,"New Jersey","34","2023","2023","Viral hemorrhagic fevers, Lujo virus","11644",0
,"New Jersey","34","2023","2023","Viral hemorrhagic fevers, Machupo virus","11637",0
,"New Jersey","34","2023","2023","Viral hemorrhagic fevers, Marburg virus","11631",0
,"New Jersey","34","2023","2023","Viral hemorrhagic fevers, Sabia virus","11639",0
,"New Jersey","34","2023","2023","Yellow fever","10660",0
,"New Jersey","34","2023","2023","Zika virus, Zika virus disease, congenital","50224",0
,"New Jersey","34","2023","2023","Zika virus, Zika virus disease, non-congenital","50223",0
,"New Jersey","34","2023","2023","Zika virus, Zika virus infection, congenital","50222",0
,"New Jersey","34","2023","2023","Zika virus, Zika virus infection, non-congenital","50221",0
,"New Mexico","35","2023","2023","Anthrax","10350",0
,"New Mexico","35","2023","2023","Arboviral diseases, Chikungunya virus disease","10073",0
,"New Mexico","35","2023","2023","Arboviral diseases, Eastern equine encephalitis virus disease, Neuroinvasive","10053",0
,"New Mexico","35","2023","2023","Arboviral diseases, Eastern equine encephalitis virus disease, Non-neuroinvasive","10062",0
,"New Mexico","35","2023","2023","Arboviral diseases, Jamestown Canyon  virus disease, Neuroinvasive","10078",0
,"New Mexico","35","2023","2023","Arboviral diseases, Jamestown Canyon  virus disease, Non-neuroinvasive","10079",0
,"New Mexico","35","2023","2023","Arboviral diseases, La Crosse  virus disease, Neuroinvasive","10081",0
,"New Mexico","35","2023","2023","Arboviral diseases, La Crosse  virus disease, Non-neuroinvasive","10082",0
,"New Mexico","35","2023","2023","Arboviral diseases, Powassan virus disease, Neuroinvasive","10057",0
,"New Mexico","35","2023","2023","Arboviral diseases, Powassan virus disease, Non-neuroinvasive","10063",0
,"New Mexico","35","2023","2023","Arboviral diseases, St. Louis encephalitis virus disease, Neuroinvasive","10051",0
,"New Mexico","35","2023","2023","Arboviral diseases, St. Louis encephalitis virus disease, Non-neuroinvasive","10064",0
,"New Mexico","35","2023","2023","Arboviral diseases, West Nile virus disease, Neuroinvasive","10056",54
,"New Mexico","35","2023","2023","Arboviral diseases, West Nile virus disease, Non-neuroinvasive","10049",26
,"New Mexico","35","2023","2023","Arboviral diseases, Western equine encephalitis virus disease, Neuroinvasive","10052",0
,"New Mexico","35","2023","2023","Arboviral diseases, Western equine encephalitis virus disease, Non-neuroinvasive","10065",0
,"New Mexico","35","2023","2023","Babesiosis, Total","12010",Not Reportable
,"New Mexico","35","2023","2023","Babesiosis, Confirmed","12011",Not Reportable
,"New Mexico","35","2023","2023","Babesiosis, Probable","12012",Not Reportable
,"New Mexico","35","2023","2023","Botulism, Total","10360",3
,"New Mexico","35","2023","2023","Botulism, Foodborne","10530",0
,"New Mexico","35","2023","2023","Botulism, Infant","10540",1
,"New Mexico","35","2023","2023","Botulism, Other (wound & unspecified)","10550",2
,"New Mexico","35","2023","2023","Brucellosis","10020",1
,"New Mexico","35","2023","2023","Campylobacteriosis","11020",540
,"New Mexico","35","2023","2023","Candida auris, clinical","50263",0
,"New Mexico","35","2023","2023","Candida auris, screening","50264",0
,"New Mexico","35","2023","2023","Carbapenemase-producing carbapenem-resistant Enterobacteriaceae","50244",0
,"New Mexico","35","2023","2023","Carbapenemase-Producing Organisms (CPO),Total","50272",0
,"New Mexico","35","2023","2023","Chancroid","10273",0
,"New Mexico","35","2023","2023","Chlamydia trachomatis infection","10274",11071
,"New Mexico","35","2023","2023","Cholera","10470",1
,"New Mexico","35","2023","2023","Coccidioidomycosis","11900",130
,"New Mexico","35","2023","2023","Coccidioidomycosis, confirmed","11901",78
,"New Mexico","35","2023","2023","Coccidioidomycosis, probable","11902",52
,"New Mexico","35","2023","2023","Coronavirus Disease 2019 (COVID-19), Total","11065",56793
,"New Mexico","35","2023","2023","Coronavirus Disease 2019 (COVID-19), Confirmed","11067",56715
,"New Mexico","35","2023","2023","Coronavirus Disease 2019 (COVID-19), Probable","11068",78
,"New Mexico","35","2023","2023","Cryptosporidiosis, Total","11580",71
,"New Mexico","35","2023","2023","Cryptosporidiosis, Confirmed","11582",68
,"New Mexico","35","2023","2023","Cryptosporidiosis, Probable","11583",3
,"New Mexico","35","2023","2023","Cyclosporiasis","11575",8
,"New Mexico","35","2023","2023","Dengue virus infections, Dengue","10680",2
,"New Mexico","35","2023","2023","Dengue virus infections, Dengue-like illness","11704",0
,"New Mexico","35","2023","2023","Dengue virus infections, Severe dengue","11705",0
,"New Mexico","35","2023","2023","Diphtheria","10040",0
,"New Mexico","35","2023","2023","Ehrlichiosis and Anaplasmosis, Anaplasma phagocytophilum infection","11090",Not Reportable
,"New Mexico","35","2023","2023","Ehrlichiosis and Anaplasmosis, Ehrlichia chaffeensis infection","11088",Not Reportable
,"New Mexico","35","2023","2023","Ehrlichiosis and Anaplasmosis, Ehrlichia ewingii infection","11089",Not Reportable
,"New Mexico","35","2023","2023","Ehrlichiosis and Anaplasmosis, Undetermined ehrlichiosis/anaplasmosis","11091",Not Reportable
,"New Mexico","35","2023","2023","Giardiasis","11570",91
,"New Mexico","35","2023","2023","Gonorrhea","10280",3574
,"New Mexico","35","2023","2023","Haemophilus influenzae, invasive disease, All ages, all serotypes","10590",58
,"New Mexico","35","2023","2023","Haemophilus influenzae, invasive disease, Age <5 years, Serotype b","10591",0
,"New Mexico","35","2023","2023","Haemophilus influenzae, invasive disease, Age <5 years, Non-b serotype","10593",1
,"New Mexico","35","2023","2023","Haemophilus influenzae, invasive disease, Age <5 years, Nontypeable","10592",1
,"New Mexico","35","2023","2023","Haemophilus influenzae, invasive disease, Age <5 years, Unknown serotype","10597",2
,"New Mexico","35","2023","2023","Hansen's disease","10380",0
,"New Mexico","35","2023","2023","Hantavirus infection, non-hantavirus pulmonary syndrome","11610",0
,"New Mexico","35","2023","2023","Hantavirus pulmonary syndrome","11590",7
,"New Mexico","35","2023","2023","Hemolytic uremic syndrome post-diarrheal","11550",1
,"New Mexico","35","2023","2023","Hepatitis, A","10110",7
,"New Mexico","35","2023","2023","Hepatitis, B, acute","10100",6
,"New Mexico","35","2023","2023","Hepatitis, B, perinatal infection","10104",0
,"New Mexico","35","2023","2023","Hepatitis, C, acute","10101",6
,"New Mexico","35","2023","2023","Hepatitis, C, acute, Confirmed","50228",6
,"New Mexico","35","2023","2023","Hepatitis, C, acute, Probable","50229",0
,"New Mexico","35","2023","2023","Hepatitis, C, perinatal infection","50248",0
,"New Mexico","35","2023","2023","Human immunodeficiency virus diagnoses","10560",188
,"New Mexico","35","2023","2023","Influenza-associated pediatric mortality","11061",3
,"New Mexico","35","2023","2023","Invasive pneumococcal disease, All ages","11723",460
,"New Mexico","35","2023","2023","Invasive pneumococcal disease, All ages, Confirmed","50230",460
,"New Mexico","35","2023","2023","Invasive pneumococcal disease, All ages, Probable","50231",0
,"New Mexico","35","2023","2023","Invasive pneumococcal disease, Age <5 years","11722",12
,"New Mexico","35","2023","2023","Invasive pneumococcal disease, Age <5 years, Confirmed","50232",12
,"New Mexico","35","2023","2023","Invasive pneumococcal disease, Age <5 years, Probable","50233",0
,"New Mexico","35","2023","2023","Legionellosis","10490",34
,"New Mexico","35","2023","2023","Leptospirosis","10390",0
,"New Mexico","35","2023","2023","Listeriosis, Total","10640",6
,"New Mexico","35","2023","2023","Listeriosis, Confirmed","10641",5
,"New Mexico","35","2023","2023","Listeriosis, Probable","10642",1
,"New Mexico","35","2023","2023","Lyme disease, Total","11080",11
,"New Mexico","35","2023","2023","Lyme disease, Confirmed","11081",2
,"New Mexico","35","2023","2023","Lyme disease, Probable","11082",9
,"New Mexico","35","2023","2023","Malaria","10130",2
,"New Mexico","35","2023","2023","Measles, Total","10140",0
,"New Mexico","35","2023","2023","Measles, Indigenous","10500",0
,"New Mexico","35","2023","2023","Measles, Imported","10510",0
,"New Mexico","35","2023","2023","Melioidosis","11585",0
,"New Mexico","35","2023","2023","Meningococcal disease, All serogroups","10150",0
,"New Mexico","35","2023","2023","Meningococcal disease, Serogroups ACWY","10151",0
,"New Mexico","35","2023","2023","Meningococcal disease, Serogroup B","10152",0
,"New Mexico","35","2023","2023","Meningococcal disease, Other serogroups","10153",0
,"New Mexico","35","2023","2023","Meningococcal disease, Unknown serogroup","10154",0
,"New Mexico","35","2023","2023","Mpox","11801",0
,"New Mexico","35","2023","2023","Mumps","10180",0
,"New Mexico","35","2023","2023","Novel Influenza A virus infections","11062",0
,"New Mexico","35","2023","2023","Paratyphoid fever","50236",0
,"New Mexico","35","2023","2023","Pertussis","10190",41
,"New Mexico","35","2023","2023","Plague","10440",0
,"New Mexico","35","2023","2023","Poliomyelitis, paralytic","10410",0
,"New Mexico","35","2023","2023","Poliovirus infection, nonparalytic","10405",0
,"New Mexico","35","2023","2023","Psittacosis","10450",0
,"New Mexico","35","2023","2023","Q fever, Total","10259",0
,"New Mexico","35","2023","2023","Q fever, Acute","10257",0
,"New Mexico","35","2023","2023","Q fever, Chronic","10258",0
,"New Mexico","35","2023","2023","Rabies, Animal","10340",16
,"New Mexico","35","2023","2023","Rabies, Human","10460",0
,"New Mexico","35","2023","2023","Rubella","10200",0
,"New Mexico","35","2023","2023","Rubella, congenital syndrome","10370",0
,"New Mexico","35","2023","2023","Salmonella Paratyphi infection","50266",0
,"New Mexico","35","2023","2023","Salmonella Typhi infection","50267",4
,"New Mexico","35","2023","2023","Salmonellosis","11000",0
,"New Mexico","35","2023","2023","Salmonellosis (excluding paratyphoid fever and typhoid fever)","50242",0
,"New Mexico","35","2023","2023","Salmonellosis (excluding S. Typhi infection and S. Paratyphi infection)","50265",349
,"New Mexico","35","2023","2023","Severe acute respiratory syndrome-associated coronavirus disease","10575",0
,"New Mexico","35","2023","2023","Shiga toxin-producing Escherichia coli (STEC)","11563",61
,"New Mexico","35","2023","2023","Shigellosis","11010",192
,"New Mexico","35","2023","2023","Smallpox","11800",0
,"New Mexico","35","2023","2023","Spotted fever rickettsiosis, Total","10250",3
,"New Mexico","35","2023","2023","Spotted fever rickettsiosis, Confirmed","10253",0
,"New Mexico","35","2023","2023","Spotted fever rickettsiosis, Probable","10254",3
,"New Mexico","35","2023","2023","Streptococcal toxic shock syndrome","11700",0
,"New Mexico","35","2023","2023","Syphilis, Total, all stages","10399",2867
,"New Mexico","35","2023","2023","Syphilis, Congenital","10316",91
,"New Mexico","35","2023","2023","Syphilis, Primary and secondary","10310",773
,"New Mexico","35","2023","2023","Tetanus","10210",0
,"New Mexico","35","2023","2023","Toxic shock syndrome (other than Streptococcal)","10520",0
,"New Mexico","35","2023","2023","Trichinellosis","10270",0
,"New Mexico","35","2023","2023","Tuberculosis","10220",41
,"New Mexico","35","2023","2023","Tularemia","10230",0
,"New Mexico","35","2023","2023","Typhoid fever","10240",0
,"New Mexico","35","2023","2023","Vancomycin-intermediate Staphylococcus aureus","11663",Not Reportable
,"New Mexico","35","2023","2023","Vancomycin-resistant Staphylococcus aureus","11665",Not Reportable
,"New Mexico","35","2023","2023","Varicella morbidity","10030",44
,"New Mexico","35","2023","2023","Varicella mortality","10031",Not Reportable
,"New Mexico","35","2023","2023","Vibriosis, Total","11545",0
,"New Mexico","35","2023","2023","Vibriosis, Confirmed","50234",0
,"New Mexico","35","2023","2023","Vibriosis, Probable","50235",0
,"New Mexico","35","2023","2023","Viral hemorrhagic fevers","11647",0
,"New Mexico","35","2023","2023","Viral hemorrhagic fevers, Chapare virus","11649",0
,"New Mexico","35","2023","2023","Viral hemorrhagic fevers, Crimean-Congo hemorrhagic fever virus","11640",0
,"New Mexico","35","2023","2023","Viral hemorrhagic fevers, Ebola virus","11630",0
,"New Mexico","35","2023","2023","Viral hemorrhagic fevers, Guanarito virus","11648",0
,"New Mexico","35","2023","2023","Viral hemorrhagic fevers, Junin virus","11638",0
,"New Mexico","35","2023","2023","Viral hemorrhagic fevers, Lassa virus","11632",0
,"New Mexico","35","2023","2023","Viral hemorrhagic fevers, Lujo virus","11644",0
,"New Mexico","35","2023","2023","Viral hemorrhagic fevers, Machupo virus","11637",0
,"New Mexico","35","2023","2023","Viral hemorrhagic fevers, Marburg virus","11631",0
,"New Mexico","35","2023","2023","Viral hemorrhagic fevers, Sabia virus","11639",0
,"New Mexico","35","2023","2023","Yellow fever","10660",0
,"New Mexico","35","2023","2023","Zika virus, Zika virus disease, congenital","50224",0
,"New Mexico","35","2023","2023","Zika virus, Zika virus disease, non-congenital","50223",0
,"New Mexico","35","2023","2023","Zika virus, Zika virus infection, congenital","50222",0
,"New Mexico","35","2023","2023","Zika virus, Zika virus infection, non-congenital","50221",0
,"New York (excluding New York City)","36888","2023","2023","Anthrax","10350",0
,"New York (excluding New York City)","36888","2023","2023","Arboviral diseases, Chikungunya virus disease","10073",12
,"New York (excluding New York City)","36888","2023","2023","Arboviral diseases, Eastern equine encephalitis virus disease, Neuroinvasive","10053",0
,"New York (excluding New York City)","36888","2023","2023","Arboviral diseases, Eastern equine encephalitis virus disease, Non-neuroinvasive","10062",0
,"New York (excluding New York City)","36888","2023","2023","Arboviral diseases, Jamestown Canyon  virus disease, Neuroinvasive","10078",1
,"New York (excluding New York City)","36888","2023","2023","Arboviral diseases, Jamestown Canyon  virus disease, Non-neuroinvasive","10079",0
,"New York (excluding New York City)","36888","2023","2023","Arboviral diseases, La Crosse  virus disease, Neuroinvasive","10081",0
,"New York (excluding New York City)","36888","2023","2023","Arboviral diseases, La Crosse  virus disease, Non-neuroinvasive","10082",0
,"New York (excluding New York City)","36888","2023","2023","Arboviral diseases, Powassan virus disease, Neuroinvasive","10057",6
,"New York (excluding New York City)","36888","2023","2023","Arboviral diseases, Powassan virus disease, Non-neuroinvasive","10063",0
,"New York (excluding New York City)","36888","2023","2023","Arboviral diseases, St. Louis encephalitis virus disease, Neuroinvasive","10051",0
,"New York (excluding New York City)","36888","2023","2023","Arboviral diseases, St. Louis encephalitis virus disease, Non-neuroinvasive","10064",0
,"New York (excluding New York City)","36888","2023","2023","Arboviral diseases, West Nile virus disease, Neuroinvasive","10056",22
,"New York (excluding New York City)","36888","2023","2023","Arboviral diseases, West Nile virus disease, Non-neuroinvasive","10049",12
,"New York (excluding New York City)","36888","2023","2023","Arboviral diseases, Western equine encephalitis virus disease, Neuroinvasive","10052",0
,"New York (excluding New York City)","36888","2023","2023","Arboviral diseases, Western equine encephalitis virus disease, Non-neuroinvasive","10065",0
,"New York (excluding New York City)","36888","2023","2023","Babesiosis, Total","12010",1054
,"New York (excluding New York City)","36888","2023","2023","Babesiosis, Confirmed","12011",905
,"New York (excluding New York City)","36888","2023","2023","Babesiosis, Probable","12012",149
,"New York (excluding New York City)","36888","2023","2023","Botulism, Total","10360",1
,"New York (excluding New York City)","36888","2023","2023","Botulism, Foodborne","10530",0
,"New York (excluding New York City)","36888","2023","2023","Botulism, Infant","10540",0
,"New York (excluding New York City)","36888","2023","2023","Botulism, Other (wound & unspecified)","10550",1
,"New York (excluding New York City)","36888","2023","2023","Brucellosis","10020",4
,"New York (excluding New York City)","36888","2023","2023","Campylobacteriosis","11020",3249
,"New York (excluding New York City)","36888","2023","2023","Candida auris, clinical","50263",0
,"New York (excluding New York City)","36888","2023","2023","Candida auris, screening","50264",0
,"New York (excluding New York City)","36888","2023","2023","Carbapenemase-producing carbapenem-resistant Enterobacteriaceae","50244",0
,"New York (excluding New York City)","36888","2023","2023","Carbapenemase-Producing Organisms (CPO),Total","50272",0
,"New York (excluding New York City)","36888","2023","2023","Chancroid","10273",0
,"New York (excluding New York City)","36888","2023","2023","Chlamydia trachomatis infection","10274",42329
,"New York (excluding New York City)","36888","2023","2023","Cholera","10470",0
,"New York (excluding New York City)","36888","2023","2023","Coccidioidomycosis","11900",Not Reportable
,"New York (excluding New York City)","36888","2023","2023","Coccidioidomycosis, confirmed","11901",Not Reportable
,"New York (excluding New York City)","36888","2023","2023","Coccidioidomycosis, probable","11902",Not Reportable
,"New York (excluding New York City)","36888","2023","2023","Coronavirus Disease 2019 (COVID-19), Total","11065",442489
,"New York (excluding New York City)","36888","2023","2023","Coronavirus Disease 2019 (COVID-19), Confirmed","11067",442489
,"New York (excluding New York City)","36888","2023","2023","Coronavirus Disease 2019 (COVID-19), Probable","11068",0
,"New York (excluding New York City)","36888","2023","2023","Cryptosporidiosis, Total","11580",529
,"New York (excluding New York City)","36888","2023","2023","Cryptosporidiosis, Confirmed","11582",516
,"New York (excluding New York City)","36888","2023","2023","Cryptosporidiosis, Probable","11583",13
,"New York (excluding New York City)","36888","2023","2023","Cyclosporiasis","11575",225
,"New York (excluding New York City)","36888","2023","2023","Dengue virus infections, Dengue","10680",64
,"New York (excluding New York City)","36888","2023","2023","Dengue virus infections, Dengue-like illness","11704",2
,"New York (excluding New York City)","36888","2023","2023","Dengue virus infections, Severe dengue","11705",5
,"New York (excluding New York City)","36888","2023","2023","Diphtheria","10040",0
,"New York (excluding New York City)","36888","2023","2023","Ehrlichiosis and Anaplasmosis, Anaplasma phagocytophilum infection","11090",1939
,"New York (excluding New York City)","36888","2023","2023","Ehrlichiosis and Anaplasmosis, Ehrlichia chaffeensis infection","11088",180
,"New York (excluding New York City)","36888","2023","2023","Ehrlichiosis and Anaplasmosis, Ehrlichia ewingii infection","11089",1
,"New York (excluding New York City)","36888","2023","2023","Ehrlichiosis and Anaplasmosis, Undetermined ehrlichiosis/anaplasmosis","11091",2
,"New York (excluding New York City)","36888","2023","2023","Giardiasis","11570",992
,"New York (excluding New York City)","36888","2023","2023","Gonorrhea","10280",13552
,"New York (excluding New York City)","36888","2023","2023","Haemophilus influenzae, invasive disease, All ages, all serotypes","10590",278
,"New York (excluding New York City)","36888","2023","2023","Haemophilus influenzae, invasive disease, Age <5 years, Serotype b","10591",4
,"New York (excluding New York City)","36888","2023","2023","Haemophilus influenzae, invasive disease, Age <5 years, Non-b serotype","10593",6
,"New York (excluding New York City)","36888","2023","2023","Haemophilus influenzae, invasive disease, Age <5 years, Nontypeable","10592",12
,"New York (excluding New York City)","36888","2023","2023","Haemophilus influenzae, invasive disease, Age <5 years, Unknown serotype","10597",4
,"New York (excluding New York City)","36888","2023","2023","Hansen's disease","10380",Not Reportable
,"New York (excluding New York City)","36888","2023","2023","Hantavirus infection, non-hantavirus pulmonary syndrome","11610",0
,"New York (excluding New York City)","36888","2023","2023","Hantavirus pulmonary syndrome","11590",0
,"New York (excluding New York City)","36888","2023","2023","Hemolytic uremic syndrome post-diarrheal","11550",3
,"New York (excluding New York City)","36888","2023","2023","Hepatitis, A","10110",29
,"New York (excluding New York City)","36888","2023","2023","Hepatitis, B, acute","10100",26
,"New York (excluding New York City)","36888","2023","2023","Hepatitis, B, perinatal infection","10104",0
,"New York (excluding New York City)","36888","2023","2023","Hepatitis, C, acute","10101",207
,"New York (excluding New York City)","36888","2023","2023","Hepatitis, C, acute, Confirmed","50228",203
,"New York (excluding New York City)","36888","2023","2023","Hepatitis, C, acute, Probable","50229",4
,"New York (excluding New York City)","36888","2023","2023","Hepatitis, C, perinatal infection","50248",0
,"New York (excluding New York City)","36888","2023","2023","Human immunodeficiency virus diagnoses","10560",714
,"New York (excluding New York City)","36888","2023","2023","Influenza-associated pediatric mortality","11061",6
,"New York (excluding New York City)","36888","2023","2023","Invasive pneumococcal disease, All ages","11723",971
,"New York (excluding New York City)","36888","2023","2023","Invasive pneumococcal disease, All ages, Confirmed","50230",937
,"New York (excluding New York City)","36888","2023","2023","Invasive pneumococcal disease, All ages, Probable","50231",34
,"New York (excluding New York City)","36888","2023","2023","Invasive pneumococcal disease, Age <5 years","11722",66
,"New York (excluding New York City)","36888","2023","2023","Invasive pneumococcal disease, Age <5 years, Confirmed","50232",62
,"New York (excluding New York City)","36888","2023","2023","Invasive pneumococcal disease, Age <5 years, Probable","50233",4
,"New York (excluding New York City)","36888","2023","2023","Legionellosis","10490",512
,"New York (excluding New York City)","36888","2023","2023","Leptospirosis","10390",Not Reportable
,"New York (excluding New York City)","36888","2023","2023","Listeriosis, Total","10640",50
,"New York (excluding New York City)","36888","2023","2023","Listeriosis, Confirmed","10641",49
,"New York (excluding New York City)","36888","2023","2023","Listeriosis, Probable","10642",1
,"New York (excluding New York City)","36888","2023","2023","Lyme disease, Total","11080",18861
,"New York (excluding New York City)","36888","2023","2023","Lyme disease, Confirmed","11081",0
,"New York (excluding New York City)","36888","2023","2023","Lyme disease, Probable","11082",18861
,"New York (excluding New York City)","36888","2023","2023","Malaria","10130",99
,"New York (excluding New York City)","36888","2023","2023","Measles, Total","10140",0
,"New York (excluding New York City)","36888","2023","2023","Measles, Indigenous","10500",0
,"New York (excluding New York City)","36888","2023","2023","Measles, Imported","10510",0
,"New York (excluding New York City)","36888","2023","2023","Melioidosis","11585",0
,"New York (excluding New York City)","36888","2023","2023","Meningococcal disease, All serogroups","10150",22
,"New York (excluding New York City)","36888","2023","2023","Meningococcal disease, Serogroups ACWY","10151",17
,"New York (excluding New York City)","36888","2023","2023","Meningococcal disease, Serogroup B","10152",3
,"New York (excluding New York City)","36888","2023","2023","Meningococcal disease, Other serogroups","10153",2
,"New York (excluding New York City)","36888","2023","2023","Meningococcal disease, Unknown serogroup","10154",0
,"New York (excluding New York City)","36888","2023","2023","Mpox","11801",42
,"New York (excluding New York City)","36888","2023","2023","Mumps","10180",8
,"New York (excluding New York City)","36888","2023","2023","Novel Influenza A virus infections","11062",0
,"New York (excluding New York City)","36888","2023","2023","Paratyphoid fever","50236",0
,"New York (excluding New York City)","36888","2023","2023","Pertussis","10190",593
,"New York (excluding New York City)","36888","2023","2023","Plague","10440",0
,"New York (excluding New York City)","36888","2023","2023","Poliomyelitis, paralytic","10410",0
,"New York (excluding New York City)","36888","2023","2023","Poliovirus infection, nonparalytic","10405",0
,"New York (excluding New York City)","36888","2023","2023","Psittacosis","10450",0
,"New York (excluding New York City)","36888","2023","2023","Q fever, Total","10259",4
,"New York (excluding New York City)","36888","2023","2023","Q fever, Acute","10257",3
,"New York (excluding New York City)","36888","2023","2023","Q fever, Chronic","10258",1
,"New York (excluding New York City)","36888","2023","2023","Rabies, Animal","10340",343
,"New York (excluding New York City)","36888","2023","2023","Rabies, Human","10460",0
,"New York (excluding New York City)","36888","2023","2023","Rubella","10200",0
,"New York (excluding New York City)","36888","2023","2023","Rubella, congenital syndrome","10370",0
,"New York (excluding New York City)","36888","2023","2023","Salmonella Paratyphi infection","50266",11
,"New York (excluding New York City)","36888","2023","2023","Salmonella Typhi infection","50267",27
,"New York (excluding New York City)","36888","2023","2023","Salmonellosis","11000",0
,"New York (excluding New York City)","36888","2023","2023","Salmonellosis (excluding paratyphoid fever and typhoid fever)","50242",0
,"New York (excluding New York City)","36888","2023","2023","Salmonellosis (excluding S. Typhi infection and S. Paratyphi infection)","50265",1847
,"New York (excluding New York City)","36888","2023","2023","Severe acute respiratory syndrome-associated coronavirus disease","10575",0
,"New York (excluding New York City)","36888","2023","2023","Shiga toxin-producing Escherichia coli (STEC)","11563",755
,"New York (excluding New York City)","36888","2023","2023","Shigellosis","11010",1210
,"New York (excluding New York City)","36888","2023","2023","Smallpox","11800",0
,"New York (excluding New York City)","36888","2023","2023","Spotted fever rickettsiosis, Total","10250",12
,"New York (excluding New York City)","36888","2023","2023","Spotted fever rickettsiosis, Confirmed","10253",2
,"New York (excluding New York City)","36888","2023","2023","Spotted fever rickettsiosis, Probable","10254",10
,"New York (excluding New York City)","36888","2023","2023","Streptococcal toxic shock syndrome","11700",32
,"New York (excluding New York City)","36888","2023","2023","Syphilis, Total, all stages","10399",3570
,"New York (excluding New York City)","36888","2023","2023","Syphilis, Congenital","10316",33
,"New York (excluding New York City)","36888","2023","2023","Syphilis, Primary and secondary","10310",1135
,"New York (excluding New York City)","36888","2023","2023","Tetanus","10210",1
,"New York (excluding New York City)","36888","2023","2023","Toxic shock syndrome (other than Streptococcal)","10520",0
,"New York (excluding New York City)","36888","2023","2023","Trichinellosis","10270",0
,"New York (excluding New York City)","36888","2023","2023","Tuberculosis","10220",210
,"New York (excluding New York City)","36888","2023","2023","Tularemia","10230",5
,"New York (excluding New York City)","36888","2023","2023","Typhoid fever","10240",0
,"New York (excluding New York City)","36888","2023","2023","Vancomycin-intermediate Staphylococcus aureus","11663",8
,"New York (excluding New York City)","36888","2023","2023","Vancomycin-resistant Staphylococcus aureus","11665",0
,"New York (excluding New York City)","36888","2023","2023","Varicella morbidity","10030",Not Reportable
,"New York (excluding New York City)","36888","2023","2023","Varicella mortality","10031",1
,"New York (excluding New York City)","36888","2023","2023","Vibriosis, Total","11545",147
,"New York (excluding New York City)","36888","2023","2023","Vibriosis, Confirmed","50234",64
,"New York (excluding New York City)","36888","2023","2023","Vibriosis, Probable","50235",83
,"New York (excluding New York City)","36888","2023","2023","Viral hemorrhagic fevers","11647",0
,"New York (excluding New York City)","36888","2023","2023","Viral hemorrhagic fevers, Chapare virus","11649",0
,"New York (excluding New York City)","36888","2023","2023","Viral hemorrhagic fevers, Crimean-Congo hemorrhagic fever virus","11640",0
,"New York (excluding New York City)","36888","2023","2023","Viral hemorrhagic fevers, Ebola virus","11630",0
,"New York (excluding New York City)","36888","2023","2023","Viral hemorrhagic fevers, Guanarito virus","11648",0
,"New York (excluding New York City)","36888","2023","2023","Viral hemorrhagic fevers, Junin virus","11638",0
,"New York (excluding New York City)","36888","2023","2023","Viral hemorrhagic fevers, Lassa virus","11632",0
,"New York (excluding New York City)","36888","2023","2023","Viral hemorrhagic fevers, Lujo virus","11644",0
,"New York (excluding New York City)","36888","2023","2023","Viral hemorrhagic fevers, Machupo virus","11637",0
,"New York (excluding New York City)","36888","2023","2023","Viral hemorrhagic fevers, Marburg virus","11631",0
,"New York (excluding New York City)","36888","2023","2023","Viral hemorrhagic fevers, Sabia virus","11639",0
,"New York (excluding New York City)","36888","2023","2023","Yellow fever","10660",0
,"New York (excluding New York City)","36888","2023","2023","Zika virus, Zika virus disease, congenital","50224",0
,"New York (excluding New York City)","36888","2023","2023","Zika virus, Zika virus disease, non-congenital","50223",0
,"New York (excluding New York City)","36888","2023","2023","Zika virus, Zika virus infection, congenital","50222",0
,"New York (excluding New York City)","36888","2023","2023","Zika virus, Zika virus infection, non-congenital","50221",0
,"New York City","75772","2023","2023","Anthrax","10350",0
,"New York City","75772","2023","2023","Arboviral diseases, Chikungunya virus disease","10073",14
,"New York City","75772","2023","2023","Arboviral diseases, Eastern equine encephalitis virus disease, Neuroinvasive","10053",0
,"New York City","75772","2023","2023","Arboviral diseases, Eastern equine encephalitis virus disease, Non-neuroinvasive","10062",0
,"New York City","75772","2023","2023","Arboviral diseases, Jamestown Canyon  virus disease, Neuroinvasive","10078",0
,"New York City","75772","2023","2023","Arboviral diseases, Jamestown Canyon  virus disease, Non-neuroinvasive","10079",0
,"New York City","75772","2023","2023","Arboviral diseases, La Crosse  virus disease, Neuroinvasive","10081",0
,"New York City","75772","2023","2023","Arboviral diseases, La Crosse  virus disease, Non-neuroinvasive","10082",0
,"New York City","75772","2023","2023","Arboviral diseases, Powassan virus disease, Neuroinvasive","10057",0
,"New York City","75772","2023","2023","Arboviral diseases, Powassan virus disease, Non-neuroinvasive","10063",0
,"New York City","75772","2023","2023","Arboviral diseases, St. Louis encephalitis virus disease, Neuroinvasive","10051",0
,"New York City","75772","2023","2023","Arboviral diseases, St. Louis encephalitis virus disease, Non-neuroinvasive","10064",0
,"New York City","75772","2023","2023","Arboviral diseases, West Nile virus disease, Neuroinvasive","10056",31
,"New York City","75772","2023","2023","Arboviral diseases, West Nile virus disease, Non-neuroinvasive","10049",1
,"New York City","75772","2023","2023","Arboviral diseases, Western equine encephalitis virus disease, Neuroinvasive","10052",0
,"New York City","75772","2023","2023","Arboviral diseases, Western equine encephalitis virus disease, Non-neuroinvasive","10065",0
,"New York City","75772","2023","2023","Babesiosis, Total","12010",115
,"New York City","75772","2023","2023","Babesiosis, Confirmed","12011",97
,"New York City","75772","2023","2023","Babesiosis, Probable","12012",18
,"New York City","75772","2023","2023","Botulism, Total","10360",11
,"New York City","75772","2023","2023","Botulism, Foodborne","10530",2
,"New York City","75772","2023","2023","Botulism, Infant","10540",9
,"New York City","75772","2023","2023","Botulism, Other (wound & unspecified)","10550",0
,"New York City","75772","2023","2023","Brucellosis","10020",4
,"New York City","75772","2023","2023","Campylobacteriosis","11020",3685
,"New York City","75772","2023","2023","Candida auris, clinical","50263",0
,"New York City","75772","2023","2023","Candida auris, screening","50264",0
,"New York City","75772","2023","2023","Carbapenemase-producing carbapenem-resistant Enterobacteriaceae","50244",0
,"New York City","75772","2023","2023","Carbapenemase-Producing Organisms (CPO),Total","50272",262
,"New York City","75772","2023","2023","Chancroid","10273",0
,"New York City","75772","2023","2023","Chlamydia trachomatis infection","10274",66955
,"New York City","75772","2023","2023","Cholera","10470",3
,"New York City","75772","2023","2023","Coccidioidomycosis","11900",Not Reportable
,"New York City","75772","2023","2023","Coccidioidomycosis, confirmed","11901",Not Reportable
,"New York City","75772","2023","2023","Coccidioidomycosis, probable","11902",Not Reportable
,"New York City","75772","2023","2023","Coronavirus Disease 2019 (COVID-19), Total","11065",321157
,"New York City","75772","2023","2023","Coronavirus Disease 2019 (COVID-19), Confirmed","11067",222070
,"New York City","75772","2023","2023","Coronavirus Disease 2019 (COVID-19), Probable","11068",99087
,"New York City","75772","2023","2023","Cryptosporidiosis, Total","11580",415
,"New York City","75772","2023","2023","Cryptosporidiosis, Confirmed","11582",415
,"New York City","75772","2023","2023","Cryptosporidiosis, Probable","11583",0
,"New York City","75772","2023","2023","Cyclosporiasis","11575",358
,"New York City","75772","2023","2023","Dengue virus infections, Dengue","10680",165
,"New York City","75772","2023","2023","Dengue virus infections, Dengue-like illness","11704",1
,"New York City","75772","2023","2023","Dengue virus infections, Severe dengue","11705",0
,"New York City","75772","2023","2023","Diphtheria","10040",1
,"New York City","75772","2023","2023","Ehrlichiosis and Anaplasmosis, Anaplasma phagocytophilum infection","11090",78
,"New York City","75772","2023","2023","Ehrlichiosis and Anaplasmosis, Ehrlichia chaffeensis infection","11088",9
,"New York City","75772","2023","2023","Ehrlichiosis and Anaplasmosis, Ehrlichia ewingii infection","11089",1
,"New York City","75772","2023","2023","Ehrlichiosis and Anaplasmosis, Undetermined ehrlichiosis/anaplasmosis","11091",0
,"New York City","75772","2023","2023","Giardiasis","11570",1348
,"New York City","75772","2023","2023","Gonorrhea","10280",32550
,"New York City","75772","2023","2023","Haemophilus influenzae, invasive disease, All ages, all serotypes","10590",186
,"New York City","75772","2023","2023","Haemophilus influenzae, invasive disease, Age <5 years, Serotype b","10591",1
,"New York City","75772","2023","2023","Haemophilus influenzae, invasive disease, Age <5 years, Non-b serotype","10593",6
,"New York City","75772","2023","2023","Haemophilus influenzae, invasive disease, Age <5 years, Nontypeable","10592",1
,"New York City","75772","2023","2023","Haemophilus influenzae, invasive disease, Age <5 years, Unknown serotype","10597",1
,"New York City","75772","2023","2023","Hansen's disease","10380",3
,"New York City","75772","2023","2023","Hantavirus infection, non-hantavirus pulmonary syndrome","11610",0
,"New York City","75772","2023","2023","Hantavirus pulmonary syndrome","11590",0
,"New York City","75772","2023","2023","Hemolytic uremic syndrome post-diarrheal","11550",2
,"New York City","75772","2023","2023","Hepatitis, A","10110",62
,"New York City","75772","2023","2023","Hepatitis, B, acute","10100",29
,"New York City","75772","2023","2023","Hepatitis, B, perinatal infection","10104",0
,"New York City","75772","2023","2023","Hepatitis, C, acute","10101",168
,"New York City","75772","2023","2023","Hepatitis, C, acute, Confirmed","50228",168
,"New York City","75772","2023","2023","Hepatitis, C, acute, Probable","50229",0
,"New York City","75772","2023","2023","Hepatitis, C, perinatal infection","50248",1
,"New York City","75772","2023","2023","Human immunodeficiency virus diagnoses","10560",1656
,"New York City","75772","2023","2023","Influenza-associated pediatric mortality","11061",4
,"New York City","75772","2023","2023","Invasive pneumococcal disease, All ages","11723",717
,"New York City","75772","2023","2023","Invasive pneumococcal disease, All ages, Confirmed","50230",692
,"New York City","75772","2023","2023","Invasive pneumococcal disease, All ages, Probable","50231",25
,"New York City","75772","2023","2023","Invasive pneumococcal disease, Age <5 years","11722",36
,"New York City","75772","2023","2023","Invasive pneumococcal disease, Age <5 years, Confirmed","50232",32
,"New York City","75772","2023","2023","Invasive pneumococcal disease, Age <5 years, Probable","50233",4
,"New York City","75772","2023","2023","Legionellosis","10490",281
,"New York City","75772","2023","2023","Leptospirosis","10390",24
,"New York City","75772","2023","2023","Listeriosis, Total","10640",53
,"New York City","75772","2023","2023","Listeriosis, Confirmed","10641",49
,"New York City","75772","2023","2023","Listeriosis, Probable","10642",4
,"New York City","75772","2023","2023","Lyme disease, Total","11080",3312
,"New York City","75772","2023","2023","Lyme disease, Confirmed","11081",0
,"New York City","75772","2023","2023","Lyme disease, Probable","11082",3312
,"New York City","75772","2023","2023","Malaria","10130",338
,"New York City","75772","2023","2023","Measles, Total","10140",1
,"New York City","75772","2023","2023","Measles, Indigenous","10500",0
,"New York City","75772","2023","2023","Measles, Imported","10510",1
,"New York City","75772","2023","2023","Melioidosis","11585",1
,"New York City","75772","2023","2023","Meningococcal disease, All serogroups","10150",28
,"New York City","75772","2023","2023","Meningococcal disease, Serogroups ACWY","10151",24
,"New York City","75772","2023","2023","Meningococcal disease, Serogroup B","10152",0
,"New York City","75772","2023","2023","Meningococcal disease, Other serogroups","10153",3
,"New York City","75772","2023","2023","Meningococcal disease, Unknown serogroup","10154",1
,"New York City","75772","2023","2023","Mpox","11801",204
,"New York City","75772","2023","2023","Mumps","10180",37
,"New York City","75772","2023","2023","Novel Influenza A virus infections","11062",0
,"New York City","75772","2023","2023","Paratyphoid fever","50236",0
,"New York City","75772","2023","2023","Pertussis","10190",419
,"New York City","75772","2023","2023","Plague","10440",0
,"New York City","75772","2023","2023","Poliomyelitis, paralytic","10410",0
,"New York City","75772","2023","2023","Poliovirus infection, nonparalytic","10405",0
,"New York City","75772","2023","2023","Psittacosis","10450",0
,"New York City","75772","2023","2023","Q fever, Total","10259",4
,"New York City","75772","2023","2023","Q fever, Acute","10257",1
,"New York City","75772","2023","2023","Q fever, Chronic","10258",3
,"New York City","75772","2023","2023","Rabies, Animal","10340",13
,"New York City","75772","2023","2023","Rabies, Human","10460",0
,"New York City","75772","2023","2023","Rubella","10200",0
,"New York City","75772","2023","2023","Rubella, congenital syndrome","10370",0
,"New York City","75772","2023","2023","Salmonella Paratyphi infection","50266",11
,"New York City","75772","2023","2023","Salmonella Typhi infection","50267",46
,"New York City","75772","2023","2023","Salmonellosis","11000",0
,"New York City","75772","2023","2023","Salmonellosis (excluding paratyphoid fever and typhoid fever)","50242",0
,"New York City","75772","2023","2023","Salmonellosis (excluding S. Typhi infection and S. Paratyphi infection)","50265",1498
,"New York City","75772","2023","2023","Severe acute respiratory syndrome-associated coronavirus disease","10575",0
,"New York City","75772","2023","2023","Shiga toxin-producing Escherichia coli (STEC)","11563",829
,"New York City","75772","2023","2023","Shigellosis","11010",2366
,"New York City","75772","2023","2023","Smallpox","11800",0
,"New York City","75772","2023","2023","Spotted fever rickettsiosis, Total","10250",5
,"New York City","75772","2023","2023","Spotted fever rickettsiosis, Confirmed","10253",0
,"New York City","75772","2023","2023","Spotted fever rickettsiosis, Probable","10254",5
,"New York City","75772","2023","2023","Streptococcal toxic shock syndrome","11700",0
,"New York City","75772","2023","2023","Syphilis, Total, all stages","10399",8823
,"New York City","75772","2023","2023","Syphilis, Congenital","10316",34
,"New York City","75772","2023","2023","Syphilis, Primary and secondary","10310",1752
,"New York City","75772","2023","2023","Tetanus","10210",0
,"New York City","75772","2023","2023","Toxic shock syndrome (other than Streptococcal)","10520",16
,"New York City","75772","2023","2023","Trichinellosis","10270",0
,"New York City","75772","2023","2023","Tuberculosis","10220",684
,"New York City","75772","2023","2023","Tularemia","10230",0
,"New York City","75772","2023","2023","Typhoid fever","10240",0
,"New York City","75772","2023","2023","Vancomycin-intermediate Staphylococcus aureus","11663",1
,"New York City","75772","2023","2023","Vancomycin-resistant Staphylococcus aureus","11665",0
,"New York City","75772","2023","2023","Varicella morbidity","10030",Not Reportable
,"New York City","75772","2023","2023","Varicella mortality","10031",Not Reportable
,"New York City","75772","2023","2023","Vibriosis, Total","11545",194
,"New York City","75772","2023","2023","Vibriosis, Confirmed","50234",45
,"New York City","75772","2023","2023","Vibriosis, Probable","50235",149
,"New York City","75772","2023","2023","Viral hemorrhagic fevers","11647",0
,"New York City","75772","2023","2023","Viral hemorrhagic fevers, Chapare virus","11649",0
,"New York City","75772","2023","2023","Viral hemorrhagic fevers, Crimean-Congo hemorrhagic fever virus","11640",0
,"New York City","75772","2023","2023","Viral hemorrhagic fevers, Ebola virus","11630",0
,"New York City","75772","2023","2023","Viral hemorrhagic fevers, Guanarito virus","11648",0
,"New York City","75772","2023","2023","Viral hemorrhagic fevers, Junin virus","11638",0
,"New York City","75772","2023","2023","Viral hemorrhagic fevers, Lassa virus","11632",0
,"New York City","75772","2023","2023","Viral hemorrhagic fevers, Lujo virus","11644",0
,"New York City","75772","2023","2023","Viral hemorrhagic fevers, Machupo virus","11637",0
,"New York City","75772","2023","2023","Viral hemorrhagic fevers, Marburg virus","11631",0
,"New York City","75772","2023","2023","Viral hemorrhagic fevers, Sabia virus","11639",0
,"New York City","75772","2023","2023","Yellow fever","10660",0
,"New York City","75772","2023","2023","Zika virus, Zika virus disease, congenital","50224",0
,"New York City","75772","2023","2023","Zika virus, Zika virus disease, non-congenital","50223",0
,"New York City","75772","2023","2023","Zika virus, Zika virus infection, congenital","50222",0
,"New York City","75772","2023","2023","Zika virus, Zika virus infection, non-congenital","50221",0
,"North Carolina","37","2023","2023","Anthrax","10350",0
,"North Carolina","37","2023","2023","Arboviral diseases, Chikungunya virus disease","10073",6
,"North Carolina","37","2023","2023","Arboviral diseases, Eastern equine encephalitis virus disease, Neuroinvasive","10053",0
,"North Carolina","37","2023","2023","Arboviral diseases, Eastern equine encephalitis virus disease, Non-neuroinvasive","10062",0
,"North Carolina","37","2023","2023","Arboviral diseases, Jamestown Canyon  virus disease, Neuroinvasive","10078",0
,"North Carolina","37","2023","2023","Arboviral diseases, Jamestown Canyon  virus disease, Non-neuroinvasive","10079",0
,"North Carolina","37","2023","2023","Arboviral diseases, La Crosse  virus disease, Neuroinvasive","10081",5
,"North Carolina","37","2023","2023","Arboviral diseases, La Crosse  virus disease, Non-neuroinvasive","10082",0
,"North Carolina","37","2023","2023","Arboviral diseases, Powassan virus disease, Neuroinvasive","10057",0
,"North Carolina","37","2023","2023","Arboviral diseases, Powassan virus disease, Non-neuroinvasive","10063",0
,"North Carolina","37","2023","2023","Arboviral diseases, St. Louis encephalitis virus disease, Neuroinvasive","10051",0
,"North Carolina","37","2023","2023","Arboviral diseases, St. Louis encephalitis virus disease, Non-neuroinvasive","10064",0
,"North Carolina","37","2023","2023","Arboviral diseases, West Nile virus disease, Neuroinvasive","10056",15
,"North Carolina","37","2023","2023","Arboviral diseases, West Nile virus disease, Non-neuroinvasive","10049",0
,"North Carolina","37","2023","2023","Arboviral diseases, Western equine encephalitis virus disease, Neuroinvasive","10052",0
,"North Carolina","37","2023","2023","Arboviral diseases, Western equine encephalitis virus disease, Non-neuroinvasive","10065",0
,"North Carolina","37","2023","2023","Babesiosis, Total","12010",0
,"North Carolina","37","2023","2023","Babesiosis, Confirmed","12011",0
,"North Carolina","37","2023","2023","Babesiosis, Probable","12012",0
,"North Carolina","37","2023","2023","Botulism, Total","10360",5
,"North Carolina","37","2023","2023","Botulism, Foodborne","10530",0
,"North Carolina","37","2023","2023","Botulism, Infant","10540",3
,"North Carolina","37","2023","2023","Botulism, Other (wound & unspecified)","10550",2
,"North Carolina","37","2023","2023","Brucellosis","10020",0
,"North Carolina","37","2023","2023","Campylobacteriosis","11020",2560
,"North Carolina","37","2023","2023","Candida auris, clinical","50263",18
,"North Carolina","37","2023","2023","Candida auris, screening","50264",8
,"North Carolina","37","2023","2023","Carbapenemase-producing carbapenem-resistant Enterobacteriaceae","50244",0
,"North Carolina","37","2023","2023","Carbapenemase-Producing Organisms (CPO),Total","50272",184
,"North Carolina","37","2023","2023","Chancroid","10273",0
,"North Carolina","37","2023","2023","Chlamydia trachomatis infection","10274",65867
,"North Carolina","37","2023","2023","Cholera","10470",0
,"North Carolina","37","2023","2023","Coccidioidomycosis","11900",Not Reportable
,"North Carolina","37","2023","2023","Coccidioidomycosis, confirmed","11901",Not Reportable
,"North Carolina","37","2023","2023","Coccidioidomycosis, probable","11902",Not Reportable
,"North Carolina","37","2023","2023","Coronavirus Disease 2019 (COVID-19), Total","11065",Not Reportable
,"North Carolina","37","2023","2023","Coronavirus Disease 2019 (COVID-19), Confirmed","11067",Not Reportable
,"North Carolina","37","2023","2023","Coronavirus Disease 2019 (COVID-19), Probable","11068",Not Reportable
,"North Carolina","37","2023","2023","Cryptosporidiosis, Total","11580",393
,"North Carolina","37","2023","2023","Cryptosporidiosis, Confirmed","11582",332
,"North Carolina","37","2023","2023","Cryptosporidiosis, Probable","11583",61
,"North Carolina","37","2023","2023","Cyclosporiasis","11575",149
,"North Carolina","37","2023","2023","Dengue virus infections, Dengue","10680",26
,"North Carolina","37","2023","2023","Dengue virus infections, Dengue-like illness","11704",1
,"North Carolina","37","2023","2023","Dengue virus infections, Severe dengue","11705",1
,"North Carolina","37","2023","2023","Diphtheria","10040",0
,"North Carolina","37","2023","2023","Ehrlichiosis and Anaplasmosis, Anaplasma phagocytophilum infection","11090",8
,"North Carolina","37","2023","2023","Ehrlichiosis and Anaplasmosis, Ehrlichia chaffeensis infection","11088",112
,"North Carolina","37","2023","2023","Ehrlichiosis and Anaplasmosis, Ehrlichia ewingii infection","11089",0
,"North Carolina","37","2023","2023","Ehrlichiosis and Anaplasmosis, Undetermined ehrlichiosis/anaplasmosis","11091",2
,"North Carolina","37","2023","2023","Giardiasis","11570",Not Reportable
,"North Carolina","37","2023","2023","Gonorrhea","10280",26353
,"North Carolina","37","2023","2023","Haemophilus influenzae, invasive disease, All ages, all serotypes","10590",265
,"North Carolina","37","2023","2023","Haemophilus influenzae, invasive disease, Age <5 years, Serotype b","10591",1
,"North Carolina","37","2023","2023","Haemophilus influenzae, invasive disease, Age <5 years, Non-b serotype","10593",2
,"North Carolina","37","2023","2023","Haemophilus influenzae, invasive disease, Age <5 years, Nontypeable","10592",8
,"North Carolina","37","2023","2023","Haemophilus influenzae, invasive disease, Age <5 years, Unknown serotype","10597",3
,"North Carolina","37","2023","2023","Hansen's disease","10380",1
,"North Carolina","37","2023","2023","Hantavirus infection, non-hantavirus pulmonary syndrome","11610",0
,"North Carolina","37","2023","2023","Hantavirus pulmonary syndrome","11590",0
,"North Carolina","37","2023","2023","Hemolytic uremic syndrome post-diarrheal","11550",6
,"North Carolina","37","2023","2023","Hepatitis, A","10110",26
,"North Carolina","37","2023","2023","Hepatitis, B, acute","10100",105
,"North Carolina","37","2023","2023","Hepatitis, B, perinatal infection","10104",0
,"North Carolina","37","2023","2023","Hepatitis, C, acute","10101",62
,"North Carolina","37","2023","2023","Hepatitis, C, acute, Confirmed","50228",57
,"North Carolina","37","2023","2023","Hepatitis, C, acute, Probable","50229",5
,"North Carolina","37","2023","2023","Hepatitis, C, perinatal infection","50248",0
,"North Carolina","37","2023","2023","Human immunodeficiency virus diagnoses","10560",1397
,"North Carolina","37","2023","2023","Influenza-associated pediatric mortality","11061",4
,"North Carolina","37","2023","2023","Invasive pneumococcal disease, All ages","11723",Not Reportable
,"North Carolina","37","2023","2023","Invasive pneumococcal disease, All ages, Confirmed","50230",Not Reportable
,"North Carolina","37","2023","2023","Invasive pneumococcal disease, All ages, Probable","50231",Not Reportable
,"North Carolina","37","2023","2023","Invasive pneumococcal disease, Age <5 years","11722",Not Reportable
,"North Carolina","37","2023","2023","Invasive pneumococcal disease, Age <5 years, Confirmed","50232",Not Reportable
,"North Carolina","37","2023","2023","Invasive pneumococcal disease, Age <5 years, Probable","50233",Not Reportable
,"North Carolina","37","2023","2023","Legionellosis","10490",180
,"North Carolina","37","2023","2023","Leptospirosis","10390",1
,"North Carolina","37","2023","2023","Listeriosis, Total","10640",43
,"North Carolina","37","2023","2023","Listeriosis, Confirmed","10641",39
,"North Carolina","37","2023","2023","Listeriosis, Probable","10642",4
,"North Carolina","37","2023","2023","Lyme disease, Total","11080",228
,"North Carolina","37","2023","2023","Lyme disease, Confirmed","11081",202
,"North Carolina","37","2023","2023","Lyme disease, Probable","11082",26
,"North Carolina","37","2023","2023","Malaria","10130",71
,"North Carolina","37","2023","2023","Measles, Total","10140",0
,"North Carolina","37","2023","2023","Measles, Indigenous","10500",0
,"North Carolina","37","2023","2023","Measles, Imported","10510",0
,"North Carolina","37","2023","2023","Melioidosis","11585",0
,"North Carolina","37","2023","2023","Meningococcal disease, All serogroups","10150",26
,"North Carolina","37","2023","2023","Meningococcal disease, Serogroups ACWY","10151",22
,"North Carolina","37","2023","2023","Meningococcal disease, Serogroup B","10152",1
,"North Carolina","37","2023","2023","Meningococcal disease, Other serogroups","10153",0
,"North Carolina","37","2023","2023","Meningococcal disease, Unknown serogroup","10154",3
,"North Carolina","37","2023","2023","Mpox","11801",12
,"North Carolina","37","2023","2023","Mumps","10180",4
,"North Carolina","37","2023","2023","Novel Influenza A virus infections","11062",0
,"North Carolina","37","2023","2023","Paratyphoid fever","50236",0
,"North Carolina","37","2023","2023","Pertussis","10190",105
,"North Carolina","37","2023","2023","Plague","10440",0
,"North Carolina","37","2023","2023","Poliomyelitis, paralytic","10410",0
,"North Carolina","37","2023","2023","Poliovirus infection, nonparalytic","10405",0
,"North Carolina","37","2023","2023","Psittacosis","10450",1
,"North Carolina","37","2023","2023","Q fever, Total","10259",2
,"North Carolina","37","2023","2023","Q fever, Acute","10257",2
,"North Carolina","37","2023","2023","Q fever, Chronic","10258",0
,"North Carolina","37","2023","2023","Rabies, Animal","10340",231
,"North Carolina","37","2023","2023","Rabies, Human","10460",0
,"North Carolina","37","2023","2023","Rubella","10200",0
,"North Carolina","37","2023","2023","Rubella, congenital syndrome","10370",0
,"North Carolina","37","2023","2023","Salmonella Paratyphi infection","50266",0
,"North Carolina","37","2023","2023","Salmonella Typhi infection","50267",12
,"North Carolina","37","2023","2023","Salmonellosis","11000",0
,"North Carolina","37","2023","2023","Salmonellosis (excluding paratyphoid fever and typhoid fever)","50242",0
,"North Carolina","37","2023","2023","Salmonellosis (excluding S. Typhi infection and S. Paratyphi infection)","50265",2288
,"North Carolina","37","2023","2023","Severe acute respiratory syndrome-associated coronavirus disease","10575",0
,"North Carolina","37","2023","2023","Shiga toxin-producing Escherichia coli (STEC)","11563",562
,"North Carolina","37","2023","2023","Shigellosis","11010",437
,"North Carolina","37","2023","2023","Smallpox","11800",0
,"North Carolina","37","2023","2023","Spotted fever rickettsiosis, Total","10250",229
,"North Carolina","37","2023","2023","Spotted fever rickettsiosis, Confirmed","10253",13
,"North Carolina","37","2023","2023","Spotted fever rickettsiosis, Probable","10254",216
,"North Carolina","37","2023","2023","Streptococcal toxic shock syndrome","11700",115
,"North Carolina","37","2023","2023","Syphilis, Total, all stages","10399",6547
,"North Carolina","37","2023","2023","Syphilis, Congenital","10316",72
,"North Carolina","37","2023","2023","Syphilis, Primary and secondary","10310",2159
,"North Carolina","37","2023","2023","Tetanus","10210",0
,"North Carolina","37","2023","2023","Toxic shock syndrome (other than Streptococcal)","10520",2
,"North Carolina","37","2023","2023","Trichinellosis","10270",0
,"North Carolina","37","2023","2023","Tuberculosis","10220",215
,"North Carolina","37","2023","2023","Tularemia","10230",8
,"North Carolina","37","2023","2023","Typhoid fever","10240",0
,"North Carolina","37","2023","2023","Vancomycin-intermediate Staphylococcus aureus","11663",3
,"North Carolina","37","2023","2023","Vancomycin-resistant Staphylococcus aureus","11665",0
,"North Carolina","37","2023","2023","Varicella morbidity","10030",172
,"North Carolina","37","2023","2023","Varicella mortality","10031",1
,"North Carolina","37","2023","2023","Vibriosis, Total","11545",109
,"North Carolina","37","2023","2023","Vibriosis, Confirmed","50234",40
,"North Carolina","37","2023","2023","Vibriosis, Probable","50235",69
,"North Carolina","37","2023","2023","Viral hemorrhagic fevers","11647",0
,"North Carolina","37","2023","2023","Viral hemorrhagic fevers, Chapare virus","11649",0
,"North Carolina","37","2023","2023","Viral hemorrhagic fevers, Crimean-Congo hemorrhagic fever virus","11640",0
,"North Carolina","37","2023","2023","Viral hemorrhagic fevers, Ebola virus","11630",0
,"North Carolina","37","2023","2023","Viral hemorrhagic fevers, Guanarito virus","11648",0
,"North Carolina","37","2023","2023","Viral hemorrhagic fevers, Junin virus","11638",0
,"North Carolina","37","2023","2023","Viral hemorrhagic fevers, Lassa virus","11632",0
,"North Carolina","37","2023","2023","Viral hemorrhagic fevers, Lujo virus","11644",0
,"North Carolina","37","2023","2023","Viral hemorrhagic fevers, Machupo virus","11637",0
,"North Carolina","37","2023","2023","Viral hemorrhagic fevers, Marburg virus","11631",0
,"North Carolina","37","2023","2023","Viral hemorrhagic fevers, Sabia virus","11639",0
,"North Carolina","37","2023","2023","Yellow fever","10660",0
,"North Carolina","37","2023","2023","Zika virus, Zika virus disease, congenital","50224",0
,"North Carolina","37","2023","2023","Zika virus, Zika virus disease, non-congenital","50223",0
,"North Carolina","37","2023","2023","Zika virus, Zika virus infection, congenital","50222",0
,"North Carolina","37","2023","2023","Zika virus, Zika virus infection, non-congenital","50221",0
,"North Dakota","38","2023","2023","Anthrax","10350",0
,"North Dakota","38","2023","2023","Arboviral diseases, Chikungunya virus disease","10073",0
,"North Dakota","38","2023","2023","Arboviral diseases, Eastern equine encephalitis virus disease, Neuroinvasive","10053",0
,"North Dakota","38","2023","2023","Arboviral diseases, Eastern equine encephalitis virus disease, Non-neuroinvasive","10062",0
,"North Dakota","38","2023","2023","Arboviral diseases, Jamestown Canyon  virus disease, Neuroinvasive","10078",0
,"North Dakota","38","2023","2023","Arboviral diseases, Jamestown Canyon  virus disease, Non-neuroinvasive","10079",0
,"North Dakota","38","2023","2023","Arboviral diseases, La Crosse  virus disease, Neuroinvasive","10081",0
,"North Dakota","38","2023","2023","Arboviral diseases, La Crosse  virus disease, Non-neuroinvasive","10082",0
,"North Dakota","38","2023","2023","Arboviral diseases, Powassan virus disease, Neuroinvasive","10057",0
,"North Dakota","38","2023","2023","Arboviral diseases, Powassan virus disease, Non-neuroinvasive","10063",0
,"North Dakota","38","2023","2023","Arboviral diseases, St. Louis encephalitis virus disease, Neuroinvasive","10051",0
,"North Dakota","38","2023","2023","Arboviral diseases, St. Louis encephalitis virus disease, Non-neuroinvasive","10064",0
,"North Dakota","38","2023","2023","Arboviral diseases, West Nile virus disease, Neuroinvasive","10056",33
,"North Dakota","38","2023","2023","Arboviral diseases, West Nile virus disease, Non-neuroinvasive","10049",25
,"North Dakota","38","2023","2023","Arboviral diseases, Western equine encephalitis virus disease, Neuroinvasive","10052",0
,"North Dakota","38","2023","2023","Arboviral diseases, Western equine encephalitis virus disease, Non-neuroinvasive","10065",0
,"North Dakota","38","2023","2023","Babesiosis, Total","12010",0
,"North Dakota","38","2023","2023","Babesiosis, Confirmed","12011",0
,"North Dakota","38","2023","2023","Babesiosis, Probable","12012",0
,"North Dakota","38","2023","2023","Botulism, Total","10360",1
,"North Dakota","38","2023","2023","Botulism, Foodborne","10530",0
,"North Dakota","38","2023","2023","Botulism, Infant","10540",1
,"North Dakota","38","2023","2023","Botulism, Other (wound & unspecified)","10550",0
,"North Dakota","38","2023","2023","Brucellosis","10020",0
,"North Dakota","38","2023","2023","Campylobacteriosis","11020",147
,"North Dakota","38","2023","2023","Candida auris, clinical","50263",0
,"North Dakota","38","2023","2023","Candida auris, screening","50264",0
,"North Dakota","38","2023","2023","Carbapenemase-producing carbapenem-resistant Enterobacteriaceae","50244",0
,"North Dakota","38","2023","2023","Carbapenemase-Producing Organisms (CPO),Total","50272",12
,"North Dakota","38","2023","2023","Chancroid","10273",0
,"North Dakota","38","2023","2023","Chlamydia trachomatis infection","10274",3421
,"North Dakota","38","2023","2023","Cholera","10470",0
,"North Dakota","38","2023","2023","Coccidioidomycosis","11900",6
,"North Dakota","38","2023","2023","Coccidioidomycosis, confirmed","11901",5
,"North Dakota","38","2023","2023","Coccidioidomycosis, probable","11902",1
,"North Dakota","38","2023","2023","Coronavirus Disease 2019 (COVID-19), Total","11065",22739
,"North Dakota","38","2023","2023","Coronavirus Disease 2019 (COVID-19), Confirmed","11067",16911
,"North Dakota","38","2023","2023","Coronavirus Disease 2019 (COVID-19), Probable","11068",5828
,"North Dakota","38","2023","2023","Cryptosporidiosis, Total","11580",45
,"North Dakota","38","2023","2023","Cryptosporidiosis, Confirmed","11582",45
,"North Dakota","38","2023","2023","Cryptosporidiosis, Probable","11583",0
,"North Dakota","38","2023","2023","Cyclosporiasis","11575",6
,"North Dakota","38","2023","2023","Dengue virus infections, Dengue","10680",0
,"North Dakota","38","2023","2023","Dengue virus infections, Dengue-like illness","11704",0
,"North Dakota","38","2023","2023","Dengue virus infections, Severe dengue","11705",0
,"North Dakota","38","2023","2023","Diphtheria","10040",0
,"North Dakota","38","2023","2023","Ehrlichiosis and Anaplasmosis, Anaplasma phagocytophilum infection","11090",5
,"North Dakota","38","2023","2023","Ehrlichiosis and Anaplasmosis, Ehrlichia chaffeensis infection","11088",0
,"North Dakota","38","2023","2023","Ehrlichiosis and Anaplasmosis, Ehrlichia ewingii infection","11089",0
,"North Dakota","38","2023","2023","Ehrlichiosis and Anaplasmosis, Undetermined ehrlichiosis/anaplasmosis","11091",0
,"North Dakota","38","2023","2023","Giardiasis","11570",31
,"North Dakota","38","2023","2023","Gonorrhea","10280",1154
,"North Dakota","38","2023","2023","Haemophilus influenzae, invasive disease, All ages, all serotypes","10590",9
,"North Dakota","38","2023","2023","Haemophilus influenzae, invasive disease, Age <5 years, Serotype b","10591",1
,"North Dakota","38","2023","2023","Haemophilus influenzae, invasive disease, Age <5 years, Non-b serotype","10593",1
,"North Dakota","38","2023","2023","Haemophilus influenzae, invasive disease, Age <5 years, Nontypeable","10592",0
,"North Dakota","38","2023","2023","Haemophilus influenzae, invasive disease, Age <5 years, Unknown serotype","10597",1
,"North Dakota","38","2023","2023","Hansen's disease","10380",Not Reportable
,"North Dakota","38","2023","2023","Hantavirus infection, non-hantavirus pulmonary syndrome","11610",0
,"North Dakota","38","2023","2023","Hantavirus pulmonary syndrome","11590",0
,"North Dakota","38","2023","2023","Hemolytic uremic syndrome post-diarrheal","11550",4
,"North Dakota","38","2023","2023","Hepatitis, A","10110",1
,"North Dakota","38","2023","2023","Hepatitis, B, acute","10100",0
,"North Dakota","38","2023","2023","Hepatitis, B, perinatal infection","10104",0
,"North Dakota","38","2023","2023","Hepatitis, C, acute","10101",13
,"North Dakota","38","2023","2023","Hepatitis, C, acute, Confirmed","50228",13
,"North Dakota","38","2023","2023","Hepatitis, C, acute, Probable","50229",0
,"North Dakota","38","2023","2023","Hepatitis, C, perinatal infection","50248",0
,"North Dakota","38","2023","2023","Human immunodeficiency virus diagnoses","10560",21
,"North Dakota","38","2023","2023","Influenza-associated pediatric mortality","11061",0
,"North Dakota","38","2023","2023","Invasive pneumococcal disease, All ages","11723",91
,"North Dakota","38","2023","2023","Invasive pneumococcal disease, All ages, Confirmed","50230",91
,"North Dakota","38","2023","2023","Invasive pneumococcal disease, All ages, Probable","50231",0
,"North Dakota","38","2023","2023","Invasive pneumococcal disease, Age <5 years","11722",1
,"North Dakota","38","2023","2023","Invasive pneumococcal disease, Age <5 years, Confirmed","50232",1
,"North Dakota","38","2023","2023","Invasive pneumococcal disease, Age <5 years, Probable","50233",0
,"North Dakota","38","2023","2023","Legionellosis","10490",5
,"North Dakota","38","2023","2023","Leptospirosis","10390",0
,"North Dakota","38","2023","2023","Listeriosis, Total","10640",1
,"North Dakota","38","2023","2023","Listeriosis, Confirmed","10641",1
,"North Dakota","38","2023","2023","Listeriosis, Probable","10642",0
,"North Dakota","38","2023","2023","Lyme disease, Total","11080",15
,"North Dakota","38","2023","2023","Lyme disease, Confirmed","11081",15
,"North Dakota","38","2023","2023","Lyme disease, Probable","11082",0
,"North Dakota","38","2023","2023","Malaria","10130",9
,"North Dakota","38","2023","2023","Measles, Total","10140",0
,"North Dakota","38","2023","2023","Measles, Indigenous","10500",0
,"North Dakota","38","2023","2023","Measles, Imported","10510",0
,"North Dakota","38","2023","2023","Melioidosis","11585",0
,"North Dakota","38","2023","2023","Meningococcal disease, All serogroups","10150",0
,"North Dakota","38","2023","2023","Meningococcal disease, Serogroups ACWY","10151",0
,"North Dakota","38","2023","2023","Meningococcal disease, Serogroup B","10152",0
,"North Dakota","38","2023","2023","Meningococcal disease, Other serogroups","10153",0
,"North Dakota","38","2023","2023","Meningococcal disease, Unknown serogroup","10154",0
,"North Dakota","38","2023","2023","Mpox","11801",0
,"North Dakota","38","2023","2023","Mumps","10180",3
,"North Dakota","38","2023","2023","Novel Influenza A virus infections","11062",0
,"North Dakota","38","2023","2023","Paratyphoid fever","50236",0
,"North Dakota","38","2023","2023","Pertussis","10190",17
,"North Dakota","38","2023","2023","Plague","10440",0
,"North Dakota","38","2023","2023","Poliomyelitis, paralytic","10410",0
,"North Dakota","38","2023","2023","Poliovirus infection, nonparalytic","10405",0
,"North Dakota","38","2023","2023","Psittacosis","10450",0
,"North Dakota","38","2023","2023","Q fever, Total","10259",0
,"North Dakota","38","2023","2023","Q fever, Acute","10257",0
,"North Dakota","38","2023","2023","Q fever, Chronic","10258",0
,"North Dakota","38","2023","2023","Rabies, Animal","10340",3
,"North Dakota","38","2023","2023","Rabies, Human","10460",0
,"North Dakota","38","2023","2023","Rubella","10200",0
,"North Dakota","38","2023","2023","Rubella, congenital syndrome","10370",0
,"North Dakota","38","2023","2023","Salmonella Paratyphi infection","50266",0
,"North Dakota","38","2023","2023","Salmonella Typhi infection","50267",0
,"North Dakota","38","2023","2023","Salmonellosis","11000",0
,"North Dakota","38","2023","2023","Salmonellosis (excluding paratyphoid fever and typhoid fever)","50242",0
,"North Dakota","38","2023","2023","Salmonellosis (excluding S. Typhi infection and S. Paratyphi infection)","50265",103
,"North Dakota","38","2023","2023","Severe acute respiratory syndrome-associated coronavirus disease","10575",0
,"North Dakota","38","2023","2023","Shiga toxin-producing Escherichia coli (STEC)","11563",68
,"North Dakota","38","2023","2023","Shigellosis","11010",10
,"North Dakota","38","2023","2023","Smallpox","11800",0
,"North Dakota","38","2023","2023","Spotted fever rickettsiosis, Total","10250",1
,"North Dakota","38","2023","2023","Spotted fever rickettsiosis, Confirmed","10253",0
,"North Dakota","38","2023","2023","Spotted fever rickettsiosis, Probable","10254",1
,"North Dakota","38","2023","2023","Streptococcal toxic shock syndrome","11700",0
,"North Dakota","38","2023","2023","Syphilis, Total, all stages","10399",215
,"North Dakota","38","2023","2023","Syphilis, Congenital","10316",2
,"North Dakota","38","2023","2023","Syphilis, Primary and secondary","10310",97
,"North Dakota","38","2023","2023","Tetanus","10210",0
,"North Dakota","38","2023","2023","Toxic shock syndrome (other than Streptococcal)","10520",0
,"North Dakota","38","2023","2023","Trichinellosis","10270",0
,"North Dakota","38","2023","2023","Tuberculosis","10220",9
,"North Dakota","38","2023","2023","Tularemia","10230",1
,"North Dakota","38","2023","2023","Typhoid fever","10240",0
,"North Dakota","38","2023","2023","Vancomycin-intermediate Staphylococcus aureus","11663",0
,"North Dakota","38","2023","2023","Vancomycin-resistant Staphylococcus aureus","11665",1
,"North Dakota","38","2023","2023","Varicella morbidity","10030",34
,"North Dakota","38","2023","2023","Varicella mortality","10031",0
,"North Dakota","38","2023","2023","Vibriosis, Total","11545",3
,"North Dakota","38","2023","2023","Vibriosis, Confirmed","50234",2
,"North Dakota","38","2023","2023","Vibriosis, Probable","50235",1
,"North Dakota","38","2023","2023","Viral hemorrhagic fevers","11647",0
,"North Dakota","38","2023","2023","Viral hemorrhagic fevers, Chapare virus","11649",0
,"North Dakota","38","2023","2023","Viral hemorrhagic fevers, Crimean-Congo hemorrhagic fever virus","11640",0
,"North Dakota","38","2023","2023","Viral hemorrhagic fevers, Ebola virus","11630",0
,"North Dakota","38","2023","2023","Viral hemorrhagic fevers, Guanarito virus","11648",0
,"North Dakota","38","2023","2023","Viral hemorrhagic fevers, Junin virus","11638",0
,"North Dakota","38","2023","2023","Viral hemorrhagic fevers, Lassa virus","11632",0
,"North Dakota","38","2023","2023","Viral hemorrhagic fevers, Lujo virus","11644",0
,"North Dakota","38","2023","2023","Viral hemorrhagic fevers, Machupo virus","11637",0
,"North Dakota","38","2023","2023","Viral hemorrhagic fevers, Marburg virus","11631",0
,"North Dakota","38","2023","2023","Viral hemorrhagic fevers, Sabia virus","11639",0
,"North Dakota","38","2023","2023","Yellow fever","10660",0
,"North Dakota","38","2023","2023","Zika virus, Zika virus disease, congenital","50224",0
,"North Dakota","38","2023","2023","Zika virus, Zika virus disease, non-congenital","50223",0
,"North Dakota","38","2023","2023","Zika virus, Zika virus infection, congenital","50222",0
,"North Dakota","38","2023","2023","Zika virus, Zika virus infection, non-congenital","50221",0
,"Ohio","39","2023","2023","Anthrax","10350",0
,"Ohio","39","2023","2023","Arboviral diseases, Chikungunya virus disease","10073",1
,"Ohio","39","2023","2023","Arboviral diseases, Eastern equine encephalitis virus disease, Neuroinvasive","10053",0
,"Ohio","39","2023","2023","Arboviral diseases, Eastern equine encephalitis virus disease, Non-neuroinvasive","10062",0
,"Ohio","39","2023","2023","Arboviral diseases, Jamestown Canyon  virus disease, Neuroinvasive","10078",0
,"Ohio","39","2023","2023","Arboviral diseases, Jamestown Canyon  virus disease, Non-neuroinvasive","10079",0
,"Ohio","39","2023","2023","Arboviral diseases, La Crosse  virus disease, Neuroinvasive","10081",12
,"Ohio","39","2023","2023","Arboviral diseases, La Crosse  virus disease, Non-neuroinvasive","10082",0
,"Ohio","39","2023","2023","Arboviral diseases, Powassan virus disease, Neuroinvasive","10057",0
,"Ohio","39","2023","2023","Arboviral diseases, Powassan virus disease, Non-neuroinvasive","10063",0
,"Ohio","39","2023","2023","Arboviral diseases, St. Louis encephalitis virus disease, Neuroinvasive","10051",0
,"Ohio","39","2023","2023","Arboviral diseases, St. Louis encephalitis virus disease, Non-neuroinvasive","10064",0
,"Ohio","39","2023","2023","Arboviral diseases, West Nile virus disease, Neuroinvasive","10056",16
,"Ohio","39","2023","2023","Arboviral diseases, West Nile virus disease, Non-neuroinvasive","10049",2
,"Ohio","39","2023","2023","Arboviral diseases, Western equine encephalitis virus disease, Neuroinvasive","10052",0
,"Ohio","39","2023","2023","Arboviral diseases, Western equine encephalitis virus disease, Non-neuroinvasive","10065",0
,"Ohio","39","2023","2023","Babesiosis, Total","12010",5
,"Ohio","39","2023","2023","Babesiosis, Confirmed","12011",4
,"Ohio","39","2023","2023","Babesiosis, Probable","12012",1
,"Ohio","39","2023","2023","Botulism, Total","10360",5
,"Ohio","39","2023","2023","Botulism, Foodborne","10530",1
,"Ohio","39","2023","2023","Botulism, Infant","10540",4
,"Ohio","39","2023","2023","Botulism, Other (wound & unspecified)","10550",0
,"Ohio","39","2023","2023","Brucellosis","10020",3
,"Ohio","39","2023","2023","Campylobacteriosis","11020",2574
,"Ohio","39","2023","2023","Candida auris, clinical","50263",151
,"Ohio","39","2023","2023","Candida auris, screening","50264",318
,"Ohio","39","2023","2023","Carbapenemase-producing carbapenem-resistant Enterobacteriaceae","50244",0
,"Ohio","39","2023","2023","Carbapenemase-Producing Organisms (CPO),Total","50272",1306
,"Ohio","39","2023","2023","Chancroid","10273",0
,"Ohio","39","2023","2023","Chlamydia trachomatis infection","10274",54411
,"Ohio","39","2023","2023","Cholera","10470",1
,"Ohio","39","2023","2023","Coccidioidomycosis","11900",34
,"Ohio","39","2023","2023","Coccidioidomycosis, confirmed","11901",33
,"Ohio","39","2023","2023","Coccidioidomycosis, probable","11902",1
,"Ohio","39","2023","2023","Coronavirus Disease 2019 (COVID-19), Total","11065",337081
,"Ohio","39","2023","2023","Coronavirus Disease 2019 (COVID-19), Confirmed","11067",203556
,"Ohio","39","2023","2023","Coronavirus Disease 2019 (COVID-19), Probable","11068",133525
,"Ohio","39","2023","2023","Cryptosporidiosis, Total","11580",512
,"Ohio","39","2023","2023","Cryptosporidiosis, Confirmed","11582",368
,"Ohio","39","2023","2023","Cryptosporidiosis, Probable","11583",144
,"Ohio","39","2023","2023","Cyclosporiasis","11575",123
,"Ohio","39","2023","2023","Dengue virus infections, Dengue","10680",12
,"Ohio","39","2023","2023","Dengue virus infections, Dengue-like illness","11704",1
,"Ohio","39","2023","2023","Dengue virus infections, Severe dengue","11705",0
,"Ohio","39","2023","2023","Diphtheria","10040",0
,"Ohio","39","2023","2023","Ehrlichiosis and Anaplasmosis, Anaplasma phagocytophilum infection","11090",12
,"Ohio","39","2023","2023","Ehrlichiosis and Anaplasmosis, Ehrlichia chaffeensis infection","11088",13
,"Ohio","39","2023","2023","Ehrlichiosis and Anaplasmosis, Ehrlichia ewingii infection","11089",0
,"Ohio","39","2023","2023","Ehrlichiosis and Anaplasmosis, Undetermined ehrlichiosis/anaplasmosis","11091",1
,"Ohio","39","2023","2023","Giardiasis","11570",453
,"Ohio","39","2023","2023","Gonorrhea","10280",19795
,"Ohio","39","2023","2023","Haemophilus influenzae, invasive disease, All ages, all serotypes","10590",378
,"Ohio","39","2023","2023","Haemophilus influenzae, invasive disease, Age <5 years, Serotype b","10591",4
,"Ohio","39","2023","2023","Haemophilus influenzae, invasive disease, Age <5 years, Non-b serotype","10593",9
,"Ohio","39","2023","2023","Haemophilus influenzae, invasive disease, Age <5 years, Nontypeable","10592",18
,"Ohio","39","2023","2023","Haemophilus influenzae, invasive disease, Age <5 years, Unknown serotype","10597",1
,"Ohio","39","2023","2023","Hansen's disease","10380",1
,"Ohio","39","2023","2023","Hantavirus infection, non-hantavirus pulmonary syndrome","11610",0
,"Ohio","39","2023","2023","Hantavirus pulmonary syndrome","11590",0
,"Ohio","39","2023","2023","Hemolytic uremic syndrome post-diarrheal","11550",7
,"Ohio","39","2023","2023","Hepatitis, A","10110",26
,"Ohio","39","2023","2023","Hepatitis, B, acute","10100",35
,"Ohio","39","2023","2023","Hepatitis, B, perinatal infection","10104",0
,"Ohio","39","2023","2023","Hepatitis, C, acute","10101",92
,"Ohio","39","2023","2023","Hepatitis, C, acute, Confirmed","50228",87
,"Ohio","39","2023","2023","Hepatitis, C, acute, Probable","50229",5
,"Ohio","39","2023","2023","Hepatitis, C, perinatal infection","50248",40
,"Ohio","39","2023","2023","Human immunodeficiency virus diagnoses","10560",879
,"Ohio","39","2023","2023","Influenza-associated pediatric mortality","11061",4
,"Ohio","39","2023","2023","Invasive pneumococcal disease, All ages","11723",1346
,"Ohio","39","2023","2023","Invasive pneumococcal disease, All ages, Confirmed","50230",1206
,"Ohio","39","2023","2023","Invasive pneumococcal disease, All ages, Probable","50231",140
,"Ohio","39","2023","2023","Invasive pneumococcal disease, Age <5 years","11722",66
,"Ohio","39","2023","2023","Invasive pneumococcal disease, Age <5 years, Confirmed","50232",50
,"Ohio","39","2023","2023","Invasive pneumococcal disease, Age <5 years, Probable","50233",16
,"Ohio","39","2023","2023","Legionellosis","10490",616
,"Ohio","39","2023","2023","Leptospirosis","10390",2
,"Ohio","39","2023","2023","Listeriosis, Total","10640",22
,"Ohio","39","2023","2023","Listeriosis, Confirmed","10641",22
,"Ohio","39","2023","2023","Listeriosis, Probable","10642",0
,"Ohio","39","2023","2023","Lyme disease, Total","11080",1307
,"Ohio","39","2023","2023","Lyme disease, Confirmed","11081",940
,"Ohio","39","2023","2023","Lyme disease, Probable","11082",367
,"Ohio","39","2023","2023","Malaria","10130",97
,"Ohio","39","2023","2023","Measles, Total","10140",4
,"Ohio","39","2023","2023","Measles, Indigenous","10500",4
,"Ohio","39","2023","2023","Measles, Imported","10510",0
,"Ohio","39","2023","2023","Melioidosis","11585",0
,"Ohio","39","2023","2023","Meningococcal disease, All serogroups","10150",17
,"Ohio","39","2023","2023","Meningococcal disease, Serogroups ACWY","10151",6
,"Ohio","39","2023","2023","Meningococcal disease, Serogroup B","10152",6
,"Ohio","39","2023","2023","Meningococcal disease, Other serogroups","10153",3
,"Ohio","39","2023","2023","Meningococcal disease, Unknown serogroup","10154",2
,"Ohio","39","2023","2023","Mpox","11801",29
,"Ohio","39","2023","2023","Mumps","10180",33
,"Ohio","39","2023","2023","Novel Influenza A virus infections","11062",0
,"Ohio","39","2023","2023","Paratyphoid fever","50236",0
,"Ohio","39","2023","2023","Pertussis","10190",837
,"Ohio","39","2023","2023","Plague","10440",0
,"Ohio","39","2023","2023","Poliomyelitis, paralytic","10410",0
,"Ohio","39","2023","2023","Poliovirus infection, nonparalytic","10405",0
,"Ohio","39","2023","2023","Psittacosis","10450",0
,"Ohio","39","2023","2023","Q fever, Total","10259",7
,"Ohio","39","2023","2023","Q fever, Acute","10257",5
,"Ohio","39","2023","2023","Q fever, Chronic","10258",2
,"Ohio","39","2023","2023","Rabies, Animal","10340",31
,"Ohio","39","2023","2023","Rabies, Human","10460",0
,"Ohio","39","2023","2023","Rubella","10200",0
,"Ohio","39","2023","2023","Rubella, congenital syndrome","10370",0
,"Ohio","39","2023","2023","Salmonella Paratyphi infection","50266",6
,"Ohio","39","2023","2023","Salmonella Typhi infection","50267",18
,"Ohio","39","2023","2023","Salmonellosis","11000",0
,"Ohio","39","2023","2023","Salmonellosis (excluding paratyphoid fever and typhoid fever)","50242",0
,"Ohio","39","2023","2023","Salmonellosis (excluding S. Typhi infection and S. Paratyphi infection)","50265",1613
,"Ohio","39","2023","2023","Severe acute respiratory syndrome-associated coronavirus disease","10575",0
,"Ohio","39","2023","2023","Shiga toxin-producing Escherichia coli (STEC)","11563",616
,"Ohio","39","2023","2023","Shigellosis","11010",389
,"Ohio","39","2023","2023","Smallpox","11800",0
,"Ohio","39","2023","2023","Spotted fever rickettsiosis, Total","10250",27
,"Ohio","39","2023","2023","Spotted fever rickettsiosis, Confirmed","10253",0
,"Ohio","39","2023","2023","Spotted fever rickettsiosis, Probable","10254",27
,"Ohio","39","2023","2023","Streptococcal toxic shock syndrome","11700",14
,"Ohio","39","2023","2023","Syphilis, Total, all stages","10399",4968
,"Ohio","39","2023","2023","Syphilis, Congenital","10316",74
,"Ohio","39","2023","2023","Syphilis, Primary and secondary","10310",1925
,"Ohio","39","2023","2023","Tetanus","10210",1
,"Ohio","39","2023","2023","Toxic shock syndrome (other than Streptococcal)","10520",1
,"Ohio","39","2023","2023","Trichinellosis","10270",0
,"Ohio","39","2023","2023","Tuberculosis","10220",190
,"Ohio","39","2023","2023","Tularemia","10230",1
,"Ohio","39","2023","2023","Typhoid fever","10240",0
,"Ohio","39","2023","2023","Vancomycin-intermediate Staphylococcus aureus","11663",2
,"Ohio","39","2023","2023","Vancomycin-resistant Staphylococcus aureus","11665",0
,"Ohio","39","2023","2023","Varicella morbidity","10030",252
,"Ohio","39","2023","2023","Varicella mortality","10031",Not Reportable
,"Ohio","39","2023","2023","Vibriosis, Total","11545",75
,"Ohio","39","2023","2023","Vibriosis, Confirmed","50234",28
,"Ohio","39","2023","2023","Vibriosis, Probable","50235",47
,"Ohio","39","2023","2023","Viral hemorrhagic fevers","11647",0
,"Ohio","39","2023","2023","Viral hemorrhagic fevers, Chapare virus","11649",0
,"Ohio","39","2023","2023","Viral hemorrhagic fevers, Crimean-Congo hemorrhagic fever virus","11640",0
,"Ohio","39","2023","2023","Viral hemorrhagic fevers, Ebola virus","11630",0
,"Ohio","39","2023","2023","Viral hemorrhagic fevers, Guanarito virus","11648",0
,"Ohio","39","2023","2023","Viral hemorrhagic fevers, Junin virus","11638",0
,"Ohio","39","2023","2023","Viral hemorrhagic fevers, Lassa virus","11632",0
,"Ohio","39","2023","2023","Viral hemorrhagic fevers, Lujo virus","11644",0
,"Ohio","39","2023","2023","Viral hemorrhagic fevers, Machupo virus","11637",0
,"Ohio","39","2023","2023","Viral hemorrhagic fevers, Marburg virus","11631",0
,"Ohio","39","2023","2023","Viral hemorrhagic fevers, Sabia virus","11639",0
,"Ohio","39","2023","2023","Yellow fever","10660",0
,"Ohio","39","2023","2023","Zika virus, Zika virus disease, congenital","50224",0
,"Ohio","39","2023","2023","Zika virus, Zika virus disease, non-congenital","50223",0
,"Ohio","39","2023","2023","Zika virus, Zika virus infection, congenital","50222",0
,"Ohio","39","2023","2023","Zika virus, Zika virus infection, non-congenital","50221",0
,"Oklahoma","40","2023","2023","Anthrax","10350",0
,"Oklahoma","40","2023","2023","Arboviral diseases, Chikungunya virus disease","10073",0
,"Oklahoma","40","2023","2023","Arboviral diseases, Eastern equine encephalitis virus disease, Neuroinvasive","10053",0
,"Oklahoma","40","2023","2023","Arboviral diseases, Eastern equine encephalitis virus disease, Non-neuroinvasive","10062",0
,"Oklahoma","40","2023","2023","Arboviral diseases, Jamestown Canyon  virus disease, Neuroinvasive","10078",0
,"Oklahoma","40","2023","2023","Arboviral diseases, Jamestown Canyon  virus disease, Non-neuroinvasive","10079",0
,"Oklahoma","40","2023","2023","Arboviral diseases, La Crosse  virus disease, Neuroinvasive","10081",0
,"Oklahoma","40","2023","2023","Arboviral diseases, La Crosse  virus disease, Non-neuroinvasive","10082",0
,"Oklahoma","40","2023","2023","Arboviral diseases, Powassan virus disease, Neuroinvasive","10057",0
,"Oklahoma","40","2023","2023","Arboviral diseases, Powassan virus disease, Non-neuroinvasive","10063",0
,"Oklahoma","40","2023","2023","Arboviral diseases, St. Louis encephalitis virus disease, Neuroinvasive","10051",0
,"Oklahoma","40","2023","2023","Arboviral diseases, St. Louis encephalitis virus disease, Non-neuroinvasive","10064",0
,"Oklahoma","40","2023","2023","Arboviral diseases, West Nile virus disease, Neuroinvasive","10056",41
,"Oklahoma","40","2023","2023","Arboviral diseases, West Nile virus disease, Non-neuroinvasive","10049",13
,"Oklahoma","40","2023","2023","Arboviral diseases, Western equine encephalitis virus disease, Neuroinvasive","10052",0
,"Oklahoma","40","2023","2023","Arboviral diseases, Western equine encephalitis virus disease, Non-neuroinvasive","10065",0
,"Oklahoma","40","2023","2023","Babesiosis, Total","12010",Not Reportable
,"Oklahoma","40","2023","2023","Babesiosis, Confirmed","12011",Not Reportable
,"Oklahoma","40","2023","2023","Babesiosis, Probable","12012",Not Reportable
,"Oklahoma","40","2023","2023","Botulism, Total","10360",1
,"Oklahoma","40","2023","2023","Botulism, Foodborne","10530",1
,"Oklahoma","40","2023","2023","Botulism, Infant","10540",0
,"Oklahoma","40","2023","2023","Botulism, Other (wound & unspecified)","10550",0
,"Oklahoma","40","2023","2023","Brucellosis","10020",2
,"Oklahoma","40","2023","2023","Campylobacteriosis","11020",1694
,"Oklahoma","40","2023","2023","Candida auris, clinical","50263",0
,"Oklahoma","40","2023","2023","Candida auris, screening","50264",0
,"Oklahoma","40","2023","2023","Carbapenemase-producing carbapenem-resistant Enterobacteriaceae","50244",0
,"Oklahoma","40","2023","2023","Carbapenemase-Producing Organisms (CPO),Total","50272",0
,"Oklahoma","40","2023","2023","Chancroid","10273",0
,"Oklahoma","40","2023","2023","Chlamydia trachomatis infection","10274",19104
,"Oklahoma","40","2023","2023","Cholera","10470",0
,"Oklahoma","40","2023","2023","Coccidioidomycosis","11900",Not Reportable
,"Oklahoma","40","2023","2023","Coccidioidomycosis, confirmed","11901",Not Reportable
,"Oklahoma","40","2023","2023","Coccidioidomycosis, probable","11902",Not Reportable
,"Oklahoma","40","2023","2023","Coronavirus Disease 2019 (COVID-19), Total","11065",122813
,"Oklahoma","40","2023","2023","Coronavirus Disease 2019 (COVID-19), Confirmed","11067",63649
,"Oklahoma","40","2023","2023","Coronavirus Disease 2019 (COVID-19), Probable","11068",59164
,"Oklahoma","40","2023","2023","Cryptosporidiosis, Total","11580",125
,"Oklahoma","40","2023","2023","Cryptosporidiosis, Confirmed","11582",123
,"Oklahoma","40","2023","2023","Cryptosporidiosis, Probable","11583",2
,"Oklahoma","40","2023","2023","Cyclosporiasis","11575",70
,"Oklahoma","40","2023","2023","Dengue virus infections, Dengue","10680",4
,"Oklahoma","40","2023","2023","Dengue virus infections, Dengue-like illness","11704",0
,"Oklahoma","40","2023","2023","Dengue virus infections, Severe dengue","11705",0
,"Oklahoma","40","2023","2023","Diphtheria","10040",0
,"Oklahoma","40","2023","2023","Ehrlichiosis and Anaplasmosis, Anaplasma phagocytophilum infection","11090",3
,"Oklahoma","40","2023","2023","Ehrlichiosis and Anaplasmosis, Ehrlichia chaffeensis infection","11088",22
,"Oklahoma","40","2023","2023","Ehrlichiosis and Anaplasmosis, Ehrlichia ewingii infection","11089",0
,"Oklahoma","40","2023","2023","Ehrlichiosis and Anaplasmosis, Undetermined ehrlichiosis/anaplasmosis","11091",0
,"Oklahoma","40","2023","2023","Giardiasis","11570",Not Reportable
,"Oklahoma","40","2023","2023","Gonorrhea","10280",6905
,"Oklahoma","40","2023","2023","Haemophilus influenzae, invasive disease, All ages, all serotypes","10590",134
,"Oklahoma","40","2023","2023","Haemophilus influenzae, invasive disease, Age <5 years, Serotype b","10591",0
,"Oklahoma","40","2023","2023","Haemophilus influenzae, invasive disease, Age <5 years, Non-b serotype","10593",3
,"Oklahoma","40","2023","2023","Haemophilus influenzae, invasive disease, Age <5 years, Nontypeable","10592",4
,"Oklahoma","40","2023","2023","Haemophilus influenzae, invasive disease, Age <5 years, Unknown serotype","10597",0
,"Oklahoma","40","2023","2023","Hansen's disease","10380",Not Reportable
,"Oklahoma","40","2023","2023","Hantavirus infection, non-hantavirus pulmonary syndrome","11610",0
,"Oklahoma","40","2023","2023","Hantavirus pulmonary syndrome","11590",0
,"Oklahoma","40","2023","2023","Hemolytic uremic syndrome post-diarrheal","11550",9
,"Oklahoma","40","2023","2023","Hepatitis, A","10110",5
,"Oklahoma","40","2023","2023","Hepatitis, B, acute","10100",21
,"Oklahoma","40","2023","2023","Hepatitis, B, perinatal infection","10104",0
,"Oklahoma","40","2023","2023","Hepatitis, C, acute","10101",25
,"Oklahoma","40","2023","2023","Hepatitis, C, acute, Confirmed","50228",23
,"Oklahoma","40","2023","2023","Hepatitis, C, acute, Probable","50229",2
,"Oklahoma","40","2023","2023","Hepatitis, C, perinatal infection","50248",0
,"Oklahoma","40","2023","2023","Human immunodeficiency virus diagnoses","10560",385
,"Oklahoma","40","2023","2023","Influenza-associated pediatric mortality","11061",4
,"Oklahoma","40","2023","2023","Invasive pneumococcal disease, All ages","11723",Not Reportable
,"Oklahoma","40","2023","2023","Invasive pneumococcal disease, All ages, Confirmed","50230",Not Reportable
,"Oklahoma","40","2023","2023","Invasive pneumococcal disease, All ages, Probable","50231",Not Reportable
,"Oklahoma","40","2023","2023","Invasive pneumococcal disease, Age <5 years","11722",14
,"Oklahoma","40","2023","2023","Invasive pneumococcal disease, Age <5 years, Confirmed","50232",14
,"Oklahoma","40","2023","2023","Invasive pneumococcal disease, Age <5 years, Probable","50233",0
,"Oklahoma","40","2023","2023","Legionellosis","10490",60
,"Oklahoma","40","2023","2023","Leptospirosis","10390",1
,"Oklahoma","40","2023","2023","Listeriosis, Total","10640",4
,"Oklahoma","40","2023","2023","Listeriosis, Confirmed","10641",4
,"Oklahoma","40","2023","2023","Listeriosis, Probable","10642",0
,"Oklahoma","40","2023","2023","Lyme disease, Total","11080",3
,"Oklahoma","40","2023","2023","Lyme disease, Confirmed","11081",2
,"Oklahoma","40","2023","2023","Lyme disease, Probable","11082",1
,"Oklahoma","40","2023","2023","Malaria","10130",10
,"Oklahoma","40","2023","2023","Measles, Total","10140",0
,"Oklahoma","40","2023","2023","Measles, Indigenous","10500",0
,"Oklahoma","40","2023","2023","Measles, Imported","10510",0
,"Oklahoma","40","2023","2023","Melioidosis","11585",0
,"Oklahoma","40","2023","2023","Meningococcal disease, All serogroups","10150",5
,"Oklahoma","40","2023","2023","Meningococcal disease, Serogroups ACWY","10151",3
,"Oklahoma","40","2023","2023","Meningococcal disease, Serogroup B","10152",2
,"Oklahoma","40","2023","2023","Meningococcal disease, Other serogroups","10153",0
,"Oklahoma","40","2023","2023","Meningococcal disease, Unknown serogroup","10154",0
,"Oklahoma","40","2023","2023","Mpox","11801",15
,"Oklahoma","40","2023","2023","Mumps","10180",1
,"Oklahoma","40","2023","2023","Novel Influenza A virus infections","11062",0
,"Oklahoma","40","2023","2023","Paratyphoid fever","50236",0
,"Oklahoma","40","2023","2023","Pertussis","10190",20
,"Oklahoma","40","2023","2023","Plague","10440",0
,"Oklahoma","40","2023","2023","Poliomyelitis, paralytic","10410",0
,"Oklahoma","40","2023","2023","Poliovirus infection, nonparalytic","10405",0
,"Oklahoma","40","2023","2023","Psittacosis","10450",0
,"Oklahoma","40","2023","2023","Q fever, Total","10259",4
,"Oklahoma","40","2023","2023","Q fever, Acute","10257",3
,"Oklahoma","40","2023","2023","Q fever, Chronic","10258",1
,"Oklahoma","40","2023","2023","Rabies, Animal","10340",39
,"Oklahoma","40","2023","2023","Rabies, Human","10460",0
,"Oklahoma","40","2023","2023","Rubella","10200",0
,"Oklahoma","40","2023","2023","Rubella, congenital syndrome","10370",0
,"Oklahoma","40","2023","2023","Salmonella Paratyphi infection","50266",2
,"Oklahoma","40","2023","2023","Salmonella Typhi infection","50267",2
,"Oklahoma","40","2023","2023","Salmonellosis","11000",0
,"Oklahoma","40","2023","2023","Salmonellosis (excluding paratyphoid fever and typhoid fever)","50242",0
,"Oklahoma","40","2023","2023","Salmonellosis (excluding S. Typhi infection and S. Paratyphi infection)","50265",953
,"Oklahoma","40","2023","2023","Severe acute respiratory syndrome-associated coronavirus disease","10575",0
,"Oklahoma","40","2023","2023","Shiga toxin-producing Escherichia coli (STEC)","11563",214
,"Oklahoma","40","2023","2023","Shigellosis","11010",90
,"Oklahoma","40","2023","2023","Smallpox","11800",0
,"Oklahoma","40","2023","2023","Spotted fever rickettsiosis, Total","10250",29
,"Oklahoma","40","2023","2023","Spotted fever rickettsiosis, Confirmed","10253",0
,"Oklahoma","40","2023","2023","Spotted fever rickettsiosis, Probable","10254",29
,"Oklahoma","40","2023","2023","Streptococcal toxic shock syndrome","11700",Not Reportable
,"Oklahoma","40","2023","2023","Syphilis, Total, all stages","10399",3503
,"Oklahoma","40","2023","2023","Syphilis, Congenital","10316",79
,"Oklahoma","40","2023","2023","Syphilis, Primary and secondary","10310",1121
,"Oklahoma","40","2023","2023","Tetanus","10210",0
,"Oklahoma","40","2023","2023","Toxic shock syndrome (other than Streptococcal)","10520",Not Reportable
,"Oklahoma","40","2023","2023","Trichinellosis","10270",0
,"Oklahoma","40","2023","2023","Tuberculosis","10220",66
,"Oklahoma","40","2023","2023","Tularemia","10230",13
,"Oklahoma","40","2023","2023","Typhoid fever","10240",0
,"Oklahoma","40","2023","2023","Vancomycin-intermediate Staphylococcus aureus","11663",0
,"Oklahoma","40","2023","2023","Vancomycin-resistant Staphylococcus aureus","11665",0
,"Oklahoma","40","2023","2023","Varicella morbidity","10030",Not Reportable
,"Oklahoma","40","2023","2023","Varicella mortality","10031",Not Reportable
,"Oklahoma","40","2023","2023","Vibriosis, Total","11545",29
,"Oklahoma","40","2023","2023","Vibriosis, Confirmed","50234",13
,"Oklahoma","40","2023","2023","Vibriosis, Probable","50235",16
,"Oklahoma","40","2023","2023","Viral hemorrhagic fevers","11647",0
,"Oklahoma","40","2023","2023","Viral hemorrhagic fevers, Chapare virus","11649",0
,"Oklahoma","40","2023","2023","Viral hemorrhagic fevers, Crimean-Congo hemorrhagic fever virus","11640",0
,"Oklahoma","40","2023","2023","Viral hemorrhagic fevers, Ebola virus","11630",0
,"Oklahoma","40","2023","2023","Viral hemorrhagic fevers, Guanarito virus","11648",0
,"Oklahoma","40","2023","2023","Viral hemorrhagic fevers, Junin virus","11638",0
,"Oklahoma","40","2023","2023","Viral hemorrhagic fevers, Lassa virus","11632",0
,"Oklahoma","40","2023","2023","Viral hemorrhagic fevers, Lujo virus","11644",0
,"Oklahoma","40","2023","2023","Viral hemorrhagic fevers, Machupo virus","11637",0
,"Oklahoma","40","2023","2023","Viral hemorrhagic fevers, Marburg virus","11631",0
,"Oklahoma","40","2023","2023","Viral hemorrhagic fevers, Sabia virus","11639",0
,"Oklahoma","40","2023","2023","Yellow fever","10660",0
,"Oklahoma","40","2023","2023","Zika virus, Zika virus disease, congenital","50224",0
,"Oklahoma","40","2023","2023","Zika virus, Zika virus disease, non-congenital","50223",0
,"Oklahoma","40","2023","2023","Zika virus, Zika virus infection, congenital","50222",0
,"Oklahoma","40","2023","2023","Zika virus, Zika virus infection, non-congenital","50221",0
,"Oregon","41","2023","2023","Anthrax","10350",0
,"Oregon","41","2023","2023","Arboviral diseases, Chikungunya virus disease","10073",2
,"Oregon","41","2023","2023","Arboviral diseases, Eastern equine encephalitis virus disease, Neuroinvasive","10053",0
,"Oregon","41","2023","2023","Arboviral diseases, Eastern equine encephalitis virus disease, Non-neuroinvasive","10062",0
,"Oregon","41","2023","2023","Arboviral diseases, Jamestown Canyon  virus disease, Neuroinvasive","10078",0
,"Oregon","41","2023","2023","Arboviral diseases, Jamestown Canyon  virus disease, Non-neuroinvasive","10079",0
,"Oregon","41","2023","2023","Arboviral diseases, La Crosse  virus disease, Neuroinvasive","10081",0
,"Oregon","41","2023","2023","Arboviral diseases, La Crosse  virus disease, Non-neuroinvasive","10082",0
,"Oregon","41","2023","2023","Arboviral diseases, Powassan virus disease, Neuroinvasive","10057",0
,"Oregon","41","2023","2023","Arboviral diseases, Powassan virus disease, Non-neuroinvasive","10063",0
,"Oregon","41","2023","2023","Arboviral diseases, St. Louis encephalitis virus disease, Neuroinvasive","10051",0
,"Oregon","41","2023","2023","Arboviral diseases, St. Louis encephalitis virus disease, Non-neuroinvasive","10064",0
,"Oregon","41","2023","2023","Arboviral diseases, West Nile virus disease, Neuroinvasive","10056",9
,"Oregon","41","2023","2023","Arboviral diseases, West Nile virus disease, Non-neuroinvasive","10049",8
,"Oregon","41","2023","2023","Arboviral diseases, Western equine encephalitis virus disease, Neuroinvasive","10052",0
,"Oregon","41","2023","2023","Arboviral diseases, Western equine encephalitis virus disease, Non-neuroinvasive","10065",0
,"Oregon","41","2023","2023","Babesiosis, Total","12010",6
,"Oregon","41","2023","2023","Babesiosis, Confirmed","12011",1
,"Oregon","41","2023","2023","Babesiosis, Probable","12012",5
,"Oregon","41","2023","2023","Botulism, Total","10360",4
,"Oregon","41","2023","2023","Botulism, Foodborne","10530",1
,"Oregon","41","2023","2023","Botulism, Infant","10540",3
,"Oregon","41","2023","2023","Botulism, Other (wound & unspecified)","10550",0
,"Oregon","41","2023","2023","Brucellosis","10020",4
,"Oregon","41","2023","2023","Campylobacteriosis","11020",1116
,"Oregon","41","2023","2023","Candida auris, clinical","50263",1
,"Oregon","41","2023","2023","Candida auris, screening","50264",2
,"Oregon","41","2023","2023","Carbapenemase-producing carbapenem-resistant Enterobacteriaceae","50244",0
,"Oregon","41","2023","2023","Carbapenemase-Producing Organisms (CPO),Total","50272",26
,"Oregon","41","2023","2023","Chancroid","10273",0
,"Oregon","41","2023","2023","Chlamydia trachomatis infection","10274",15344
,"Oregon","41","2023","2023","Cholera","10470",0
,"Oregon","41","2023","2023","Coccidioidomycosis","11900",32
,"Oregon","41","2023","2023","Coccidioidomycosis, confirmed","11901",5
,"Oregon","41","2023","2023","Coccidioidomycosis, probable","11902",27
,"Oregon","41","2023","2023","Coronavirus Disease 2019 (COVID-19), Total","11065",Not Reportable
,"Oregon","41","2023","2023","Coronavirus Disease 2019 (COVID-19), Confirmed","11067",Not Reportable
,"Oregon","41","2023","2023","Coronavirus Disease 2019 (COVID-19), Probable","11068",Not Reportable
,"Oregon","41","2023","2023","Cryptosporidiosis, Total","11580",153
,"Oregon","41","2023","2023","Cryptosporidiosis, Confirmed","11582",74
,"Oregon","41","2023","2023","Cryptosporidiosis, Probable","11583",79
,"Oregon","41","2023","2023","Cyclosporiasis","11575",10
,"Oregon","41","2023","2023","Dengue virus infections, Dengue","10680",12
,"Oregon","41","2023","2023","Dengue virus infections, Dengue-like illness","11704",0
,"Oregon","41","2023","2023","Dengue virus infections, Severe dengue","11705",0
,"Oregon","41","2023","2023","Diphtheria","10040",0
,"Oregon","41","2023","2023","Ehrlichiosis and Anaplasmosis, Anaplasma phagocytophilum infection","11090",5
,"Oregon","41","2023","2023","Ehrlichiosis and Anaplasmosis, Ehrlichia chaffeensis infection","11088",0
,"Oregon","41","2023","2023","Ehrlichiosis and Anaplasmosis, Ehrlichia ewingii infection","11089",0
,"Oregon","41","2023","2023","Ehrlichiosis and Anaplasmosis, Undetermined ehrlichiosis/anaplasmosis","11091",0
,"Oregon","41","2023","2023","Giardiasis","11570",397
,"Oregon","41","2023","2023","Gonorrhea","10280",4960
,"Oregon","41","2023","2023","Haemophilus influenzae, invasive disease, All ages, all serotypes","10590",91
,"Oregon","41","2023","2023","Haemophilus influenzae, invasive disease, Age <5 years, Serotype b","10591",0
,"Oregon","41","2023","2023","Haemophilus influenzae, invasive disease, Age <5 years, Non-b serotype","10593",0
,"Oregon","41","2023","2023","Haemophilus influenzae, invasive disease, Age <5 years, Nontypeable","10592",2
,"Oregon","41","2023","2023","Haemophilus influenzae, invasive disease, Age <5 years, Unknown serotype","10597",0
,"Oregon","41","2023","2023","Hansen's disease","10380",Not Reportable
,"Oregon","41","2023","2023","Hantavirus infection, non-hantavirus pulmonary syndrome","11610",0
,"Oregon","41","2023","2023","Hantavirus pulmonary syndrome","11590",1
,"Oregon","41","2023","2023","Hemolytic uremic syndrome post-diarrheal","11550",10
,"Oregon","41","2023","2023","Hepatitis, A","10110",12
,"Oregon","41","2023","2023","Hepatitis, B, acute","10100",10
,"Oregon","41","2023","2023","Hepatitis, B, perinatal infection","10104",0
,"Oregon","41","2023","2023","Hepatitis, C, acute","10101",12
,"Oregon","41","2023","2023","Hepatitis, C, acute, Confirmed","50228",11
,"Oregon","41","2023","2023","Hepatitis, C, acute, Probable","50229",1
,"Oregon","41","2023","2023","Hepatitis, C, perinatal infection","50248",0
,"Oregon","41","2023","2023","Human immunodeficiency virus diagnoses","10560",241
,"Oregon","41","2023","2023","Influenza-associated pediatric mortality","11061",0
,"Oregon","41","2023","2023","Invasive pneumococcal disease, All ages","11723",Not Reportable
,"Oregon","41","2023","2023","Invasive pneumococcal disease, All ages, Confirmed","50230",Not Reportable
,"Oregon","41","2023","2023","Invasive pneumococcal disease, All ages, Probable","50231",Not Reportable
,"Oregon","41","2023","2023","Invasive pneumococcal disease, Age <5 years","11722",Not Reportable
,"Oregon","41","2023","2023","Invasive pneumococcal disease, Age <5 years, Confirmed","50232",Not Reportable
,"Oregon","41","2023","2023","Invasive pneumococcal disease, Age <5 years, Probable","50233",Not Reportable
,"Oregon","41","2023","2023","Legionellosis","10490",67
,"Oregon","41","2023","2023","Leptospirosis","10390",4
,"Oregon","41","2023","2023","Listeriosis, Total","10640",11
,"Oregon","41","2023","2023","Listeriosis, Confirmed","10641",11
,"Oregon","41","2023","2023","Listeriosis, Probable","10642",0
,"Oregon","41","2023","2023","Lyme disease, Total","11080",61
,"Oregon","41","2023","2023","Lyme disease, Confirmed","11081",12
,"Oregon","41","2023","2023","Lyme disease, Probable","11082",49
,"Oregon","41","2023","2023","Malaria","10130",9
,"Oregon","41","2023","2023","Measles, Total","10140",1
,"Oregon","41","2023","2023","Measles, Indigenous","10500",1
,"Oregon","41","2023","2023","Measles, Imported","10510",0
,"Oregon","41","2023","2023","Melioidosis","11585",0
,"Oregon","41","2023","2023","Meningococcal disease, All serogroups","10150",4
,"Oregon","41","2023","2023","Meningococcal disease, Serogroups ACWY","10151",2
,"Oregon","41","2023","2023","Meningococcal disease, Serogroup B","10152",2
,"Oregon","41","2023","2023","Meningococcal disease, Other serogroups","10153",0
,"Oregon","41","2023","2023","Meningococcal disease, Unknown serogroup","10154",0
,"Oregon","41","2023","2023","Mpox","11801",30
,"Oregon","41","2023","2023","Mumps","10180",10
,"Oregon","41","2023","2023","Novel Influenza A virus infections","11062",0
,"Oregon","41","2023","2023","Paratyphoid fever","50236",0
,"Oregon","41","2023","2023","Pertussis","10190",40
,"Oregon","41","2023","2023","Plague","10440",0
,"Oregon","41","2023","2023","Poliomyelitis, paralytic","10410",0
,"Oregon","41","2023","2023","Poliovirus infection, nonparalytic","10405",0
,"Oregon","41","2023","2023","Psittacosis","10450",0
,"Oregon","41","2023","2023","Q fever, Total","10259",3
,"Oregon","41","2023","2023","Q fever, Acute","10257",3
,"Oregon","41","2023","2023","Q fever, Chronic","10258",0
,"Oregon","41","2023","2023","Rabies, Animal","10340",10
,"Oregon","41","2023","2023","Rabies, Human","10460",0
,"Oregon","41","2023","2023","Rubella","10200",0
,"Oregon","41","2023","2023","Rubella, congenital syndrome","10370",0
,"Oregon","41","2023","2023","Salmonella Paratyphi infection","50266",0
,"Oregon","41","2023","2023","Salmonella Typhi infection","50267",4
,"Oregon","41","2023","2023","Salmonellosis","11000",0
,"Oregon","41","2023","2023","Salmonellosis (excluding paratyphoid fever and typhoid fever)","50242",0
,"Oregon","41","2023","2023","Salmonellosis (excluding S. Typhi infection and S. Paratyphi infection)","50265",565
,"Oregon","41","2023","2023","Severe acute respiratory syndrome-associated coronavirus disease","10575",0
,"Oregon","41","2023","2023","Shiga toxin-producing Escherichia coli (STEC)","11563",355
,"Oregon","41","2023","2023","Shigellosis","11010",324
,"Oregon","41","2023","2023","Smallpox","11800",0
,"Oregon","41","2023","2023","Spotted fever rickettsiosis, Total","10250",3
,"Oregon","41","2023","2023","Spotted fever rickettsiosis, Confirmed","10253",1
,"Oregon","41","2023","2023","Spotted fever rickettsiosis, Probable","10254",2
,"Oregon","41","2023","2023","Streptococcal toxic shock syndrome","11700",Not Reportable
,"Oregon","41","2023","2023","Syphilis, Total, all stages","10399",2085
,"Oregon","41","2023","2023","Syphilis, Congenital","10316",30
,"Oregon","41","2023","2023","Syphilis, Primary and secondary","10310",811
,"Oregon","41","2023","2023","Tetanus","10210",2
,"Oregon","41","2023","2023","Toxic shock syndrome (other than Streptococcal)","10520",Not Reportable
,"Oregon","41","2023","2023","Trichinellosis","10270",0
,"Oregon","41","2023","2023","Tuberculosis","10220",78
,"Oregon","41","2023","2023","Tularemia","10230",5
,"Oregon","41","2023","2023","Typhoid fever","10240",0
,"Oregon","41","2023","2023","Vancomycin-intermediate Staphylococcus aureus","11663",Not Reportable
,"Oregon","41","2023","2023","Vancomycin-resistant Staphylococcus aureus","11665",Not Reportable
,"Oregon","41","2023","2023","Varicella morbidity","10030",Not Reportable
,"Oregon","41","2023","2023","Varicella mortality","10031",Not Reportable
,"Oregon","41","2023","2023","Vibriosis, Total","11545",52
,"Oregon","41","2023","2023","Vibriosis, Confirmed","50234",33
,"Oregon","41","2023","2023","Vibriosis, Probable","50235",19
,"Oregon","41","2023","2023","Viral hemorrhagic fevers","11647",0
,"Oregon","41","2023","2023","Viral hemorrhagic fevers, Chapare virus","11649",0
,"Oregon","41","2023","2023","Viral hemorrhagic fevers, Crimean-Congo hemorrhagic fever virus","11640",0
,"Oregon","41","2023","2023","Viral hemorrhagic fevers, Ebola virus","11630",0
,"Oregon","41","2023","2023","Viral hemorrhagic fevers, Guanarito virus","11648",0
,"Oregon","41","2023","2023","Viral hemorrhagic fevers, Junin virus","11638",0
,"Oregon","41","2023","2023","Viral hemorrhagic fevers, Lassa virus","11632",0
,"Oregon","41","2023","2023","Viral hemorrhagic fevers, Lujo virus","11644",0
,"Oregon","41","2023","2023","Viral hemorrhagic fevers, Machupo virus","11637",0
,"Oregon","41","2023","2023","Viral hemorrhagic fevers, Marburg virus","11631",0
,"Oregon","41","2023","2023","Viral hemorrhagic fevers, Sabia virus","11639",0
,"Oregon","41","2023","2023","Yellow fever","10660",0
,"Oregon","41","2023","2023","Zika virus, Zika virus disease, congenital","50224",0
,"Oregon","41","2023","2023","Zika virus, Zika virus disease, non-congenital","50223",0
,"Oregon","41","2023","2023","Zika virus, Zika virus infection, congenital","50222",0
,"Oregon","41","2023","2023","Zika virus, Zika virus infection, non-congenital","50221",0
,"Pennsylvania","42","2023","2023","Anthrax","10350",0
,"Pennsylvania","42","2023","2023","Arboviral diseases, Chikungunya virus disease","10073",5
,"Pennsylvania","42","2023","2023","Arboviral diseases, Eastern equine encephalitis virus disease, Neuroinvasive","10053",0
,"Pennsylvania","42","2023","2023","Arboviral diseases, Eastern equine encephalitis virus disease, Non-neuroinvasive","10062",0
,"Pennsylvania","42","2023","2023","Arboviral diseases, Jamestown Canyon  virus disease, Neuroinvasive","10078",0
,"Pennsylvania","42","2023","2023","Arboviral diseases, Jamestown Canyon  virus disease, Non-neuroinvasive","10079",0
,"Pennsylvania","42","2023","2023","Arboviral diseases, La Crosse  virus disease, Neuroinvasive","10081",0
,"Pennsylvania","42","2023","2023","Arboviral diseases, La Crosse  virus disease, Non-neuroinvasive","10082",0
,"Pennsylvania","42","2023","2023","Arboviral diseases, Powassan virus disease, Neuroinvasive","10057",2
,"Pennsylvania","42","2023","2023","Arboviral diseases, Powassan virus disease, Non-neuroinvasive","10063",0
,"Pennsylvania","42","2023","2023","Arboviral diseases, St. Louis encephalitis virus disease, Neuroinvasive","10051",0
,"Pennsylvania","42","2023","2023","Arboviral diseases, St. Louis encephalitis virus disease, Non-neuroinvasive","10064",0
,"Pennsylvania","42","2023","2023","Arboviral diseases, West Nile virus disease, Neuroinvasive","10056",18
,"Pennsylvania","42","2023","2023","Arboviral diseases, West Nile virus disease, Non-neuroinvasive","10049",4
,"Pennsylvania","42","2023","2023","Arboviral diseases, Western equine encephalitis virus disease, Neuroinvasive","10052",0
,"Pennsylvania","42","2023","2023","Arboviral diseases, Western equine encephalitis virus disease, Non-neuroinvasive","10065",0
,"Pennsylvania","42","2023","2023","Babesiosis, Total","12010",Not Reportable
,"Pennsylvania","42","2023","2023","Babesiosis, Confirmed","12011",Not Reportable
,"Pennsylvania","42","2023","2023","Babesiosis, Probable","12012",Not Reportable
,"Pennsylvania","42","2023","2023","Botulism, Total","10360",27
,"Pennsylvania","42","2023","2023","Botulism, Foodborne","10530",0
,"Pennsylvania","42","2023","2023","Botulism, Infant","10540",27
,"Pennsylvania","42","2023","2023","Botulism, Other (wound & unspecified)","10550",0
,"Pennsylvania","42","2023","2023","Brucellosis","10020",3
,"Pennsylvania","42","2023","2023","Campylobacteriosis","11020",2937
,"Pennsylvania","42","2023","2023","Candida auris, clinical","50263",41
,"Pennsylvania","42","2023","2023","Candida auris, screening","50264",56
,"Pennsylvania","42","2023","2023","Carbapenemase-producing carbapenem-resistant Enterobacteriaceae","50244",0
,"Pennsylvania","42","2023","2023","Carbapenemase-Producing Organisms (CPO),Total","50272",322
,"Pennsylvania","42","2023","2023","Chancroid","10273",0
,"Pennsylvania","42","2023","2023","Chlamydia trachomatis infection","10274",54600
,"Pennsylvania","42","2023","2023","Cholera","10470",1
,"Pennsylvania","42","2023","2023","Coccidioidomycosis","11900",Not Reportable
,"Pennsylvania","42","2023","2023","Coccidioidomycosis, confirmed","11901",Not Reportable
,"Pennsylvania","42","2023","2023","Coccidioidomycosis, probable","11902",Not Reportable
,"Pennsylvania","42","2023","2023","Coronavirus Disease 2019 (COVID-19), Total","11065",Not Reportable
,"Pennsylvania","42","2023","2023","Coronavirus Disease 2019 (COVID-19), Confirmed","11067",Not Reportable
,"Pennsylvania","42","2023","2023","Coronavirus Disease 2019 (COVID-19), Probable","11068",Not Reportable
,"Pennsylvania","42","2023","2023","Cryptosporidiosis, Total","11580",502
,"Pennsylvania","42","2023","2023","Cryptosporidiosis, Confirmed","11582",343
,"Pennsylvania","42","2023","2023","Cryptosporidiosis, Probable","11583",159
,"Pennsylvania","42","2023","2023","Cyclosporiasis","11575",Not Reportable
,"Pennsylvania","42","2023","2023","Dengue virus infections, Dengue","10680",34
,"Pennsylvania","42","2023","2023","Dengue virus infections, Dengue-like illness","11704",1
,"Pennsylvania","42","2023","2023","Dengue virus infections, Severe dengue","11705",5
,"Pennsylvania","42","2023","2023","Diphtheria","10040",0
,"Pennsylvania","42","2023","2023","Ehrlichiosis and Anaplasmosis, Anaplasma phagocytophilum infection","11090",1292
,"Pennsylvania","42","2023","2023","Ehrlichiosis and Anaplasmosis, Ehrlichia chaffeensis infection","11088",63
,"Pennsylvania","42","2023","2023","Ehrlichiosis and Anaplasmosis, Ehrlichia ewingii infection","11089",0
,"Pennsylvania","42","2023","2023","Ehrlichiosis and Anaplasmosis, Undetermined ehrlichiosis/anaplasmosis","11091",7
,"Pennsylvania","42","2023","2023","Giardiasis","11570",649
,"Pennsylvania","42","2023","2023","Gonorrhea","10280",18758
,"Pennsylvania","42","2023","2023","Haemophilus influenzae, invasive disease, All ages, all serotypes","10590",385
,"Pennsylvania","42","2023","2023","Haemophilus influenzae, invasive disease, Age <5 years, Serotype b","10591",7
,"Pennsylvania","42","2023","2023","Haemophilus influenzae, invasive disease, Age <5 years, Non-b serotype","10593",6
,"Pennsylvania","42","2023","2023","Haemophilus influenzae, invasive disease, Age <5 years, Nontypeable","10592",8
,"Pennsylvania","42","2023","2023","Haemophilus influenzae, invasive disease, Age <5 years, Unknown serotype","10597",6
,"Pennsylvania","42","2023","2023","Hansen's disease","10380",0
,"Pennsylvania","42","2023","2023","Hantavirus infection, non-hantavirus pulmonary syndrome","11610",0
,"Pennsylvania","42","2023","2023","Hantavirus pulmonary syndrome","11590",1
,"Pennsylvania","42","2023","2023","Hemolytic uremic syndrome post-diarrheal","11550",Not Reportable
,"Pennsylvania","42","2023","2023","Hepatitis, A","10110",130
,"Pennsylvania","42","2023","2023","Hepatitis, B, acute","10100",43
,"Pennsylvania","42","2023","2023","Hepatitis, B, perinatal infection","10104",0
,"Pennsylvania","42","2023","2023","Hepatitis, C, acute","10101",178
,"Pennsylvania","42","2023","2023","Hepatitis, C, acute, Confirmed","50228",173
,"Pennsylvania","42","2023","2023","Hepatitis, C, acute, Probable","50229",5
,"Pennsylvania","42","2023","2023","Hepatitis, C, perinatal infection","50248",12
,"Pennsylvania","42","2023","2023","Human immunodeficiency virus diagnoses","10560",921
,"Pennsylvania","42","2023","2023","Influenza-associated pediatric mortality","11061",2
,"Pennsylvania","42","2023","2023","Invasive pneumococcal disease, All ages","11723",863
,"Pennsylvania","42","2023","2023","Invasive pneumococcal disease, All ages, Confirmed","50230",835
,"Pennsylvania","42","2023","2023","Invasive pneumococcal disease, All ages, Probable","50231",28
,"Pennsylvania","42","2023","2023","Invasive pneumococcal disease, Age <5 years","11722",55
,"Pennsylvania","42","2023","2023","Invasive pneumococcal disease, Age <5 years, Confirmed","50232",51
,"Pennsylvania","42","2023","2023","Invasive pneumococcal disease, Age <5 years, Probable","50233",4
,"Pennsylvania","42","2023","2023","Legionellosis","10490",373
,"Pennsylvania","42","2023","2023","Leptospirosis","10390",4
,"Pennsylvania","42","2023","2023","Listeriosis, Total","10640",48
,"Pennsylvania","42","2023","2023","Listeriosis, Confirmed","10641",45
,"Pennsylvania","42","2023","2023","Listeriosis, Probable","10642",3
,"Pennsylvania","42","2023","2023","Lyme disease, Total","11080",16671
,"Pennsylvania","42","2023","2023","Lyme disease, Confirmed","11081",0
,"Pennsylvania","42","2023","2023","Lyme disease, Probable","11082",16671
,"Pennsylvania","42","2023","2023","Malaria","10130",126
,"Pennsylvania","42","2023","2023","Measles, Total","10140",9
,"Pennsylvania","42","2023","2023","Measles, Indigenous","10500",6
,"Pennsylvania","42","2023","2023","Measles, Imported","10510",3
,"Pennsylvania","42","2023","2023","Melioidosis","11585",0
,"Pennsylvania","42","2023","2023","Meningococcal disease, All serogroups","10150",8
,"Pennsylvania","42","2023","2023","Meningococcal disease, Serogroups ACWY","10151",2
,"Pennsylvania","42","2023","2023","Meningococcal disease, Serogroup B","10152",0
,"Pennsylvania","42","2023","2023","Meningococcal disease, Other serogroups","10153",0
,"Pennsylvania","42","2023","2023","Meningococcal disease, Unknown serogroup","10154",6
,"Pennsylvania","42","2023","2023","Mpox","11801",16
,"Pennsylvania","42","2023","2023","Mumps","10180",8
,"Pennsylvania","42","2023","2023","Novel Influenza A virus infections","11062",0
,"Pennsylvania","42","2023","2023","Paratyphoid fever","50236",0
,"Pennsylvania","42","2023","2023","Pertussis","10190",402
,"Pennsylvania","42","2023","2023","Plague","10440",0
,"Pennsylvania","42","2023","2023","Poliomyelitis, paralytic","10410",0
,"Pennsylvania","42","2023","2023","Poliovirus infection, nonparalytic","10405",0
,"Pennsylvania","42","2023","2023","Psittacosis","10450",0
,"Pennsylvania","42","2023","2023","Q fever, Total","10259",4
,"Pennsylvania","42","2023","2023","Q fever, Acute","10257",4
,"Pennsylvania","42","2023","2023","Q fever, Chronic","10258",0
,"Pennsylvania","42","2023","2023","Rabies, Animal","10340",266
,"Pennsylvania","42","2023","2023","Rabies, Human","10460",0
,"Pennsylvania","42","2023","2023","Rubella","10200",0
,"Pennsylvania","42","2023","2023","Rubella, congenital syndrome","10370",0
,"Pennsylvania","42","2023","2023","Salmonella Paratyphi infection","50266",6
,"Pennsylvania","42","2023","2023","Salmonella Typhi infection","50267",19
,"Pennsylvania","42","2023","2023","Salmonellosis","11000",0
,"Pennsylvania","42","2023","2023","Salmonellosis (excluding paratyphoid fever and typhoid fever)","50242",0
,"Pennsylvania","42","2023","2023","Salmonellosis (excluding S. Typhi infection and S. Paratyphi infection)","50265",1738
,"Pennsylvania","42","2023","2023","Severe acute respiratory syndrome-associated coronavirus disease","10575",Not Reportable
,"Pennsylvania","42","2023","2023","Shiga toxin-producing Escherichia coli (STEC)","11563",457
,"Pennsylvania","42","2023","2023","Shigellosis","11010",494
,"Pennsylvania","42","2023","2023","Smallpox","11800",0
,"Pennsylvania","42","2023","2023","Spotted fever rickettsiosis, Total","10250",12
,"Pennsylvania","42","2023","2023","Spotted fever rickettsiosis, Confirmed","10253",3
,"Pennsylvania","42","2023","2023","Spotted fever rickettsiosis, Probable","10254",9
,"Pennsylvania","42","2023","2023","Streptococcal toxic shock syndrome","11700",2
,"Pennsylvania","42","2023","2023","Syphilis, Total, all stages","10399",4022
,"Pennsylvania","42","2023","2023","Syphilis, Congenital","10316",37
,"Pennsylvania","42","2023","2023","Syphilis, Primary and secondary","10310",1179
,"Pennsylvania","42","2023","2023","Tetanus","10210",1
,"Pennsylvania","42","2023","2023","Toxic shock syndrome (other than Streptococcal)","10520",0
,"Pennsylvania","42","2023","2023","Trichinellosis","10270",0
,"Pennsylvania","42","2023","2023","Tuberculosis","10220",215
,"Pennsylvania","42","2023","2023","Tularemia","10230",2
,"Pennsylvania","42","2023","2023","Typhoid fever","10240",0
,"Pennsylvania","42","2023","2023","Vancomycin-intermediate Staphylococcus aureus","11663",1
,"Pennsylvania","42","2023","2023","Vancomycin-resistant Staphylococcus aureus","11665",0
,"Pennsylvania","42","2023","2023","Varicella morbidity","10030",299
,"Pennsylvania","42","2023","2023","Varicella mortality","10031",0
,"Pennsylvania","42","2023","2023","Vibriosis, Total","11545",92
,"Pennsylvania","42","2023","2023","Vibriosis, Confirmed","50234",26
,"Pennsylvania","42","2023","2023","Vibriosis, Probable","50235",66
,"Pennsylvania","42","2023","2023","Viral hemorrhagic fevers","11647",0
,"Pennsylvania","42","2023","2023","Viral hemorrhagic fevers, Chapare virus","11649",0
,"Pennsylvania","42","2023","2023","Viral hemorrhagic fevers, Crimean-Congo hemorrhagic fever virus","11640",0
,"Pennsylvania","42","2023","2023","Viral hemorrhagic fevers, Ebola virus","11630",0
,"Pennsylvania","42","2023","2023","Viral hemorrhagic fevers, Guanarito virus","11648",0
,"Pennsylvania","42","2023","2023","Viral hemorrhagic fevers, Junin virus","11638",0
,"Pennsylvania","42","2023","2023","Viral hemorrhagic fevers, Lassa virus","11632",0
,"Pennsylvania","42","2023","2023","Viral hemorrhagic fevers, Lujo virus","11644",0
,"Pennsylvania","42","2023","2023","Viral hemorrhagic fevers, Machupo virus","11637",0
,"Pennsylvania","42","2023","2023","Viral hemorrhagic fevers, Marburg virus","11631",0
,"Pennsylvania","42","2023","2023","Viral hemorrhagic fevers, Sabia virus","11639",0
,"Pennsylvania","42","2023","2023","Yellow fever","10660",0
,"Pennsylvania","42","2023","2023","Zika virus, Zika virus disease, congenital","50224",0
,"Pennsylvania","42","2023","2023","Zika virus, Zika virus disease, non-congenital","50223",0
,"Pennsylvania","42","2023","2023","Zika virus, Zika virus infection, congenital","50222",0
,"Pennsylvania","42","2023","2023","Zika virus, Zika virus infection, non-congenital","50221",0
,"Rhode Island","44","2023","2023","Anthrax","10350",0
,"Rhode Island","44","2023","2023","Arboviral diseases, Chikungunya virus disease","10073",1
,"Rhode Island","44","2023","2023","Arboviral diseases, Eastern equine encephalitis virus disease, Neuroinvasive","10053",0
,"Rhode Island","44","2023","2023","Arboviral diseases, Eastern equine encephalitis virus disease, Non-neuroinvasive","10062",0
,"Rhode Island","44","2023","2023","Arboviral diseases, Jamestown Canyon  virus disease, Neuroinvasive","10078",0
,"Rhode Island","44","2023","2023","Arboviral diseases, Jamestown Canyon  virus disease, Non-neuroinvasive","10079",0
,"Rhode Island","44","2023","2023","Arboviral diseases, La Crosse  virus disease, Neuroinvasive","10081",0
,"Rhode Island","44","2023","2023","Arboviral diseases, La Crosse  virus disease, Non-neuroinvasive","10082",0
,"Rhode Island","44","2023","2023","Arboviral diseases, Powassan virus disease, Neuroinvasive","10057",1
,"Rhode Island","44","2023","2023","Arboviral diseases, Powassan virus disease, Non-neuroinvasive","10063",0
,"Rhode Island","44","2023","2023","Arboviral diseases, St. Louis encephalitis virus disease, Neuroinvasive","10051",0
,"Rhode Island","44","2023","2023","Arboviral diseases, St. Louis encephalitis virus disease, Non-neuroinvasive","10064",0
,"Rhode Island","44","2023","2023","Arboviral diseases, West Nile virus disease, Neuroinvasive","10056",1
,"Rhode Island","44","2023","2023","Arboviral diseases, West Nile virus disease, Non-neuroinvasive","10049",0
,"Rhode Island","44","2023","2023","Arboviral diseases, Western equine encephalitis virus disease, Neuroinvasive","10052",0
,"Rhode Island","44","2023","2023","Arboviral diseases, Western equine encephalitis virus disease, Non-neuroinvasive","10065",0
,"Rhode Island","44","2023","2023","Babesiosis, Total","12010",242
,"Rhode Island","44","2023","2023","Babesiosis, Confirmed","12011",231
,"Rhode Island","44","2023","2023","Babesiosis, Probable","12012",11
,"Rhode Island","44","2023","2023","Botulism, Total","10360",0
,"Rhode Island","44","2023","2023","Botulism, Foodborne","10530",0
,"Rhode Island","44","2023","2023","Botulism, Infant","10540",0
,"Rhode Island","44","2023","2023","Botulism, Other (wound & unspecified)","10550",0
,"Rhode Island","44","2023","2023","Brucellosis","10020",1
,"Rhode Island","44","2023","2023","Campylobacteriosis","11020",275
,"Rhode Island","44","2023","2023","Candida auris, clinical","50263",0
,"Rhode Island","44","2023","2023","Candida auris, screening","50264",0
,"Rhode Island","44","2023","2023","Carbapenemase-producing carbapenem-resistant Enterobacteriaceae","50244",0
,"Rhode Island","44","2023","2023","Carbapenemase-Producing Organisms (CPO),Total","50272",39
,"Rhode Island","44","2023","2023","Chancroid","10273",0
,"Rhode Island","44","2023","2023","Chlamydia trachomatis infection","10274",5265
,"Rhode Island","44","2023","2023","Cholera","10470",0
,"Rhode Island","44","2023","2023","Coccidioidomycosis","11900",2
,"Rhode Island","44","2023","2023","Coccidioidomycosis, confirmed","11901",1
,"Rhode Island","44","2023","2023","Coccidioidomycosis, probable","11902",1
,"Rhode Island","44","2023","2023","Coronavirus Disease 2019 (COVID-19), Total","11065",32821
,"Rhode Island","44","2023","2023","Coronavirus Disease 2019 (COVID-19), Confirmed","11067",16488
,"Rhode Island","44","2023","2023","Coronavirus Disease 2019 (COVID-19), Probable","11068",16333
,"Rhode Island","44","2023","2023","Cryptosporidiosis, Total","11580",61
,"Rhode Island","44","2023","2023","Cryptosporidiosis, Confirmed","11582",58
,"Rhode Island","44","2023","2023","Cryptosporidiosis, Probable","11583",3
,"Rhode Island","44","2023","2023","Cyclosporiasis","11575",6
,"Rhode Island","44","2023","2023","Dengue virus infections, Dengue","10680",12
,"Rhode Island","44","2023","2023","Dengue virus infections, Dengue-like illness","11704",0
,"Rhode Island","44","2023","2023","Dengue virus infections, Severe dengue","11705",1
,"Rhode Island","44","2023","2023","Diphtheria","10040",0
,"Rhode Island","44","2023","2023","Ehrlichiosis and Anaplasmosis, Anaplasma phagocytophilum infection","11090",84
,"Rhode Island","44","2023","2023","Ehrlichiosis and Anaplasmosis, Ehrlichia chaffeensis infection","11088",6
,"Rhode Island","44","2023","2023","Ehrlichiosis and Anaplasmosis, Ehrlichia ewingii infection","11089",0
,"Rhode Island","44","2023","2023","Ehrlichiosis and Anaplasmosis, Undetermined ehrlichiosis/anaplasmosis","11091",0
,"Rhode Island","44","2023","2023","Giardiasis","11570",65
,"Rhode Island","44","2023","2023","Gonorrhea","10280",1665
,"Rhode Island","44","2023","2023","Haemophilus influenzae, invasive disease, All ages, all serotypes","10590",22
,"Rhode Island","44","2023","2023","Haemophilus influenzae, invasive disease, Age <5 years, Serotype b","10591",0
,"Rhode Island","44","2023","2023","Haemophilus influenzae, invasive disease, Age <5 years, Non-b serotype","10593",0
,"Rhode Island","44","2023","2023","Haemophilus influenzae, invasive disease, Age <5 years, Nontypeable","10592",0
,"Rhode Island","44","2023","2023","Haemophilus influenzae, invasive disease, Age <5 years, Unknown serotype","10597",0
,"Rhode Island","44","2023","2023","Hansen's disease","10380",0
,"Rhode Island","44","2023","2023","Hantavirus infection, non-hantavirus pulmonary syndrome","11610",0
,"Rhode Island","44","2023","2023","Hantavirus pulmonary syndrome","11590",0
,"Rhode Island","44","2023","2023","Hemolytic uremic syndrome post-diarrheal","11550",1
,"Rhode Island","44","2023","2023","Hepatitis, A","10110",4
,"Rhode Island","44","2023","2023","Hepatitis, B, acute","10100",5
,"Rhode Island","44","2023","2023","Hepatitis, B, perinatal infection","10104",1
,"Rhode Island","44","2023","2023","Hepatitis, C, acute","10101",23
,"Rhode Island","44","2023","2023","Hepatitis, C, acute, Confirmed","50228",23
,"Rhode Island","44","2023","2023","Hepatitis, C, acute, Probable","50229",0
,"Rhode Island","44","2023","2023","Hepatitis, C, perinatal infection","50248",0
,"Rhode Island","44","2023","2023","Human immunodeficiency virus diagnoses","10560",66
,"Rhode Island","44","2023","2023","Influenza-associated pediatric mortality","11061",1
,"Rhode Island","44","2023","2023","Invasive pneumococcal disease, All ages","11723",83
,"Rhode Island","44","2023","2023","Invasive pneumococcal disease, All ages, Confirmed","50230",83
,"Rhode Island","44","2023","2023","Invasive pneumococcal disease, All ages, Probable","50231",0
,"Rhode Island","44","2023","2023","Invasive pneumococcal disease, Age <5 years","11722",1
,"Rhode Island","44","2023","2023","Invasive pneumococcal disease, Age <5 years, Confirmed","50232",1
,"Rhode Island","44","2023","2023","Invasive pneumococcal disease, Age <5 years, Probable","50233",0
,"Rhode Island","44","2023","2023","Legionellosis","10490",55
,"Rhode Island","44","2023","2023","Leptospirosis","10390",1
,"Rhode Island","44","2023","2023","Listeriosis, Total","10640",5
,"Rhode Island","44","2023","2023","Listeriosis, Confirmed","10641",5
,"Rhode Island","44","2023","2023","Listeriosis, Probable","10642",0
,"Rhode Island","44","2023","2023","Lyme disease, Total","11080",2852
,"Rhode Island","44","2023","2023","Lyme disease, Confirmed","11081",0
,"Rhode Island","44","2023","2023","Lyme disease, Probable","11082",2852
,"Rhode Island","44","2023","2023","Malaria","10130",13
,"Rhode Island","44","2023","2023","Measles, Total","10140",0
,"Rhode Island","44","2023","2023","Measles, Indigenous","10500",0
,"Rhode Island","44","2023","2023","Measles, Imported","10510",0
,"Rhode Island","44","2023","2023","Melioidosis","11585",0
,"Rhode Island","44","2023","2023","Meningococcal disease, All serogroups","10150",2
,"Rhode Island","44","2023","2023","Meningococcal disease, Serogroups ACWY","10151",2
,"Rhode Island","44","2023","2023","Meningococcal disease, Serogroup B","10152",0
,"Rhode Island","44","2023","2023","Meningococcal disease, Other serogroups","10153",0
,"Rhode Island","44","2023","2023","Meningococcal disease, Unknown serogroup","10154",0
,"Rhode Island","44","2023","2023","Mpox","11801",4
,"Rhode Island","44","2023","2023","Mumps","10180",4
,"Rhode Island","44","2023","2023","Novel Influenza A virus infections","11062",0
,"Rhode Island","44","2023","2023","Paratyphoid fever","50236",0
,"Rhode Island","44","2023","2023","Pertussis","10190",3
,"Rhode Island","44","2023","2023","Plague","10440",0
,"Rhode Island","44","2023","2023","Poliomyelitis, paralytic","10410",0
,"Rhode Island","44","2023","2023","Poliovirus infection, nonparalytic","10405",0
,"Rhode Island","44","2023","2023","Psittacosis","10450",0
,"Rhode Island","44","2023","2023","Q fever, Total","10259",0
,"Rhode Island","44","2023","2023","Q fever, Acute","10257",0
,"Rhode Island","44","2023","2023","Q fever, Chronic","10258",0
,"Rhode Island","44","2023","2023","Rabies, Animal","10340",20
,"Rhode Island","44","2023","2023","Rabies, Human","10460",0
,"Rhode Island","44","2023","2023","Rubella","10200",0
,"Rhode Island","44","2023","2023","Rubella, congenital syndrome","10370",0
,"Rhode Island","44","2023","2023","Salmonella Paratyphi infection","50266",0
,"Rhode Island","44","2023","2023","Salmonella Typhi infection","50267",2
,"Rhode Island","44","2023","2023","Salmonellosis","11000",0
,"Rhode Island","44","2023","2023","Salmonellosis (excluding paratyphoid fever and typhoid fever)","50242",0
,"Rhode Island","44","2023","2023","Salmonellosis (excluding S. Typhi infection and S. Paratyphi infection)","50265",184
,"Rhode Island","44","2023","2023","Severe acute respiratory syndrome-associated coronavirus disease","10575",0
,"Rhode Island","44","2023","2023","Shiga toxin-producing Escherichia coli (STEC)","11563",56
,"Rhode Island","44","2023","2023","Shigellosis","11010",97
,"Rhode Island","44","2023","2023","Smallpox","11800",0
,"Rhode Island","44","2023","2023","Spotted fever rickettsiosis, Total","10250",0
,"Rhode Island","44","2023","2023","Spotted fever rickettsiosis, Confirmed","10253",0
,"Rhode Island","44","2023","2023","Spotted fever rickettsiosis, Probable","10254",0
,"Rhode Island","44","2023","2023","Streptococcal toxic shock syndrome","11700",2
,"Rhode Island","44","2023","2023","Syphilis, Total, all stages","10399",450
,"Rhode Island","44","2023","2023","Syphilis, Congenital","10316",2
,"Rhode Island","44","2023","2023","Syphilis, Primary and secondary","10310",90
,"Rhode Island","44","2023","2023","Tetanus","10210",0
,"Rhode Island","44","2023","2023","Toxic shock syndrome (other than Streptococcal)","10520",0
,"Rhode Island","44","2023","2023","Trichinellosis","10270",0
,"Rhode Island","44","2023","2023","Tuberculosis","10220",27
,"Rhode Island","44","2023","2023","Tularemia","10230",1
,"Rhode Island","44","2023","2023","Typhoid fever","10240",0
,"Rhode Island","44","2023","2023","Vancomycin-intermediate Staphylococcus aureus","11663",0
,"Rhode Island","44","2023","2023","Vancomycin-resistant Staphylococcus aureus","11665",0
,"Rhode Island","44","2023","2023","Varicella morbidity","10030",34
,"Rhode Island","44","2023","2023","Varicella mortality","10031",0
,"Rhode Island","44","2023","2023","Vibriosis, Total","11545",24
,"Rhode Island","44","2023","2023","Vibriosis, Confirmed","50234",18
,"Rhode Island","44","2023","2023","Vibriosis, Probable","50235",6
,"Rhode Island","44","2023","2023","Viral hemorrhagic fevers","11647",0
,"Rhode Island","44","2023","2023","Viral hemorrhagic fevers, Chapare virus","11649",0
,"Rhode Island","44","2023","2023","Viral hemorrhagic fevers, Crimean-Congo hemorrhagic fever virus","11640",0
,"Rhode Island","44","2023","2023","Viral hemorrhagic fevers, Ebola virus","11630",0
,"Rhode Island","44","2023","2023","Viral hemorrhagic fevers, Guanarito virus","11648",0
,"Rhode Island","44","2023","2023","Viral hemorrhagic fevers, Junin virus","11638",0
,"Rhode Island","44","2023","2023","Viral hemorrhagic fevers, Lassa virus","11632",0
,"Rhode Island","44","2023","2023","Viral hemorrhagic fevers, Lujo virus","11644",0
,"Rhode Island","44","2023","2023","Viral hemorrhagic fevers, Machupo virus","11637",0
,"Rhode Island","44","2023","2023","Viral hemorrhagic fevers, Marburg virus","11631",0
,"Rhode Island","44","2023","2023","Viral hemorrhagic fevers, Sabia virus","11639",0
,"Rhode Island","44","2023","2023","Yellow fever","10660",0
,"Rhode Island","44","2023","2023","Zika virus, Zika virus disease, congenital","50224",0
,"Rhode Island","44","2023","2023","Zika virus, Zika virus disease, non-congenital","50223",0
,"Rhode Island","44","2023","2023","Zika virus, Zika virus infection, congenital","50222",0
,"Rhode Island","44","2023","2023","Zika virus, Zika virus infection, non-congenital","50221",0
,"South Carolina","45","2023","2023","Anthrax","10350",0
,"South Carolina","45","2023","2023","Arboviral diseases, Chikungunya virus disease","10073",1
,"South Carolina","45","2023","2023","Arboviral diseases, Eastern equine encephalitis virus disease, Neuroinvasive","10053",0
,"South Carolina","45","2023","2023","Arboviral diseases, Eastern equine encephalitis virus disease, Non-neuroinvasive","10062",0
,"South Carolina","45","2023","2023","Arboviral diseases, Jamestown Canyon  virus disease, Neuroinvasive","10078",0
,"South Carolina","45","2023","2023","Arboviral diseases, Jamestown Canyon  virus disease, Non-neuroinvasive","10079",0
,"South Carolina","45","2023","2023","Arboviral diseases, La Crosse  virus disease, Neuroinvasive","10081",1
,"South Carolina","45","2023","2023","Arboviral diseases, La Crosse  virus disease, Non-neuroinvasive","10082",0
,"South Carolina","45","2023","2023","Arboviral diseases, Powassan virus disease, Neuroinvasive","10057",0
,"South Carolina","45","2023","2023","Arboviral diseases, Powassan virus disease, Non-neuroinvasive","10063",0
,"South Carolina","45","2023","2023","Arboviral diseases, St. Louis encephalitis virus disease, Neuroinvasive","10051",1
,"South Carolina","45","2023","2023","Arboviral diseases, St. Louis encephalitis virus disease, Non-neuroinvasive","10064",0
,"South Carolina","45","2023","2023","Arboviral diseases, West Nile virus disease, Neuroinvasive","10056",9
,"South Carolina","45","2023","2023","Arboviral diseases, West Nile virus disease, Non-neuroinvasive","10049",4
,"South Carolina","45","2023","2023","Arboviral diseases, Western equine encephalitis virus disease, Neuroinvasive","10052",0
,"South Carolina","45","2023","2023","Arboviral diseases, Western equine encephalitis virus disease, Non-neuroinvasive","10065",0
,"South Carolina","45","2023","2023","Babesiosis, Total","12010",2
,"South Carolina","45","2023","2023","Babesiosis, Confirmed","12011",1
,"South Carolina","45","2023","2023","Babesiosis, Probable","12012",1
,"South Carolina","45","2023","2023","Botulism, Total","10360",0
,"South Carolina","45","2023","2023","Botulism, Foodborne","10530",0
,"South Carolina","45","2023","2023","Botulism, Infant","10540",0
,"South Carolina","45","2023","2023","Botulism, Other (wound & unspecified)","10550",0
,"South Carolina","45","2023","2023","Brucellosis","10020",2
,"South Carolina","45","2023","2023","Campylobacteriosis","11020",814
,"South Carolina","45","2023","2023","Candida auris, clinical","50263",0
,"South Carolina","45","2023","2023","Candida auris, screening","50264",0
,"South Carolina","45","2023","2023","Carbapenemase-producing carbapenem-resistant Enterobacteriaceae","50244",0
,"South Carolina","45","2023","2023","Carbapenemase-Producing Organisms (CPO),Total","50272",0
,"South Carolina","45","2023","2023","Chancroid","10273",0
,"South Carolina","45","2023","2023","Chlamydia trachomatis infection","10274",32889
,"South Carolina","45","2023","2023","Cholera","10470",1
,"South Carolina","45","2023","2023","Coccidioidomycosis","11900",Not Reportable
,"South Carolina","45","2023","2023","Coccidioidomycosis, confirmed","11901",Not Reportable
,"South Carolina","45","2023","2023","Coccidioidomycosis, probable","11902",Not Reportable
,"South Carolina","45","2023","2023","Coronavirus Disease 2019 (COVID-19), Total","11065",181823
,"South Carolina","45","2023","2023","Coronavirus Disease 2019 (COVID-19), Confirmed","11067",119113
,"South Carolina","45","2023","2023","Coronavirus Disease 2019 (COVID-19), Probable","11068",62710
,"South Carolina","45","2023","2023","Cryptosporidiosis, Total","11580",177
,"South Carolina","45","2023","2023","Cryptosporidiosis, Confirmed","11582",142
,"South Carolina","45","2023","2023","Cryptosporidiosis, Probable","11583",35
,"South Carolina","45","2023","2023","Cyclosporiasis","11575",38
,"South Carolina","45","2023","2023","Dengue virus infections, Dengue","10680",3
,"South Carolina","45","2023","2023","Dengue virus infections, Dengue-like illness","11704",0
,"South Carolina","45","2023","2023","Dengue virus infections, Severe dengue","11705",0
,"South Carolina","45","2023","2023","Diphtheria","10040",1
,"South Carolina","45","2023","2023","Ehrlichiosis and Anaplasmosis, Anaplasma phagocytophilum infection","11090",0
,"South Carolina","45","2023","2023","Ehrlichiosis and Anaplasmosis, Ehrlichia chaffeensis infection","11088",0
,"South Carolina","45","2023","2023","Ehrlichiosis and Anaplasmosis, Ehrlichia ewingii infection","11089",0
,"South Carolina","45","2023","2023","Ehrlichiosis and Anaplasmosis, Undetermined ehrlichiosis/anaplasmosis","11091",7
,"South Carolina","45","2023","2023","Giardiasis","11570",164
,"South Carolina","45","2023","2023","Gonorrhea","10280",11950
,"South Carolina","45","2023","2023","Haemophilus influenzae, invasive disease, All ages, all serotypes","10590",139
,"South Carolina","45","2023","2023","Haemophilus influenzae, invasive disease, Age <5 years, Serotype b","10591",0
,"South Carolina","45","2023","2023","Haemophilus influenzae, invasive disease, Age <5 years, Non-b serotype","10593",0
,"South Carolina","45","2023","2023","Haemophilus influenzae, invasive disease, Age <5 years, Nontypeable","10592",0
,"South Carolina","45","2023","2023","Haemophilus influenzae, invasive disease, Age <5 years, Unknown serotype","10597",10
,"South Carolina","45","2023","2023","Hansen's disease","10380",0
,"South Carolina","45","2023","2023","Hantavirus infection, non-hantavirus pulmonary syndrome","11610",0
,"South Carolina","45","2023","2023","Hantavirus pulmonary syndrome","11590",0
,"South Carolina","45","2023","2023","Hemolytic uremic syndrome post-diarrheal","11550",0
,"South Carolina","45","2023","2023","Hepatitis, A","10110",10
,"South Carolina","45","2023","2023","Hepatitis, B, acute","10100",61
,"South Carolina","45","2023","2023","Hepatitis, B, perinatal infection","10104",0
,"South Carolina","45","2023","2023","Hepatitis, C, acute","10101",25
,"South Carolina","45","2023","2023","Hepatitis, C, acute, Confirmed","50228",25
,"South Carolina","45","2023","2023","Hepatitis, C, acute, Probable","50229",0
,"South Carolina","45","2023","2023","Hepatitis, C, perinatal infection","50248",7
,"South Carolina","45","2023","2023","Human immunodeficiency virus diagnoses","10560",838
,"South Carolina","45","2023","2023","Influenza-associated pediatric mortality","11061",4
,"South Carolina","45","2023","2023","Invasive pneumococcal disease, All ages","11723",555
,"South Carolina","45","2023","2023","Invasive pneumococcal disease, All ages, Confirmed","50230",544
,"South Carolina","45","2023","2023","Invasive pneumococcal disease, All ages, Probable","50231",11
,"South Carolina","45","2023","2023","Invasive pneumococcal disease, Age <5 years","11722",29
,"South Carolina","45","2023","2023","Invasive pneumococcal disease, Age <5 years, Confirmed","50232",29
,"South Carolina","45","2023","2023","Invasive pneumococcal disease, Age <5 years, Probable","50233",0
,"South Carolina","45","2023","2023","Legionellosis","10490",152
,"South Carolina","45","2023","2023","Leptospirosis","10390",0
,"South Carolina","45","2023","2023","Listeriosis, Total","10640",18
,"South Carolina","45","2023","2023","Listeriosis, Confirmed","10641",16
,"South Carolina","45","2023","2023","Listeriosis, Probable","10642",2
,"South Carolina","45","2023","2023","Lyme disease, Total","11080",55
,"South Carolina","45","2023","2023","Lyme disease, Confirmed","11081",43
,"South Carolina","45","2023","2023","Lyme disease, Probable","11082",12
,"South Carolina","45","2023","2023","Malaria","10130",11
,"South Carolina","45","2023","2023","Measles, Total","10140",0
,"South Carolina","45","2023","2023","Measles, Indigenous","10500",0
,"South Carolina","45","2023","2023","Measles, Imported","10510",0
,"South Carolina","45","2023","2023","Melioidosis","11585",0
,"South Carolina","45","2023","2023","Meningococcal disease, All serogroups","10150",11
,"South Carolina","45","2023","2023","Meningococcal disease, Serogroups ACWY","10151",0
,"South Carolina","45","2023","2023","Meningococcal disease, Serogroup B","10152",0
,"South Carolina","45","2023","2023","Meningococcal disease, Other serogroups","10153",0
,"South Carolina","45","2023","2023","Meningococcal disease, Unknown serogroup","10154",11
,"South Carolina","45","2023","2023","Mpox","11801",7
,"South Carolina","45","2023","2023","Mumps","10180",5
,"South Carolina","45","2023","2023","Novel Influenza A virus infections","11062",0
,"South Carolina","45","2023","2023","Paratyphoid fever","50236",0
,"South Carolina","45","2023","2023","Pertussis","10190",77
,"South Carolina","45","2023","2023","Plague","10440",0
,"South Carolina","45","2023","2023","Poliomyelitis, paralytic","10410",0
,"South Carolina","45","2023","2023","Poliovirus infection, nonparalytic","10405",0
,"South Carolina","45","2023","2023","Psittacosis","10450",0
,"South Carolina","45","2023","2023","Q fever, Total","10259",2
,"South Carolina","45","2023","2023","Q fever, Acute","10257",0
,"South Carolina","45","2023","2023","Q fever, Chronic","10258",2
,"South Carolina","45","2023","2023","Rabies, Animal","10340",78
,"South Carolina","45","2023","2023","Rabies, Human","10460",0
,"South Carolina","45","2023","2023","Rubella","10200",0
,"South Carolina","45","2023","2023","Rubella, congenital syndrome","10370",0
,"South Carolina","45","2023","2023","Salmonella Paratyphi infection","50266",0
,"South Carolina","45","2023","2023","Salmonella Typhi infection","50267",1
,"South Carolina","45","2023","2023","Salmonellosis","11000",0
,"South Carolina","45","2023","2023","Salmonellosis (excluding paratyphoid fever and typhoid fever)","50242",0
,"South Carolina","45","2023","2023","Salmonellosis (excluding S. Typhi infection and S. Paratyphi infection)","50265",1473
,"South Carolina","45","2023","2023","Severe acute respiratory syndrome-associated coronavirus disease","10575",0
,"South Carolina","45","2023","2023","Shiga toxin-producing Escherichia coli (STEC)","11563",140
,"South Carolina","45","2023","2023","Shigellosis","11010",147
,"South Carolina","45","2023","2023","Smallpox","11800",0
,"South Carolina","45","2023","2023","Spotted fever rickettsiosis, Total","10250",12
,"South Carolina","45","2023","2023","Spotted fever rickettsiosis, Confirmed","10253",0
,"South Carolina","45","2023","2023","Spotted fever rickettsiosis, Probable","10254",12
,"South Carolina","45","2023","2023","Streptococcal toxic shock syndrome","11700",21
,"South Carolina","45","2023","2023","Syphilis, Total, all stages","10399",2593
,"South Carolina","45","2023","2023","Syphilis, Congenital","10316",30
,"South Carolina","45","2023","2023","Syphilis, Primary and secondary","10310",927
,"South Carolina","45","2023","2023","Tetanus","10210",0
,"South Carolina","45","2023","2023","Toxic shock syndrome (other than Streptococcal)","10520",1
,"South Carolina","45","2023","2023","Trichinellosis","10270",0
,"South Carolina","45","2023","2023","Tuberculosis","10220",90
,"South Carolina","45","2023","2023","Tularemia","10230",0
,"South Carolina","45","2023","2023","Typhoid fever","10240",0
,"South Carolina","45","2023","2023","Vancomycin-intermediate Staphylococcus aureus","11663",0
,"South Carolina","45","2023","2023","Vancomycin-resistant Staphylococcus aureus","11665",0
,"South Carolina","45","2023","2023","Varicella morbidity","10030",168
,"South Carolina","45","2023","2023","Varicella mortality","10031",0
,"South Carolina","45","2023","2023","Vibriosis, Total","11545",50
,"South Carolina","45","2023","2023","Vibriosis, Confirmed","50234",32
,"South Carolina","45","2023","2023","Vibriosis, Probable","50235",18
,"South Carolina","45","2023","2023","Viral hemorrhagic fevers","11647",0
,"South Carolina","45","2023","2023","Viral hemorrhagic fevers, Chapare virus","11649",0
,"South Carolina","45","2023","2023","Viral hemorrhagic fevers, Crimean-Congo hemorrhagic fever virus","11640",0
,"South Carolina","45","2023","2023","Viral hemorrhagic fevers, Ebola virus","11630",0
,"South Carolina","45","2023","2023","Viral hemorrhagic fevers, Guanarito virus","11648",0
,"South Carolina","45","2023","2023","Viral hemorrhagic fevers, Junin virus","11638",0
,"South Carolina","45","2023","2023","Viral hemorrhagic fevers, Lassa virus","11632",0
,"South Carolina","45","2023","2023","Viral hemorrhagic fevers, Lujo virus","11644",0
,"South Carolina","45","2023","2023","Viral hemorrhagic fevers, Machupo virus","11637",0
,"South Carolina","45","2023","2023","Viral hemorrhagic fevers, Marburg virus","11631",0
,"South Carolina","45","2023","2023","Viral hemorrhagic fevers, Sabia virus","11639",0
,"South Carolina","45","2023","2023","Yellow fever","10660",0
,"South Carolina","45","2023","2023","Zika virus, Zika virus disease, congenital","50224",0
,"South Carolina","45","2023","2023","Zika virus, Zika virus disease, non-congenital","50223",0
,"South Carolina","45","2023","2023","Zika virus, Zika virus infection, congenital","50222",0
,"South Carolina","45","2023","2023","Zika virus, Zika virus infection, non-congenital","50221",0
,"South Dakota","46","2023","2023","Anthrax","10350",0
,"South Dakota","46","2023","2023","Arboviral diseases, Chikungunya virus disease","10073",0
,"South Dakota","46","2023","2023","Arboviral diseases, Eastern equine encephalitis virus disease, Neuroinvasive","10053",0
,"South Dakota","46","2023","2023","Arboviral diseases, Eastern equine encephalitis virus disease, Non-neuroinvasive","10062",0
,"South Dakota","46","2023","2023","Arboviral diseases, Jamestown Canyon  virus disease, Neuroinvasive","10078",0
,"South Dakota","46","2023","2023","Arboviral diseases, Jamestown Canyon  virus disease, Non-neuroinvasive","10079",0
,"South Dakota","46","2023","2023","Arboviral diseases, La Crosse  virus disease, Neuroinvasive","10081",0
,"South Dakota","46","2023","2023","Arboviral diseases, La Crosse  virus disease, Non-neuroinvasive","10082",0
,"South Dakota","46","2023","2023","Arboviral diseases, Powassan virus disease, Neuroinvasive","10057",0
,"South Dakota","46","2023","2023","Arboviral diseases, Powassan virus disease, Non-neuroinvasive","10063",0
,"South Dakota","46","2023","2023","Arboviral diseases, St. Louis encephalitis virus disease, Neuroinvasive","10051",0
,"South Dakota","46","2023","2023","Arboviral diseases, St. Louis encephalitis virus disease, Non-neuroinvasive","10064",0
,"South Dakota","46","2023","2023","Arboviral diseases, West Nile virus disease, Neuroinvasive","10056",46
,"South Dakota","46","2023","2023","Arboviral diseases, West Nile virus disease, Non-neuroinvasive","10049",48
,"South Dakota","46","2023","2023","Arboviral diseases, Western equine encephalitis virus disease, Neuroinvasive","10052",0
,"South Dakota","46","2023","2023","Arboviral diseases, Western equine encephalitis virus disease, Non-neuroinvasive","10065",0
,"South Dakota","46","2023","2023","Babesiosis, Total","12010",1
,"South Dakota","46","2023","2023","Babesiosis, Confirmed","12011",0
,"South Dakota","46","2023","2023","Babesiosis, Probable","12012",1
,"South Dakota","46","2023","2023","Botulism, Total","10360",0
,"South Dakota","46","2023","2023","Botulism, Foodborne","10530",0
,"South Dakota","46","2023","2023","Botulism, Infant","10540",0
,"South Dakota","46","2023","2023","Botulism, Other (wound & unspecified)","10550",0
,"South Dakota","46","2023","2023","Brucellosis","10020",0
,"South Dakota","46","2023","2023","Campylobacteriosis","11020",455
,"South Dakota","46","2023","2023","Candida auris, clinical","50263",0
,"South Dakota","46","2023","2023","Candida auris, screening","50264",0
,"South Dakota","46","2023","2023","Carbapenemase-producing carbapenem-resistant Enterobacteriaceae","50244",0
,"South Dakota","46","2023","2023","Carbapenemase-Producing Organisms (CPO),Total","50272",6
,"South Dakota","46","2023","2023","Chancroid","10273",0
,"South Dakota","46","2023","2023","Chlamydia trachomatis infection","10274",4887
,"South Dakota","46","2023","2023","Cholera","10470",0
,"South Dakota","46","2023","2023","Coccidioidomycosis","11900",7
,"South Dakota","46","2023","2023","Coccidioidomycosis, confirmed","11901",7
,"South Dakota","46","2023","2023","Coccidioidomycosis, probable","11902",0
,"South Dakota","46","2023","2023","Coronavirus Disease 2019 (COVID-19), Total","11065",25742
,"South Dakota","46","2023","2023","Coronavirus Disease 2019 (COVID-19), Confirmed","11067",19953
,"South Dakota","46","2023","2023","Coronavirus Disease 2019 (COVID-19), Probable","11068",5789
,"South Dakota","46","2023","2023","Cryptosporidiosis, Total","11580",161
,"South Dakota","46","2023","2023","Cryptosporidiosis, Confirmed","11582",48
,"South Dakota","46","2023","2023","Cryptosporidiosis, Probable","11583",113
,"South Dakota","46","2023","2023","Cyclosporiasis","11575",5
,"South Dakota","46","2023","2023","Dengue virus infections, Dengue","10680",4
,"South Dakota","46","2023","2023","Dengue virus infections, Dengue-like illness","11704",0
,"South Dakota","46","2023","2023","Dengue virus infections, Severe dengue","11705",0
,"South Dakota","46","2023","2023","Diphtheria","10040",0
,"South Dakota","46","2023","2023","Ehrlichiosis and Anaplasmosis, Anaplasma phagocytophilum infection","11090",1
,"South Dakota","46","2023","2023","Ehrlichiosis and Anaplasmosis, Ehrlichia chaffeensis infection","11088",4
,"South Dakota","46","2023","2023","Ehrlichiosis and Anaplasmosis, Ehrlichia ewingii infection","11089",0
,"South Dakota","46","2023","2023","Ehrlichiosis and Anaplasmosis, Undetermined ehrlichiosis/anaplasmosis","11091",0
,"South Dakota","46","2023","2023","Giardiasis","11570",79
,"South Dakota","46","2023","2023","Gonorrhea","10280",2329
,"South Dakota","46","2023","2023","Haemophilus influenzae, invasive disease, All ages, all serotypes","10590",27
,"South Dakota","46","2023","2023","Haemophilus influenzae, invasive disease, Age <5 years, Serotype b","10591",0
,"South Dakota","46","2023","2023","Haemophilus influenzae, invasive disease, Age <5 years, Non-b serotype","10593",2
,"South Dakota","46","2023","2023","Haemophilus influenzae, invasive disease, Age <5 years, Nontypeable","10592",0
,"South Dakota","46","2023","2023","Haemophilus influenzae, invasive disease, Age <5 years, Unknown serotype","10597",0
,"South Dakota","46","2023","2023","Hansen's disease","10380",0
,"South Dakota","46","2023","2023","Hantavirus infection, non-hantavirus pulmonary syndrome","11610",0
,"South Dakota","46","2023","2023","Hantavirus pulmonary syndrome","11590",0
,"South Dakota","46","2023","2023","Hemolytic uremic syndrome post-diarrheal","11550",7
,"South Dakota","46","2023","2023","Hepatitis, A","10110",4
,"South Dakota","46","2023","2023","Hepatitis, B, acute","10100",3
,"South Dakota","46","2023","2023","Hepatitis, B, perinatal infection","10104",0
,"South Dakota","46","2023","2023","Hepatitis, C, acute","10101",10
,"South Dakota","46","2023","2023","Hepatitis, C, acute, Confirmed","50228",10
,"South Dakota","46","2023","2023","Hepatitis, C, acute, Probable","50229",0
,"South Dakota","46","2023","2023","Hepatitis, C, perinatal infection","50248",0
,"South Dakota","46","2023","2023","Human immunodeficiency virus diagnoses","10560",52
,"South Dakota","46","2023","2023","Influenza-associated pediatric mortality","11061",2
,"South Dakota","46","2023","2023","Invasive pneumococcal disease, All ages","11723",121
,"South Dakota","46","2023","2023","Invasive pneumococcal disease, All ages, Confirmed","50230",120
,"South Dakota","46","2023","2023","Invasive pneumococcal disease, All ages, Probable","50231",1
,"South Dakota","46","2023","2023","Invasive pneumococcal disease, Age <5 years","11722",7
,"South Dakota","46","2023","2023","Invasive pneumococcal disease, Age <5 years, Confirmed","50232",7
,"South Dakota","46","2023","2023","Invasive pneumococcal disease, Age <5 years, Probable","50233",0
,"South Dakota","46","2023","2023","Legionellosis","10490",17
,"South Dakota","46","2023","2023","Leptospirosis","10390",0
,"South Dakota","46","2023","2023","Listeriosis, Total","10640",2
,"South Dakota","46","2023","2023","Listeriosis, Confirmed","10641",2
,"South Dakota","46","2023","2023","Listeriosis, Probable","10642",0
,"South Dakota","46","2023","2023","Lyme disease, Total","11080",7
,"South Dakota","46","2023","2023","Lyme disease, Confirmed","11081",5
,"South Dakota","46","2023","2023","Lyme disease, Probable","11082",2
,"South Dakota","46","2023","2023","Malaria","10130",4
,"South Dakota","46","2023","2023","Measles, Total","10140",0
,"South Dakota","46","2023","2023","Measles, Indigenous","10500",0
,"South Dakota","46","2023","2023","Measles, Imported","10510",0
,"South Dakota","46","2023","2023","Melioidosis","11585",0
,"South Dakota","46","2023","2023","Meningococcal disease, All serogroups","10150",0
,"South Dakota","46","2023","2023","Meningococcal disease, Serogroups ACWY","10151",0
,"South Dakota","46","2023","2023","Meningococcal disease, Serogroup B","10152",0
,"South Dakota","46","2023","2023","Meningococcal disease, Other serogroups","10153",0
,"South Dakota","46","2023","2023","Meningococcal disease, Unknown serogroup","10154",0
,"South Dakota","46","2023","2023","Mpox","11801",0
,"South Dakota","46","2023","2023","Mumps","10180",0
,"South Dakota","46","2023","2023","Novel Influenza A virus infections","11062",0
,"South Dakota","46","2023","2023","Paratyphoid fever","50236",0
,"South Dakota","46","2023","2023","Pertussis","10190",51
,"South Dakota","46","2023","2023","Plague","10440",0
,"South Dakota","46","2023","2023","Poliomyelitis, paralytic","10410",0
,"South Dakota","46","2023","2023","Poliovirus infection, nonparalytic","10405",0
,"South Dakota","46","2023","2023","Psittacosis","10450",0
,"South Dakota","46","2023","2023","Q fever, Total","10259",7
,"South Dakota","46","2023","2023","Q fever, Acute","10257",6
,"South Dakota","46","2023","2023","Q fever, Chronic","10258",1
,"South Dakota","46","2023","2023","Rabies, Animal","10340",20
,"South Dakota","46","2023","2023","Rabies, Human","10460",0
,"South Dakota","46","2023","2023","Rubella","10200",0
,"South Dakota","46","2023","2023","Rubella, congenital syndrome","10370",0
,"South Dakota","46","2023","2023","Salmonella Paratyphi infection","50266",1
,"South Dakota","46","2023","2023","Salmonella Typhi infection","50267",0
,"South Dakota","46","2023","2023","Salmonellosis","11000",0
,"South Dakota","46","2023","2023","Salmonellosis (excluding paratyphoid fever and typhoid fever)","50242",0
,"South Dakota","46","2023","2023","Salmonellosis (excluding S. Typhi infection and S. Paratyphi infection)","50265",247
,"South Dakota","46","2023","2023","Severe acute respiratory syndrome-associated coronavirus disease","10575",0
,"South Dakota","46","2023","2023","Shiga toxin-producing Escherichia coli (STEC)","11563",113
,"South Dakota","46","2023","2023","Shigellosis","11010",52
,"South Dakota","46","2023","2023","Smallpox","11800",0
,"South Dakota","46","2023","2023","Spotted fever rickettsiosis, Total","10250",2
,"South Dakota","46","2023","2023","Spotted fever rickettsiosis, Confirmed","10253",0
,"South Dakota","46","2023","2023","Spotted fever rickettsiosis, Probable","10254",2
,"South Dakota","46","2023","2023","Streptococcal toxic shock syndrome","11700",0
,"South Dakota","46","2023","2023","Syphilis, Total, all stages","10399",2105
,"South Dakota","46","2023","2023","Syphilis, Congenital","10316",54
,"South Dakota","46","2023","2023","Syphilis, Primary and secondary","10310",675
,"South Dakota","46","2023","2023","Tetanus","10210",0
,"South Dakota","46","2023","2023","Toxic shock syndrome (other than Streptococcal)","10520",0
,"South Dakota","46","2023","2023","Trichinellosis","10270",0
,"South Dakota","46","2023","2023","Tuberculosis","10220",14
,"South Dakota","46","2023","2023","Tularemia","10230",8
,"South Dakota","46","2023","2023","Typhoid fever","10240",0
,"South Dakota","46","2023","2023","Vancomycin-intermediate Staphylococcus aureus","11663",0
,"South Dakota","46","2023","2023","Vancomycin-resistant Staphylococcus aureus","11665",0
,"South Dakota","46","2023","2023","Varicella morbidity","10030",16
,"South Dakota","46","2023","2023","Varicella mortality","10031",0
,"South Dakota","46","2023","2023","Vibriosis, Total","11545",5
,"South Dakota","46","2023","2023","Vibriosis, Confirmed","50234",1
,"South Dakota","46","2023","2023","Vibriosis, Probable","50235",4
,"South Dakota","46","2023","2023","Viral hemorrhagic fevers","11647",0
,"South Dakota","46","2023","2023","Viral hemorrhagic fevers, Chapare virus","11649",0
,"South Dakota","46","2023","2023","Viral hemorrhagic fevers, Crimean-Congo hemorrhagic fever virus","11640",0
,"South Dakota","46","2023","2023","Viral hemorrhagic fevers, Ebola virus","11630",0
,"South Dakota","46","2023","2023","Viral hemorrhagic fevers, Guanarito virus","11648",0
,"South Dakota","46","2023","2023","Viral hemorrhagic fevers, Junin virus","11638",0
,"South Dakota","46","2023","2023","Viral hemorrhagic fevers, Lassa virus","11632",0
,"South Dakota","46","2023","2023","Viral hemorrhagic fevers, Lujo virus","11644",0
,"South Dakota","46","2023","2023","Viral hemorrhagic fevers, Machupo virus","11637",0
,"South Dakota","46","2023","2023","Viral hemorrhagic fevers, Marburg virus","11631",0
,"South Dakota","46","2023","2023","Viral hemorrhagic fevers, Sabia virus","11639",0
,"South Dakota","46","2023","2023","Yellow fever","10660",0
,"South Dakota","46","2023","2023","Zika virus, Zika virus disease, congenital","50224",0
,"South Dakota","46","2023","2023","Zika virus, Zika virus disease, non-congenital","50223",0
,"South Dakota","46","2023","2023","Zika virus, Zika virus infection, congenital","50222",0
,"South Dakota","46","2023","2023","Zika virus, Zika virus infection, non-congenital","50221",0
,"Tennessee","47","2023","2023","Anthrax","10350",0
,"Tennessee","47","2023","2023","Arboviral diseases, Chikungunya virus disease","10073",0
,"Tennessee","47","2023","2023","Arboviral diseases, Eastern equine encephalitis virus disease, Neuroinvasive","10053",0
,"Tennessee","47","2023","2023","Arboviral diseases, Eastern equine encephalitis virus disease, Non-neuroinvasive","10062",0
,"Tennessee","47","2023","2023","Arboviral diseases, Jamestown Canyon  virus disease, Neuroinvasive","10078",0
,"Tennessee","47","2023","2023","Arboviral diseases, Jamestown Canyon  virus disease, Non-neuroinvasive","10079",0
,"Tennessee","47","2023","2023","Arboviral diseases, La Crosse  virus disease, Neuroinvasive","10081",5
,"Tennessee","47","2023","2023","Arboviral diseases, La Crosse  virus disease, Non-neuroinvasive","10082",0
,"Tennessee","47","2023","2023","Arboviral diseases, Powassan virus disease, Neuroinvasive","10057",0
,"Tennessee","47","2023","2023","Arboviral diseases, Powassan virus disease, Non-neuroinvasive","10063",0
,"Tennessee","47","2023","2023","Arboviral diseases, St. Louis encephalitis virus disease, Neuroinvasive","10051",0
,"Tennessee","47","2023","2023","Arboviral diseases, St. Louis encephalitis virus disease, Non-neuroinvasive","10064",0
,"Tennessee","47","2023","2023","Arboviral diseases, West Nile virus disease, Neuroinvasive","10056",14
,"Tennessee","47","2023","2023","Arboviral diseases, West Nile virus disease, Non-neuroinvasive","10049",2
,"Tennessee","47","2023","2023","Arboviral diseases, Western equine encephalitis virus disease, Neuroinvasive","10052",0
,"Tennessee","47","2023","2023","Arboviral diseases, Western equine encephalitis virus disease, Non-neuroinvasive","10065",0
,"Tennessee","47","2023","2023","Babesiosis, Total","12010",3
,"Tennessee","47","2023","2023","Babesiosis, Confirmed","12011",2
,"Tennessee","47","2023","2023","Babesiosis, Probable","12012",1
,"Tennessee","47","2023","2023","Botulism, Total","10360",6
,"Tennessee","47","2023","2023","Botulism, Foodborne","10530",0
,"Tennessee","47","2023","2023","Botulism, Infant","10540",5
,"Tennessee","47","2023","2023","Botulism, Other (wound & unspecified)","10550",1
,"Tennessee","47","2023","2023","Brucellosis","10020",0
,"Tennessee","47","2023","2023","Campylobacteriosis","11020",1346
,"Tennessee","47","2023","2023","Candida auris, clinical","50263",71
,"Tennessee","47","2023","2023","Candida auris, screening","50264",299
,"Tennessee","47","2023","2023","Carbapenemase-producing carbapenem-resistant Enterobacteriaceae","50244",0
,"Tennessee","47","2023","2023","Carbapenemase-Producing Organisms (CPO),Total","50272",0
,"Tennessee","47","2023","2023","Chancroid","10273",0
,"Tennessee","47","2023","2023","Chlamydia trachomatis infection","10274",36872
,"Tennessee","47","2023","2023","Cholera","10470",0
,"Tennessee","47","2023","2023","Coccidioidomycosis","11900",Not Reportable
,"Tennessee","47","2023","2023","Coccidioidomycosis, confirmed","11901",Not Reportable
,"Tennessee","47","2023","2023","Coccidioidomycosis, probable","11902",Not Reportable
,"Tennessee","47","2023","2023","Coronavirus Disease 2019 (COVID-19), Total","11065",227939
,"Tennessee","47","2023","2023","Coronavirus Disease 2019 (COVID-19), Confirmed","11067",128252
,"Tennessee","47","2023","2023","Coronavirus Disease 2019 (COVID-19), Probable","11068",99687
,"Tennessee","47","2023","2023","Cryptosporidiosis, Total","11580",233
,"Tennessee","47","2023","2023","Cryptosporidiosis, Confirmed","11582",219
,"Tennessee","47","2023","2023","Cryptosporidiosis, Probable","11583",14
,"Tennessee","47","2023","2023","Cyclosporiasis","11575",72
,"Tennessee","47","2023","2023","Dengue virus infections, Dengue","10680",4
,"Tennessee","47","2023","2023","Dengue virus infections, Dengue-like illness","11704",0
,"Tennessee","47","2023","2023","Dengue virus infections, Severe dengue","11705",0
,"Tennessee","47","2023","2023","Diphtheria","10040",0
,"Tennessee","47","2023","2023","Ehrlichiosis and Anaplasmosis, Anaplasma phagocytophilum infection","11090",2
,"Tennessee","47","2023","2023","Ehrlichiosis and Anaplasmosis, Ehrlichia chaffeensis infection","11088",107
,"Tennessee","47","2023","2023","Ehrlichiosis and Anaplasmosis, Ehrlichia ewingii infection","11089",0
,"Tennessee","47","2023","2023","Ehrlichiosis and Anaplasmosis, Undetermined ehrlichiosis/anaplasmosis","11091",0
,"Tennessee","47","2023","2023","Giardiasis","11570",Not Reportable
,"Tennessee","47","2023","2023","Gonorrhea","10280",13286
,"Tennessee","47","2023","2023","Haemophilus influenzae, invasive disease, All ages, all serotypes","10590",203
,"Tennessee","47","2023","2023","Haemophilus influenzae, invasive disease, Age <5 years, Serotype b","10591",0
,"Tennessee","47","2023","2023","Haemophilus influenzae, invasive disease, Age <5 years, Non-b serotype","10593",6
,"Tennessee","47","2023","2023","Haemophilus influenzae, invasive disease, Age <5 years, Nontypeable","10592",15
,"Tennessee","47","2023","2023","Haemophilus influenzae, invasive disease, Age <5 years, Unknown serotype","10597",8
,"Tennessee","47","2023","2023","Hansen's disease","10380",0
,"Tennessee","47","2023","2023","Hantavirus infection, non-hantavirus pulmonary syndrome","11610",0
,"Tennessee","47","2023","2023","Hantavirus pulmonary syndrome","11590",0
,"Tennessee","47","2023","2023","Hemolytic uremic syndrome post-diarrheal","11550",23
,"Tennessee","47","2023","2023","Hepatitis, A","10110",18
,"Tennessee","47","2023","2023","Hepatitis, B, acute","10100",93
,"Tennessee","47","2023","2023","Hepatitis, B, perinatal infection","10104",0
,"Tennessee","47","2023","2023","Hepatitis, C, acute","10101",450
,"Tennessee","47","2023","2023","Hepatitis, C, acute, Confirmed","50228",365
,"Tennessee","47","2023","2023","Hepatitis, C, acute, Probable","50229",85
,"Tennessee","47","2023","2023","Hepatitis, C, perinatal infection","50248",21
,"Tennessee","47","2023","2023","Human immunodeficiency virus diagnoses","10560",895
,"Tennessee","47","2023","2023","Influenza-associated pediatric mortality","11061",1
,"Tennessee","47","2023","2023","Invasive pneumococcal disease, All ages","11723",857
,"Tennessee","47","2023","2023","Invasive pneumococcal disease, All ages, Confirmed","50230",851
,"Tennessee","47","2023","2023","Invasive pneumococcal disease, All ages, Probable","50231",6
,"Tennessee","47","2023","2023","Invasive pneumococcal disease, Age <5 years","11722",37
,"Tennessee","47","2023","2023","Invasive pneumococcal disease, Age <5 years, Confirmed","50232",36
,"Tennessee","47","2023","2023","Invasive pneumococcal disease, Age <5 years, Probable","50233",1
,"Tennessee","47","2023","2023","Legionellosis","10490",158
,"Tennessee","47","2023","2023","Leptospirosis","10390",Not Reportable
,"Tennessee","47","2023","2023","Listeriosis, Total","10640",27
,"Tennessee","47","2023","2023","Listeriosis, Confirmed","10641",23
,"Tennessee","47","2023","2023","Listeriosis, Probable","10642",4
,"Tennessee","47","2023","2023","Lyme disease, Total","11080",50
,"Tennessee","47","2023","2023","Lyme disease, Confirmed","11081",35
,"Tennessee","47","2023","2023","Lyme disease, Probable","11082",15
,"Tennessee","47","2023","2023","Malaria","10130",19
,"Tennessee","47","2023","2023","Measles, Total","10140",0
,"Tennessee","47","2023","2023","Measles, Indigenous","10500",0
,"Tennessee","47","2023","2023","Measles, Imported","10510",0
,"Tennessee","47","2023","2023","Melioidosis","11585",0
,"Tennessee","47","2023","2023","Meningococcal disease, All serogroups","10150",5
,"Tennessee","47","2023","2023","Meningococcal disease, Serogroups ACWY","10151",2
,"Tennessee","47","2023","2023","Meningococcal disease, Serogroup B","10152",0
,"Tennessee","47","2023","2023","Meningococcal disease, Other serogroups","10153",0
,"Tennessee","47","2023","2023","Meningococcal disease, Unknown serogroup","10154",3
,"Tennessee","47","2023","2023","Mpox","11801",21
,"Tennessee","47","2023","2023","Mumps","10180",2
,"Tennessee","47","2023","2023","Novel Influenza A virus infections","11062",0
,"Tennessee","47","2023","2023","Paratyphoid fever","50236",0
,"Tennessee","47","2023","2023","Pertussis","10190",82
,"Tennessee","47","2023","2023","Plague","10440",0
,"Tennessee","47","2023","2023","Poliomyelitis, paralytic","10410",0
,"Tennessee","47","2023","2023","Poliovirus infection, nonparalytic","10405",0
,"Tennessee","47","2023","2023","Psittacosis","10450",0
,"Tennessee","47","2023","2023","Q fever, Total","10259",4
,"Tennessee","47","2023","2023","Q fever, Acute","10257",2
,"Tennessee","47","2023","2023","Q fever, Chronic","10258",2
,"Tennessee","47","2023","2023","Rabies, Animal","10340",16
,"Tennessee","47","2023","2023","Rabies, Human","10460",0
,"Tennessee","47","2023","2023","Rubella","10200",0
,"Tennessee","47","2023","2023","Rubella, congenital syndrome","10370",0
,"Tennessee","47","2023","2023","Salmonella Paratyphi infection","50266",7
,"Tennessee","47","2023","2023","Salmonella Typhi infection","50267",5
,"Tennessee","47","2023","2023","Salmonellosis","11000",0
,"Tennessee","47","2023","2023","Salmonellosis (excluding paratyphoid fever and typhoid fever)","50242",0
,"Tennessee","47","2023","2023","Salmonellosis (excluding S. Typhi infection and S. Paratyphi infection)","50265",984
,"Tennessee","47","2023","2023","Severe acute respiratory syndrome-associated coronavirus disease","10575",0
,"Tennessee","47","2023","2023","Shiga toxin-producing Escherichia coli (STEC)","11563",478
,"Tennessee","47","2023","2023","Shigellosis","11010",240
,"Tennessee","47","2023","2023","Smallpox","11800",0
,"Tennessee","47","2023","2023","Spotted fever rickettsiosis, Total","10250",86
,"Tennessee","47","2023","2023","Spotted fever rickettsiosis, Confirmed","10253",2
,"Tennessee","47","2023","2023","Spotted fever rickettsiosis, Probable","10254",84
,"Tennessee","47","2023","2023","Streptococcal toxic shock syndrome","11700",1
,"Tennessee","47","2023","2023","Syphilis, Total, all stages","10399",3844
,"Tennessee","47","2023","2023","Syphilis, Congenital","10316",88
,"Tennessee","47","2023","2023","Syphilis, Primary and secondary","10310",1055
,"Tennessee","47","2023","2023","Tetanus","10210",0
,"Tennessee","47","2023","2023","Toxic shock syndrome (other than Streptococcal)","10520",0
,"Tennessee","47","2023","2023","Trichinellosis","10270",0
,"Tennessee","47","2023","2023","Tuberculosis","10220",116
,"Tennessee","47","2023","2023","Tularemia","10230",8
,"Tennessee","47","2023","2023","Typhoid fever","10240",0
,"Tennessee","47","2023","2023","Vancomycin-intermediate Staphylococcus aureus","11663",1
,"Tennessee","47","2023","2023","Vancomycin-resistant Staphylococcus aureus","11665",0
,"Tennessee","47","2023","2023","Varicella morbidity","10030",Not Reportable
,"Tennessee","47","2023","2023","Varicella mortality","10031",0
,"Tennessee","47","2023","2023","Vibriosis, Total","11545",56
,"Tennessee","47","2023","2023","Vibriosis, Confirmed","50234",22
,"Tennessee","47","2023","2023","Vibriosis, Probable","50235",34
,"Tennessee","47","2023","2023","Viral hemorrhagic fevers","11647",0
,"Tennessee","47","2023","2023","Viral hemorrhagic fevers, Chapare virus","11649",0
,"Tennessee","47","2023","2023","Viral hemorrhagic fevers, Crimean-Congo hemorrhagic fever virus","11640",0
,"Tennessee","47","2023","2023","Viral hemorrhagic fevers, Ebola virus","11630",0
,"Tennessee","47","2023","2023","Viral hemorrhagic fevers, Guanarito virus","11648",0
,"Tennessee","47","2023","2023","Viral hemorrhagic fevers, Junin virus","11638",0
,"Tennessee","47","2023","2023","Viral hemorrhagic fevers, Lassa virus","11632",0
,"Tennessee","47","2023","2023","Viral hemorrhagic fevers, Lujo virus","11644",0
,"Tennessee","47","2023","2023","Viral hemorrhagic fevers, Machupo virus","11637",0
,"Tennessee","47","2023","2023","Viral hemorrhagic fevers, Marburg virus","11631",0
,"Tennessee","47","2023","2023","Viral hemorrhagic fevers, Sabia virus","11639",0
,"Tennessee","47","2023","2023","Yellow fever","10660",0
,"Tennessee","47","2023","2023","Zika virus, Zika virus disease, congenital","50224",0
,"Tennessee","47","2023","2023","Zika virus, Zika virus disease, non-congenital","50223",0
,"Tennessee","47","2023","2023","Zika virus, Zika virus infection, congenital","50222",0
,"Tennessee","47","2023","2023","Zika virus, Zika virus infection, non-congenital","50221",0
,"Texas","48","2023","2023","Anthrax","10350",0
,"Texas","48","2023","2023","Arboviral diseases, Chikungunya virus disease","10073",2
,"Texas","48","2023","2023","Arboviral diseases, Eastern equine encephalitis virus disease, Neuroinvasive","10053",0
,"Texas","48","2023","2023","Arboviral diseases, Eastern equine encephalitis virus disease, Non-neuroinvasive","10062",0
,"Texas","48","2023","2023","Arboviral diseases, Jamestown Canyon  virus disease, Neuroinvasive","10078",0
,"Texas","48","2023","2023","Arboviral diseases, Jamestown Canyon  virus disease, Non-neuroinvasive","10079",0
,"Texas","48","2023","2023","Arboviral diseases, La Crosse  virus disease, Neuroinvasive","10081",0
,"Texas","48","2023","2023","Arboviral diseases, La Crosse  virus disease, Non-neuroinvasive","10082",0
,"Texas","48","2023","2023","Arboviral diseases, Powassan virus disease, Neuroinvasive","10057",0
,"Texas","48","2023","2023","Arboviral diseases, Powassan virus disease, Non-neuroinvasive","10063",0
,"Texas","48","2023","2023","Arboviral diseases, St. Louis encephalitis virus disease, Neuroinvasive","10051",0
,"Texas","48","2023","2023","Arboviral diseases, St. Louis encephalitis virus disease, Non-neuroinvasive","10064",0
,"Texas","48","2023","2023","Arboviral diseases, West Nile virus disease, Neuroinvasive","10056",122
,"Texas","48","2023","2023","Arboviral diseases, West Nile virus disease, Non-neuroinvasive","10049",41
,"Texas","48","2023","2023","Arboviral diseases, Western equine encephalitis virus disease, Neuroinvasive","10052",0
,"Texas","48","2023","2023","Arboviral diseases, Western equine encephalitis virus disease, Non-neuroinvasive","10065",0
,"Texas","48","2023","2023","Babesiosis, Total","12010",3
,"Texas","48","2023","2023","Babesiosis, Confirmed","12011",3
,"Texas","48","2023","2023","Babesiosis, Probable","12012",0
,"Texas","48","2023","2023","Botulism, Total","10360",13
,"Texas","48","2023","2023","Botulism, Foodborne","10530",0
,"Texas","48","2023","2023","Botulism, Infant","10540",12
,"Texas","48","2023","2023","Botulism, Other (wound & unspecified)","10550",1
,"Texas","48","2023","2023","Brucellosis","10020",19
,"Texas","48","2023","2023","Campylobacteriosis","11020",4814
,"Texas","48","2023","2023","Candida auris, clinical","50263",496
,"Texas","48","2023","2023","Candida auris, screening","50264",733
,"Texas","48","2023","2023","Carbapenemase-producing carbapenem-resistant Enterobacteriaceae","50244",0
,"Texas","48","2023","2023","Carbapenemase-Producing Organisms (CPO),Total","50272",Unavailable
,"Texas","48","2023","2023","Chancroid","10273",0
,"Texas","48","2023","2023","Chlamydia trachomatis infection","10274",150056
,"Texas","48","2023","2023","Cholera","10470",1
,"Texas","48","2023","2023","Coccidioidomycosis","11900",Not Reportable
,"Texas","48","2023","2023","Coccidioidomycosis, confirmed","11901",Not Reportable
,"Texas","48","2023","2023","Coccidioidomycosis, probable","11902",Not Reportable
,"Texas","48","2023","2023","Coronavirus Disease 2019 (COVID-19), Total","11065",713410
,"Texas","48","2023","2023","Coronavirus Disease 2019 (COVID-19), Confirmed","11067",357042
,"Texas","48","2023","2023","Coronavirus Disease 2019 (COVID-19), Probable","11068",356368
,"Texas","48","2023","2023","Cryptosporidiosis, Total","11580",829
,"Texas","48","2023","2023","Cryptosporidiosis, Confirmed","11582",752
,"Texas","48","2023","2023","Cryptosporidiosis, Probable","11583",77
,"Texas","48","2023","2023","Cyclosporiasis","11575",788
,"Texas","48","2023","2023","Dengue virus infections, Dengue","10680",76
,"Texas","48","2023","2023","Dengue virus infections, Dengue-like illness","11704",0
,"Texas","48","2023","2023","Dengue virus infections, Severe dengue","11705",2
,"Texas","48","2023","2023","Diphtheria","10040",0
,"Texas","48","2023","2023","Ehrlichiosis and Anaplasmosis, Anaplasma phagocytophilum infection","11090",2
,"Texas","48","2023","2023","Ehrlichiosis and Anaplasmosis, Ehrlichia chaffeensis infection","11088",14
,"Texas","48","2023","2023","Ehrlichiosis and Anaplasmosis, Ehrlichia ewingii infection","11089",0
,"Texas","48","2023","2023","Ehrlichiosis and Anaplasmosis, Undetermined ehrlichiosis/anaplasmosis","11091",0
,"Texas","48","2023","2023","Giardiasis","11570",Not Reportable
,"Texas","48","2023","2023","Gonorrhea","10280",53793
,"Texas","48","2023","2023","Haemophilus influenzae, invasive disease, All ages, all serotypes","10590",550
,"Texas","48","2023","2023","Haemophilus influenzae, invasive disease, Age <5 years, Serotype b","10591",0
,"Texas","48","2023","2023","Haemophilus influenzae, invasive disease, Age <5 years, Non-b serotype","10593",22
,"Texas","48","2023","2023","Haemophilus influenzae, invasive disease, Age <5 years, Nontypeable","10592",44
,"Texas","48","2023","2023","Haemophilus influenzae, invasive disease, Age <5 years, Unknown serotype","10597",12
,"Texas","48","2023","2023","Hansen's disease","10380",15
,"Texas","48","2023","2023","Hantavirus infection, non-hantavirus pulmonary syndrome","11610",0
,"Texas","48","2023","2023","Hantavirus pulmonary syndrome","11590",0
,"Texas","48","2023","2023","Hemolytic uremic syndrome post-diarrheal","11550",14
,"Texas","48","2023","2023","Hepatitis, A","10110",178
,"Texas","48","2023","2023","Hepatitis, B, acute","10100",103
,"Texas","48","2023","2023","Hepatitis, B, perinatal infection","10104",1
,"Texas","48","2023","2023","Hepatitis, C, acute","10101",62
,"Texas","48","2023","2023","Hepatitis, C, acute, Confirmed","50228",45
,"Texas","48","2023","2023","Hepatitis, C, acute, Probable","50229",17
,"Texas","48","2023","2023","Hepatitis, C, perinatal infection","50248",Not Reportable
,"Texas","48","2023","2023","Human immunodeficiency virus diagnoses","10560",5080
,"Texas","48","2023","2023","Influenza-associated pediatric mortality","11061",5
,"Texas","48","2023","2023","Invasive pneumococcal disease, All ages","11723",1876
,"Texas","48","2023","2023","Invasive pneumococcal disease, All ages, Confirmed","50230",1817
,"Texas","48","2023","2023","Invasive pneumococcal disease, All ages, Probable","50231",59
,"Texas","48","2023","2023","Invasive pneumococcal disease, Age <5 years","11722",134
,"Texas","48","2023","2023","Invasive pneumococcal disease, Age <5 years, Confirmed","50232",126
,"Texas","48","2023","2023","Invasive pneumococcal disease, Age <5 years, Probable","50233",8
,"Texas","48","2023","2023","Legionellosis","10490",426
,"Texas","48","2023","2023","Leptospirosis","10390",Not Reportable
,"Texas","48","2023","2023","Listeriosis, Total","10640",57
,"Texas","48","2023","2023","Listeriosis, Confirmed","10641",51
,"Texas","48","2023","2023","Listeriosis, Probable","10642",6
,"Texas","48","2023","2023","Lyme disease, Total","11080",27
,"Texas","48","2023","2023","Lyme disease, Confirmed","11081",25
,"Texas","48","2023","2023","Lyme disease, Probable","11082",2
,"Texas","48","2023","2023","Malaria","10130",250
,"Texas","48","2023","2023","Measles, Total","10140",3
,"Texas","48","2023","2023","Measles, Indigenous","10500",2
,"Texas","48","2023","2023","Measles, Imported","10510",1
,"Texas","48","2023","2023","Melioidosis","11585",0
,"Texas","48","2023","2023","Meningococcal disease, All serogroups","10150",30
,"Texas","48","2023","2023","Meningococcal disease, Serogroups ACWY","10151",21
,"Texas","48","2023","2023","Meningococcal disease, Serogroup B","10152",2
,"Texas","48","2023","2023","Meningococcal disease, Other serogroups","10153",1
,"Texas","48","2023","2023","Meningococcal disease, Unknown serogroup","10154",6
,"Texas","48","2023","2023","Mpox","11801",187
,"Texas","48","2023","2023","Mumps","10180",51
,"Texas","48","2023","2023","Novel Influenza A virus infections","11062",0
,"Texas","48","2023","2023","Paratyphoid fever","50236",0
,"Texas","48","2023","2023","Pertussis","10190",340
,"Texas","48","2023","2023","Plague","10440",0
,"Texas","48","2023","2023","Poliomyelitis, paralytic","10410",0
,"Texas","48","2023","2023","Poliovirus infection, nonparalytic","10405",0
,"Texas","48","2023","2023","Psittacosis","10450",Not Reportable
,"Texas","48","2023","2023","Q fever, Total","10259",11
,"Texas","48","2023","2023","Q fever, Acute","10257",9
,"Texas","48","2023","2023","Q fever, Chronic","10258",2
,"Texas","48","2023","2023","Rabies, Animal","10340",350
,"Texas","48","2023","2023","Rabies, Human","10460",0
,"Texas","48","2023","2023","Rubella","10200",0
,"Texas","48","2023","2023","Rubella, congenital syndrome","10370",1
,"Texas","48","2023","2023","Salmonella Paratyphi infection","50266",17
,"Texas","48","2023","2023","Salmonella Typhi infection","50267",43
,"Texas","48","2023","2023","Salmonellosis","11000",0
,"Texas","48","2023","2023","Salmonellosis (excluding paratyphoid fever and typhoid fever)","50242",0
,"Texas","48","2023","2023","Salmonellosis (excluding S. Typhi infection and S. Paratyphi infection)","50265",5749
,"Texas","48","2023","2023","Severe acute respiratory syndrome-associated coronavirus disease","10575",0
,"Texas","48","2023","2023","Shiga toxin-producing Escherichia coli (STEC)","11563",1237
,"Texas","48","2023","2023","Shigellosis","11010",1436
,"Texas","48","2023","2023","Smallpox","11800",0
,"Texas","48","2023","2023","Spotted fever rickettsiosis, Total","10250",15
,"Texas","48","2023","2023","Spotted fever rickettsiosis, Confirmed","10253",2
,"Texas","48","2023","2023","Spotted fever rickettsiosis, Probable","10254",13
,"Texas","48","2023","2023","Streptococcal toxic shock syndrome","11700",Not Reportable
,"Texas","48","2023","2023","Syphilis, Total, all stages","10399",27085
,"Texas","48","2023","2023","Syphilis, Congenital","10316",930
,"Texas","48","2023","2023","Syphilis, Primary and secondary","10310",4562
,"Texas","48","2023","2023","Tetanus","10210",1
,"Texas","48","2023","2023","Toxic shock syndrome (other than Streptococcal)","10520",Not Reportable
,"Texas","48","2023","2023","Trichinellosis","10270",0
,"Texas","48","2023","2023","Tuberculosis","10220",1242
,"Texas","48","2023","2023","Tularemia","10230",0
,"Texas","48","2023","2023","Typhoid fever","10240",0
,"Texas","48","2023","2023","Vancomycin-intermediate Staphylococcus aureus","11663",5
,"Texas","48","2023","2023","Vancomycin-resistant Staphylococcus aureus","11665",0
,"Texas","48","2023","2023","Varicella morbidity","10030",675
,"Texas","48","2023","2023","Varicella mortality","10031",0
,"Texas","48","2023","2023","Vibriosis, Total","11545",268
,"Texas","48","2023","2023","Vibriosis, Confirmed","50234",101
,"Texas","48","2023","2023","Vibriosis, Probable","50235",167
,"Texas","48","2023","2023","Viral hemorrhagic fevers","11647",0
,"Texas","48","2023","2023","Viral hemorrhagic fevers, Chapare virus","11649",0
,"Texas","48","2023","2023","Viral hemorrhagic fevers, Crimean-Congo hemorrhagic fever virus","11640",0
,"Texas","48","2023","2023","Viral hemorrhagic fevers, Ebola virus","11630",0
,"Texas","48","2023","2023","Viral hemorrhagic fevers, Guanarito virus","11648",0
,"Texas","48","2023","2023","Viral hemorrhagic fevers, Junin virus","11638",0
,"Texas","48","2023","2023","Viral hemorrhagic fevers, Lassa virus","11632",0
,"Texas","48","2023","2023","Viral hemorrhagic fevers, Lujo virus","11644",0
,"Texas","48","2023","2023","Viral hemorrhagic fevers, Machupo virus","11637",0
,"Texas","48","2023","2023","Viral hemorrhagic fevers, Marburg virus","11631",0
,"Texas","48","2023","2023","Viral hemorrhagic fevers, Sabia virus","11639",0
,"Texas","48","2023","2023","Yellow fever","10660",0
,"Texas","48","2023","2023","Zika virus, Zika virus disease, congenital","50224",0
,"Texas","48","2023","2023","Zika virus, Zika virus disease, non-congenital","50223",0
,"Texas","48","2023","2023","Zika virus, Zika virus infection, congenital","50222",0
,"Texas","48","2023","2023","Zika virus, Zika virus infection, non-congenital","50221",0
,"Utah","49","2023","2023","Anthrax","10350",0
,"Utah","49","2023","2023","Arboviral diseases, Chikungunya virus disease","10073",2
,"Utah","49","2023","2023","Arboviral diseases, Eastern equine encephalitis virus disease, Neuroinvasive","10053",0
,"Utah","49","2023","2023","Arboviral diseases, Eastern equine encephalitis virus disease, Non-neuroinvasive","10062",0
,"Utah","49","2023","2023","Arboviral diseases, Jamestown Canyon  virus disease, Neuroinvasive","10078",0
,"Utah","49","2023","2023","Arboviral diseases, Jamestown Canyon  virus disease, Non-neuroinvasive","10079",0
,"Utah","49","2023","2023","Arboviral diseases, La Crosse  virus disease, Neuroinvasive","10081",0
,"Utah","49","2023","2023","Arboviral diseases, La Crosse  virus disease, Non-neuroinvasive","10082",0
,"Utah","49","2023","2023","Arboviral diseases, Powassan virus disease, Neuroinvasive","10057",0
,"Utah","49","2023","2023","Arboviral diseases, Powassan virus disease, Non-neuroinvasive","10063",0
,"Utah","49","2023","2023","Arboviral diseases, St. Louis encephalitis virus disease, Neuroinvasive","10051",0
,"Utah","49","2023","2023","Arboviral diseases, St. Louis encephalitis virus disease, Non-neuroinvasive","10064",0
,"Utah","49","2023","2023","Arboviral diseases, West Nile virus disease, Neuroinvasive","10056",5
,"Utah","49","2023","2023","Arboviral diseases, West Nile virus disease, Non-neuroinvasive","10049",3
,"Utah","49","2023","2023","Arboviral diseases, Western equine encephalitis virus disease, Neuroinvasive","10052",0
,"Utah","49","2023","2023","Arboviral diseases, Western equine encephalitis virus disease, Non-neuroinvasive","10065",0
,"Utah","49","2023","2023","Babesiosis, Total","12010",0
,"Utah","49","2023","2023","Babesiosis, Confirmed","12011",0
,"Utah","49","2023","2023","Babesiosis, Probable","12012",0
,"Utah","49","2023","2023","Botulism, Total","10360",3
,"Utah","49","2023","2023","Botulism, Foodborne","10530",0
,"Utah","49","2023","2023","Botulism, Infant","10540",3
,"Utah","49","2023","2023","Botulism, Other (wound & unspecified)","10550",0
,"Utah","49","2023","2023","Brucellosis","10020",1
,"Utah","49","2023","2023","Campylobacteriosis","11020",881
,"Utah","49","2023","2023","Candida auris, clinical","50263",3
,"Utah","49","2023","2023","Candida auris, screening","50264",3
,"Utah","49","2023","2023","Carbapenemase-producing carbapenem-resistant Enterobacteriaceae","50244",0
,"Utah","49","2023","2023","Carbapenemase-Producing Organisms (CPO),Total","50272",75
,"Utah","49","2023","2023","Chancroid","10273",0
,"Utah","49","2023","2023","Chlamydia trachomatis infection","10274",11003
,"Utah","49","2023","2023","Cholera","10470",0
,"Utah","49","2023","2023","Coccidioidomycosis","11900",139
,"Utah","49","2023","2023","Coccidioidomycosis, confirmed","11901",101
,"Utah","49","2023","2023","Coccidioidomycosis, probable","11902",38
,"Utah","49","2023","2023","Coronavirus Disease 2019 (COVID-19), Total","11065",51085
,"Utah","49","2023","2023","Coronavirus Disease 2019 (COVID-19), Confirmed","11067",50967
,"Utah","49","2023","2023","Coronavirus Disease 2019 (COVID-19), Probable","11068",118
,"Utah","49","2023","2023","Cryptosporidiosis, Total","11580",676
,"Utah","49","2023","2023","Cryptosporidiosis, Confirmed","11582",368
,"Utah","49","2023","2023","Cryptosporidiosis, Probable","11583",308
,"Utah","49","2023","2023","Cyclosporiasis","11575",61
,"Utah","49","2023","2023","Dengue virus infections, Dengue","10680",10
,"Utah","49","2023","2023","Dengue virus infections, Dengue-like illness","11704",1
,"Utah","49","2023","2023","Dengue virus infections, Severe dengue","11705",0
,"Utah","49","2023","2023","Diphtheria","10040",0
,"Utah","49","2023","2023","Ehrlichiosis and Anaplasmosis, Anaplasma phagocytophilum infection","11090",2
,"Utah","49","2023","2023","Ehrlichiosis and Anaplasmosis, Ehrlichia chaffeensis infection","11088",0
,"Utah","49","2023","2023","Ehrlichiosis and Anaplasmosis, Ehrlichia ewingii infection","11089",0
,"Utah","49","2023","2023","Ehrlichiosis and Anaplasmosis, Undetermined ehrlichiosis/anaplasmosis","11091",0
,"Utah","49","2023","2023","Giardiasis","11570",253
,"Utah","49","2023","2023","Gonorrhea","10280",2664
,"Utah","49","2023","2023","Haemophilus influenzae, invasive disease, All ages, all serotypes","10590",56
,"Utah","49","2023","2023","Haemophilus influenzae, invasive disease, Age <5 years, Serotype b","10591",0
,"Utah","49","2023","2023","Haemophilus influenzae, invasive disease, Age <5 years, Non-b serotype","10593",1
,"Utah","49","2023","2023","Haemophilus influenzae, invasive disease, Age <5 years, Nontypeable","10592",3
,"Utah","49","2023","2023","Haemophilus influenzae, invasive disease, Age <5 years, Unknown serotype","10597",1
,"Utah","49","2023","2023","Hansen's disease","10380",3
,"Utah","49","2023","2023","Hantavirus infection, non-hantavirus pulmonary syndrome","11610",0
,"Utah","49","2023","2023","Hantavirus pulmonary syndrome","11590",2
,"Utah","49","2023","2023","Hemolytic uremic syndrome post-diarrheal","11550",12
,"Utah","49","2023","2023","Hepatitis, A","10110",7
,"Utah","49","2023","2023","Hepatitis, B, acute","10100",15
,"Utah","49","2023","2023","Hepatitis, B, perinatal infection","10104",0
,"Utah","49","2023","2023","Hepatitis, C, acute","10101",203
,"Utah","49","2023","2023","Hepatitis, C, acute, Confirmed","50228",164
,"Utah","49","2023","2023","Hepatitis, C, acute, Probable","50229",39
,"Utah","49","2023","2023","Hepatitis, C, perinatal infection","50248",2
,"Utah","49","2023","2023","Human immunodeficiency virus diagnoses","10560",153
,"Utah","49","2023","2023","Influenza-associated pediatric mortality","11061",2
,"Utah","49","2023","2023","Invasive pneumococcal disease, All ages","11723",195
,"Utah","49","2023","2023","Invasive pneumococcal disease, All ages, Confirmed","50230",190
,"Utah","49","2023","2023","Invasive pneumococcal disease, All ages, Probable","50231",5
,"Utah","49","2023","2023","Invasive pneumococcal disease, Age <5 years","11722",8
,"Utah","49","2023","2023","Invasive pneumococcal disease, Age <5 years, Confirmed","50232",7
,"Utah","49","2023","2023","Invasive pneumococcal disease, Age <5 years, Probable","50233",1
,"Utah","49","2023","2023","Legionellosis","10490",41
,"Utah","49","2023","2023","Leptospirosis","10390",0
,"Utah","49","2023","2023","Listeriosis, Total","10640",2
,"Utah","49","2023","2023","Listeriosis, Confirmed","10641",1
,"Utah","49","2023","2023","Listeriosis, Probable","10642",1
,"Utah","49","2023","2023","Lyme disease, Total","11080",16
,"Utah","49","2023","2023","Lyme disease, Confirmed","11081",6
,"Utah","49","2023","2023","Lyme disease, Probable","11082",10
,"Utah","49","2023","2023","Malaria","10130",24
,"Utah","49","2023","2023","Measles, Total","10140",1
,"Utah","49","2023","2023","Measles, Indigenous","10500",0
,"Utah","49","2023","2023","Measles, Imported","10510",1
,"Utah","49","2023","2023","Melioidosis","11585",0
,"Utah","49","2023","2023","Meningococcal disease, All serogroups","10150",3
,"Utah","49","2023","2023","Meningococcal disease, Serogroups ACWY","10151",2
,"Utah","49","2023","2023","Meningococcal disease, Serogroup B","10152",0
,"Utah","49","2023","2023","Meningococcal disease, Other serogroups","10153",0
,"Utah","49","2023","2023","Meningococcal disease, Unknown serogroup","10154",1
,"Utah","49","2023","2023","Mpox","11801",8
,"Utah","49","2023","2023","Mumps","10180",5
,"Utah","49","2023","2023","Novel Influenza A virus infections","11062",0
,"Utah","49","2023","2023","Paratyphoid fever","50236",0
,"Utah","49","2023","2023","Pertussis","10190",238
,"Utah","49","2023","2023","Plague","10440",0
,"Utah","49","2023","2023","Poliomyelitis, paralytic","10410",0
,"Utah","49","2023","2023","Poliovirus infection, nonparalytic","10405",0
,"Utah","49","2023","2023","Psittacosis","10450",0
,"Utah","49","2023","2023","Q fever, Total","10259",3
,"Utah","49","2023","2023","Q fever, Acute","10257",2
,"Utah","49","2023","2023","Q fever, Chronic","10258",1
,"Utah","49","2023","2023","Rabies, Animal","10340",22
,"Utah","49","2023","2023","Rabies, Human","10460",0
,"Utah","49","2023","2023","Rubella","10200",0
,"Utah","49","2023","2023","Rubella, congenital syndrome","10370",0
,"Utah","49","2023","2023","Salmonella Paratyphi infection","50266",2
,"Utah","49","2023","2023","Salmonella Typhi infection","50267",2
,"Utah","49","2023","2023","Salmonellosis","11000",0
,"Utah","49","2023","2023","Salmonellosis (excluding paratyphoid fever and typhoid fever)","50242",0
,"Utah","49","2023","2023","Salmonellosis (excluding S. Typhi infection and S. Paratyphi infection)","50265",532
,"Utah","49","2023","2023","Severe acute respiratory syndrome-associated coronavirus disease","10575",0
,"Utah","49","2023","2023","Shiga toxin-producing Escherichia coli (STEC)","11563",300
,"Utah","49","2023","2023","Shigellosis","11010",182
,"Utah","49","2023","2023","Smallpox","11800",0
,"Utah","49","2023","2023","Spotted fever rickettsiosis, Total","10250",0
,"Utah","49","2023","2023","Spotted fever rickettsiosis, Confirmed","10253",0
,"Utah","49","2023","2023","Spotted fever rickettsiosis, Probable","10254",0
,"Utah","49","2023","2023","Streptococcal toxic shock syndrome","11700",47
,"Utah","49","2023","2023","Syphilis, Total, all stages","10399",844
,"Utah","49","2023","2023","Syphilis, Congenital","10316",16
,"Utah","49","2023","2023","Syphilis, Primary and secondary","10310",330
,"Utah","49","2023","2023","Tetanus","10210",0
,"Utah","49","2023","2023","Toxic shock syndrome (other than Streptococcal)","10520",0
,"Utah","49","2023","2023","Trichinellosis","10270",0
,"Utah","49","2023","2023","Tuberculosis","10220",34
,"Utah","49","2023","2023","Tularemia","10230",1
,"Utah","49","2023","2023","Typhoid fever","10240",0
,"Utah","49","2023","2023","Vancomycin-intermediate Staphylococcus aureus","11663",0
,"Utah","49","2023","2023","Vancomycin-resistant Staphylococcus aureus","11665",0
,"Utah","49","2023","2023","Varicella morbidity","10030",149
,"Utah","49","2023","2023","Varicella mortality","10031",0
,"Utah","49","2023","2023","Vibriosis, Total","11545",25
,"Utah","49","2023","2023","Vibriosis, Confirmed","50234",10
,"Utah","49","2023","2023","Vibriosis, Probable","50235",15
,"Utah","49","2023","2023","Viral hemorrhagic fevers","11647",0
,"Utah","49","2023","2023","Viral hemorrhagic fevers, Chapare virus","11649",0
,"Utah","49","2023","2023","Viral hemorrhagic fevers, Crimean-Congo hemorrhagic fever virus","11640",0
,"Utah","49","2023","2023","Viral hemorrhagic fevers, Ebola virus","11630",0
,"Utah","49","2023","2023","Viral hemorrhagic fevers, Guanarito virus","11648",0
,"Utah","49","2023","2023","Viral hemorrhagic fevers, Junin virus","11638",0
,"Utah","49","2023","2023","Viral hemorrhagic fevers, Lassa virus","11632",0
,"Utah","49","2023","2023","Viral hemorrhagic fevers, Lujo virus","11644",0
,"Utah","49","2023","2023","Viral hemorrhagic fevers, Machupo virus","11637",0
,"Utah","49","2023","2023","Viral hemorrhagic fevers, Marburg virus","11631",0
,"Utah","49","2023","2023","Viral hemorrhagic fevers, Sabia virus","11639",0
,"Utah","49","2023","2023","Yellow fever","10660",0
,"Utah","49","2023","2023","Zika virus, Zika virus disease, congenital","50224",0
,"Utah","49","2023","2023","Zika virus, Zika virus disease, non-congenital","50223",1
,"Utah","49","2023","2023","Zika virus, Zika virus infection, congenital","50222",0
,"Utah","49","2023","2023","Zika virus, Zika virus infection, non-congenital","50221",0
,"Vermont","50","2023","2023","Anthrax","10350",0
,"Vermont","50","2023","2023","Arboviral diseases, Chikungunya virus disease","10073",1
,"Vermont","50","2023","2023","Arboviral diseases, Eastern equine encephalitis virus disease, Neuroinvasive","10053",0
,"Vermont","50","2023","2023","Arboviral diseases, Eastern equine encephalitis virus disease, Non-neuroinvasive","10062",0
,"Vermont","50","2023","2023","Arboviral diseases, Jamestown Canyon  virus disease, Neuroinvasive","10078",0
,"Vermont","50","2023","2023","Arboviral diseases, Jamestown Canyon  virus disease, Non-neuroinvasive","10079",0
,"Vermont","50","2023","2023","Arboviral diseases, La Crosse  virus disease, Neuroinvasive","10081",0
,"Vermont","50","2023","2023","Arboviral diseases, La Crosse  virus disease, Non-neuroinvasive","10082",0
,"Vermont","50","2023","2023","Arboviral diseases, Powassan virus disease, Neuroinvasive","10057",1
,"Vermont","50","2023","2023","Arboviral diseases, Powassan virus disease, Non-neuroinvasive","10063",0
,"Vermont","50","2023","2023","Arboviral diseases, St. Louis encephalitis virus disease, Neuroinvasive","10051",0
,"Vermont","50","2023","2023","Arboviral diseases, St. Louis encephalitis virus disease, Non-neuroinvasive","10064",0
,"Vermont","50","2023","2023","Arboviral diseases, West Nile virus disease, Neuroinvasive","10056",0
,"Vermont","50","2023","2023","Arboviral diseases, West Nile virus disease, Non-neuroinvasive","10049",0
,"Vermont","50","2023","2023","Arboviral diseases, Western equine encephalitis virus disease, Neuroinvasive","10052",0
,"Vermont","50","2023","2023","Arboviral diseases, Western equine encephalitis virus disease, Non-neuroinvasive","10065",0
,"Vermont","50","2023","2023","Babesiosis, Total","12010",81
,"Vermont","50","2023","2023","Babesiosis, Confirmed","12011",67
,"Vermont","50","2023","2023","Babesiosis, Probable","12012",14
,"Vermont","50","2023","2023","Botulism, Total","10360",1
,"Vermont","50","2023","2023","Botulism, Foodborne","10530",0
,"Vermont","50","2023","2023","Botulism, Infant","10540",1
,"Vermont","50","2023","2023","Botulism, Other (wound & unspecified)","10550",0
,"Vermont","50","2023","2023","Brucellosis","10020",0
,"Vermont","50","2023","2023","Campylobacteriosis","11020",200
,"Vermont","50","2023","2023","Candida auris, clinical","50263",0
,"Vermont","50","2023","2023","Candida auris, screening","50264",0
,"Vermont","50","2023","2023","Carbapenemase-producing carbapenem-resistant Enterobacteriaceae","50244",0
,"Vermont","50","2023","2023","Carbapenemase-Producing Organisms (CPO),Total","50272",3
,"Vermont","50","2023","2023","Chancroid","10273",0
,"Vermont","50","2023","2023","Chlamydia trachomatis infection","10274",1307
,"Vermont","50","2023","2023","Cholera","10470",0
,"Vermont","50","2023","2023","Coccidioidomycosis","11900",Not Reportable
,"Vermont","50","2023","2023","Coccidioidomycosis, confirmed","11901",Not Reportable
,"Vermont","50","2023","2023","Coccidioidomycosis, probable","11902",Not Reportable
,"Vermont","50","2023","2023","Coronavirus Disease 2019 (COVID-19), Total","11065",12256
,"Vermont","50","2023","2023","Coronavirus Disease 2019 (COVID-19), Confirmed","11067",9436
,"Vermont","50","2023","2023","Coronavirus Disease 2019 (COVID-19), Probable","11068",2820
,"Vermont","50","2023","2023","Cryptosporidiosis, Total","11580",31
,"Vermont","50","2023","2023","Cryptosporidiosis, Confirmed","11582",22
,"Vermont","50","2023","2023","Cryptosporidiosis, Probable","11583",9
,"Vermont","50","2023","2023","Cyclosporiasis","11575",2
,"Vermont","50","2023","2023","Dengue virus infections, Dengue","10680",2
,"Vermont","50","2023","2023","Dengue virus infections, Dengue-like illness","11704",0
,"Vermont","50","2023","2023","Dengue virus infections, Severe dengue","11705",0
,"Vermont","50","2023","2023","Diphtheria","10040",0
,"Vermont","50","2023","2023","Ehrlichiosis and Anaplasmosis, Anaplasma phagocytophilum infection","11090",461
,"Vermont","50","2023","2023","Ehrlichiosis and Anaplasmosis, Ehrlichia chaffeensis infection","11088",2
,"Vermont","50","2023","2023","Ehrlichiosis and Anaplasmosis, Ehrlichia ewingii infection","11089",0
,"Vermont","50","2023","2023","Ehrlichiosis and Anaplasmosis, Undetermined ehrlichiosis/anaplasmosis","11091",0
,"Vermont","50","2023","2023","Giardiasis","11570",Not Reportable
,"Vermont","50","2023","2023","Gonorrhea","10280",220
,"Vermont","50","2023","2023","Haemophilus influenzae, invasive disease, All ages, all serotypes","10590",22
,"Vermont","50","2023","2023","Haemophilus influenzae, invasive disease, Age <5 years, Serotype b","10591",0
,"Vermont","50","2023","2023","Haemophilus influenzae, invasive disease, Age <5 years, Non-b serotype","10593",0
,"Vermont","50","2023","2023","Haemophilus influenzae, invasive disease, Age <5 years, Nontypeable","10592",0
,"Vermont","50","2023","2023","Haemophilus influenzae, invasive disease, Age <5 years, Unknown serotype","10597",0
,"Vermont","50","2023","2023","Hansen's disease","10380",Not Reportable
,"Vermont","50","2023","2023","Hantavirus infection, non-hantavirus pulmonary syndrome","11610",0
,"Vermont","50","2023","2023","Hantavirus pulmonary syndrome","11590",0
,"Vermont","50","2023","2023","Hemolytic uremic syndrome post-diarrheal","11550",2
,"Vermont","50","2023","2023","Hepatitis, A","10110",1
,"Vermont","50","2023","2023","Hepatitis, B, acute","10100",6
,"Vermont","50","2023","2023","Hepatitis, B, perinatal infection","10104",0
,"Vermont","50","2023","2023","Hepatitis, C, acute","10101",23
,"Vermont","50","2023","2023","Hepatitis, C, acute, Confirmed","50228",23
,"Vermont","50","2023","2023","Hepatitis, C, acute, Probable","50229",0
,"Vermont","50","2023","2023","Hepatitis, C, perinatal infection","50248",0
,"Vermont","50","2023","2023","Human immunodeficiency virus diagnoses","10560",10
,"Vermont","50","2023","2023","Influenza-associated pediatric mortality","11061",0
,"Vermont","50","2023","2023","Invasive pneumococcal disease, All ages","11723",48
,"Vermont","50","2023","2023","Invasive pneumococcal disease, All ages, Confirmed","50230",48
,"Vermont","50","2023","2023","Invasive pneumococcal disease, All ages, Probable","50231",0
,"Vermont","50","2023","2023","Invasive pneumococcal disease, Age <5 years","11722",1
,"Vermont","50","2023","2023","Invasive pneumococcal disease, Age <5 years, Confirmed","50232",1
,"Vermont","50","2023","2023","Invasive pneumococcal disease, Age <5 years, Probable","50233",0
,"Vermont","50","2023","2023","Legionellosis","10490",22
,"Vermont","50","2023","2023","Leptospirosis","10390",0
,"Vermont","50","2023","2023","Listeriosis, Total","10640",2
,"Vermont","50","2023","2023","Listeriosis, Confirmed","10641",2
,"Vermont","50","2023","2023","Listeriosis, Probable","10642",0
,"Vermont","50","2023","2023","Lyme disease, Total","11080",1445
,"Vermont","50","2023","2023","Lyme disease, Confirmed","11081",0
,"Vermont","50","2023","2023","Lyme disease, Probable","11082",1445
,"Vermont","50","2023","2023","Malaria","10130",4
,"Vermont","50","2023","2023","Measles, Total","10140",0
,"Vermont","50","2023","2023","Measles, Indigenous","10500",0
,"Vermont","50","2023","2023","Measles, Imported","10510",0
,"Vermont","50","2023","2023","Melioidosis","11585",0
,"Vermont","50","2023","2023","Meningococcal disease, All serogroups","10150",0
,"Vermont","50","2023","2023","Meningococcal disease, Serogroups ACWY","10151",0
,"Vermont","50","2023","2023","Meningococcal disease, Serogroup B","10152",0
,"Vermont","50","2023","2023","Meningococcal disease, Other serogroups","10153",0
,"Vermont","50","2023","2023","Meningococcal disease, Unknown serogroup","10154",0
,"Vermont","50","2023","2023","Mpox","11801",0
,"Vermont","50","2023","2023","Mumps","10180",0
,"Vermont","50","2023","2023","Novel Influenza A virus infections","11062",0
,"Vermont","50","2023","2023","Paratyphoid fever","50236",0
,"Vermont","50","2023","2023","Pertussis","10190",1
,"Vermont","50","2023","2023","Plague","10440",0
,"Vermont","50","2023","2023","Poliomyelitis, paralytic","10410",0
,"Vermont","50","2023","2023","Poliovirus infection, nonparalytic","10405",0
,"Vermont","50","2023","2023","Psittacosis","10450",0
,"Vermont","50","2023","2023","Q fever, Total","10259",1
,"Vermont","50","2023","2023","Q fever, Acute","10257",1
,"Vermont","50","2023","2023","Q fever, Chronic","10258",0
,"Vermont","50","2023","2023","Rabies, Animal","10340",39
,"Vermont","50","2023","2023","Rabies, Human","10460",0
,"Vermont","50","2023","2023","Rubella","10200",0
,"Vermont","50","2023","2023","Rubella, congenital syndrome","10370",0
,"Vermont","50","2023","2023","Salmonella Paratyphi infection","50266",0
,"Vermont","50","2023","2023","Salmonella Typhi infection","50267",0
,"Vermont","50","2023","2023","Salmonellosis","11000",0
,"Vermont","50","2023","2023","Salmonellosis (excluding paratyphoid fever and typhoid fever)","50242",0
,"Vermont","50","2023","2023","Salmonellosis (excluding S. Typhi infection and S. Paratyphi infection)","50265",118
,"Vermont","50","2023","2023","Severe acute respiratory syndrome-associated coronavirus disease","10575",0
,"Vermont","50","2023","2023","Shiga toxin-producing Escherichia coli (STEC)","11563",44
,"Vermont","50","2023","2023","Shigellosis","11010",22
,"Vermont","50","2023","2023","Smallpox","11800",0
,"Vermont","50","2023","2023","Spotted fever rickettsiosis, Total","10250",1
,"Vermont","50","2023","2023","Spotted fever rickettsiosis, Confirmed","10253",0
,"Vermont","50","2023","2023","Spotted fever rickettsiosis, Probable","10254",1
,"Vermont","50","2023","2023","Streptococcal toxic shock syndrome","11700",15
,"Vermont","50","2023","2023","Syphilis, Total, all stages","10399",21
,"Vermont","50","2023","2023","Syphilis, Congenital","10316",0
,"Vermont","50","2023","2023","Syphilis, Primary and secondary","10310",3
,"Vermont","50","2023","2023","Tetanus","10210",0
,"Vermont","50","2023","2023","Toxic shock syndrome (other than Streptococcal)","10520",1
,"Vermont","50","2023","2023","Trichinellosis","10270",0
,"Vermont","50","2023","2023","Tuberculosis","10220",3
,"Vermont","50","2023","2023","Tularemia","10230",2
,"Vermont","50","2023","2023","Typhoid fever","10240",0
,"Vermont","50","2023","2023","Vancomycin-intermediate Staphylococcus aureus","11663",0
,"Vermont","50","2023","2023","Vancomycin-resistant Staphylococcus aureus","11665",0
,"Vermont","50","2023","2023","Varicella morbidity","10030",21
,"Vermont","50","2023","2023","Varicella mortality","10031",0
,"Vermont","50","2023","2023","Vibriosis, Total","11545",3
,"Vermont","50","2023","2023","Vibriosis, Confirmed","50234",0
,"Vermont","50","2023","2023","Vibriosis, Probable","50235",3
,"Vermont","50","2023","2023","Viral hemorrhagic fevers","11647",0
,"Vermont","50","2023","2023","Viral hemorrhagic fevers, Chapare virus","11649",0
,"Vermont","50","2023","2023","Viral hemorrhagic fevers, Crimean-Congo hemorrhagic fever virus","11640",0
,"Vermont","50","2023","2023","Viral hemorrhagic fevers, Ebola virus","11630",0
,"Vermont","50","2023","2023","Viral hemorrhagic fevers, Guanarito virus","11648",0
,"Vermont","50","2023","2023","Viral hemorrhagic fevers, Junin virus","11638",0
,"Vermont","50","2023","2023","Viral hemorrhagic fevers, Lassa virus","11632",0
,"Vermont","50","2023","2023","Viral hemorrhagic fevers, Lujo virus","11644",0
,"Vermont","50","2023","2023","Viral hemorrhagic fevers, Machupo virus","11637",0
,"Vermont","50","2023","2023","Viral hemorrhagic fevers, Marburg virus","11631",0
,"Vermont","50","2023","2023","Viral hemorrhagic fevers, Sabia virus","11639",0
,"Vermont","50","2023","2023","Yellow fever","10660",0
,"Vermont","50","2023","2023","Zika virus, Zika virus disease, congenital","50224",0
,"Vermont","50","2023","2023","Zika virus, Zika virus disease, non-congenital","50223",0
,"Vermont","50","2023","2023","Zika virus, Zika virus infection, congenital","50222",0
,"Vermont","50","2023","2023","Zika virus, Zika virus infection, non-congenital","50221",0
,"Virginia","51","2023","2023","Anthrax","10350",0
,"Virginia","51","2023","2023","Arboviral diseases, Chikungunya virus disease","10073",4
,"Virginia","51","2023","2023","Arboviral diseases, Eastern equine encephalitis virus disease, Neuroinvasive","10053",0
,"Virginia","51","2023","2023","Arboviral diseases, Eastern equine encephalitis virus disease, Non-neuroinvasive","10062",0
,"Virginia","51","2023","2023","Arboviral diseases, Jamestown Canyon  virus disease, Neuroinvasive","10078",0
,"Virginia","51","2023","2023","Arboviral diseases, Jamestown Canyon  virus disease, Non-neuroinvasive","10079",0
,"Virginia","51","2023","2023","Arboviral diseases, La Crosse  virus disease, Neuroinvasive","10081",2
,"Virginia","51","2023","2023","Arboviral diseases, La Crosse  virus disease, Non-neuroinvasive","10082",0
,"Virginia","51","2023","2023","Arboviral diseases, Powassan virus disease, Neuroinvasive","10057",0
,"Virginia","51","2023","2023","Arboviral diseases, Powassan virus disease, Non-neuroinvasive","10063",0
,"Virginia","51","2023","2023","Arboviral diseases, St. Louis encephalitis virus disease, Neuroinvasive","10051",0
,"Virginia","51","2023","2023","Arboviral diseases, St. Louis encephalitis virus disease, Non-neuroinvasive","10064",0
,"Virginia","51","2023","2023","Arboviral diseases, West Nile virus disease, Neuroinvasive","10056",9
,"Virginia","51","2023","2023","Arboviral diseases, West Nile virus disease, Non-neuroinvasive","10049",3
,"Virginia","51","2023","2023","Arboviral diseases, Western equine encephalitis virus disease, Neuroinvasive","10052",0
,"Virginia","51","2023","2023","Arboviral diseases, Western equine encephalitis virus disease, Non-neuroinvasive","10065",0
,"Virginia","51","2023","2023","Babesiosis, Total","12010",11
,"Virginia","51","2023","2023","Babesiosis, Confirmed","12011",6
,"Virginia","51","2023","2023","Babesiosis, Probable","12012",5
,"Virginia","51","2023","2023","Botulism, Total","10360",5
,"Virginia","51","2023","2023","Botulism, Foodborne","10530",0
,"Virginia","51","2023","2023","Botulism, Infant","10540",5
,"Virginia","51","2023","2023","Botulism, Other (wound & unspecified)","10550",0
,"Virginia","51","2023","2023","Brucellosis","10020",0
,"Virginia","51","2023","2023","Campylobacteriosis","11020",1749
,"Virginia","51","2023","2023","Candida auris, clinical","50263",88
,"Virginia","51","2023","2023","Candida auris, screening","50264",100
,"Virginia","51","2023","2023","Carbapenemase-producing carbapenem-resistant Enterobacteriaceae","50244",0
,"Virginia","51","2023","2023","Carbapenemase-Producing Organisms (CPO),Total","50272",273
,"Virginia","51","2023","2023","Chancroid","10273",0
,"Virginia","51","2023","2023","Chlamydia trachomatis infection","10274",41206
,"Virginia","51","2023","2023","Cholera","10470",0
,"Virginia","51","2023","2023","Coccidioidomycosis","11900",Not Reportable
,"Virginia","51","2023","2023","Coccidioidomycosis, confirmed","11901",Not Reportable
,"Virginia","51","2023","2023","Coccidioidomycosis, probable","11902",Not Reportable
,"Virginia","51","2023","2023","Coronavirus Disease 2019 (COVID-19), Total","11065",247324
,"Virginia","51","2023","2023","Coronavirus Disease 2019 (COVID-19), Confirmed","11067",130561
,"Virginia","51","2023","2023","Coronavirus Disease 2019 (COVID-19), Probable","11068",116763
,"Virginia","51","2023","2023","Cryptosporidiosis, Total","11580",283
,"Virginia","51","2023","2023","Cryptosporidiosis, Confirmed","11582",124
,"Virginia","51","2023","2023","Cryptosporidiosis, Probable","11583",159
,"Virginia","51","2023","2023","Cyclosporiasis","11575",183
,"Virginia","51","2023","2023","Dengue virus infections, Dengue","10680",26
,"Virginia","51","2023","2023","Dengue virus infections, Dengue-like illness","11704",0
,"Virginia","51","2023","2023","Dengue virus infections, Severe dengue","11705",1
,"Virginia","51","2023","2023","Diphtheria","10040",0
,"Virginia","51","2023","2023","Ehrlichiosis and Anaplasmosis, Anaplasma phagocytophilum infection","11090",31
,"Virginia","51","2023","2023","Ehrlichiosis and Anaplasmosis, Ehrlichia chaffeensis infection","11088",98
,"Virginia","51","2023","2023","Ehrlichiosis and Anaplasmosis, Ehrlichia ewingii infection","11089",0
,"Virginia","51","2023","2023","Ehrlichiosis and Anaplasmosis, Undetermined ehrlichiosis/anaplasmosis","11091",3
,"Virginia","51","2023","2023","Giardiasis","11570",307
,"Virginia","51","2023","2023","Gonorrhea","10280",13795
,"Virginia","51","2023","2023","Haemophilus influenzae, invasive disease, All ages, all serotypes","10590",198
,"Virginia","51","2023","2023","Haemophilus influenzae, invasive disease, Age <5 years, Serotype b","10591",0
,"Virginia","51","2023","2023","Haemophilus influenzae, invasive disease, Age <5 years, Non-b serotype","10593",2
,"Virginia","51","2023","2023","Haemophilus influenzae, invasive disease, Age <5 years, Nontypeable","10592",3
,"Virginia","51","2023","2023","Haemophilus influenzae, invasive disease, Age <5 years, Unknown serotype","10597",13
,"Virginia","51","2023","2023","Hansen's disease","10380",1
,"Virginia","51","2023","2023","Hantavirus infection, non-hantavirus pulmonary syndrome","11610",Not Reportable
,"Virginia","51","2023","2023","Hantavirus pulmonary syndrome","11590",0
,"Virginia","51","2023","2023","Hemolytic uremic syndrome post-diarrheal","11550",7
,"Virginia","51","2023","2023","Hepatitis, A","10110",34
,"Virginia","51","2023","2023","Hepatitis, B, acute","10100",30
,"Virginia","51","2023","2023","Hepatitis, B, perinatal infection","10104",0
,"Virginia","51","2023","2023","Hepatitis, C, acute","10101",36
,"Virginia","51","2023","2023","Hepatitis, C, acute, Confirmed","50228",32
,"Virginia","51","2023","2023","Hepatitis, C, acute, Probable","50229",4
,"Virginia","51","2023","2023","Hepatitis, C, perinatal infection","50248",11
,"Virginia","51","2023","2023","Human immunodeficiency virus diagnoses","10560",870
,"Virginia","51","2023","2023","Influenza-associated pediatric mortality","11061",4
,"Virginia","51","2023","2023","Invasive pneumococcal disease, All ages","11723",30
,"Virginia","51","2023","2023","Invasive pneumococcal disease, All ages, Confirmed","50230",30
,"Virginia","51","2023","2023","Invasive pneumococcal disease, All ages, Probable","50231",0
,"Virginia","51","2023","2023","Invasive pneumococcal disease, Age <5 years","11722",30
,"Virginia","51","2023","2023","Invasive pneumococcal disease, Age <5 years, Confirmed","50232",30
,"Virginia","51","2023","2023","Invasive pneumococcal disease, Age <5 years, Probable","50233",0
,"Virginia","51","2023","2023","Legionellosis","10490",168
,"Virginia","51","2023","2023","Leptospirosis","10390",2
,"Virginia","51","2023","2023","Listeriosis, Total","10640",31
,"Virginia","51","2023","2023","Listeriosis, Confirmed","10641",29
,"Virginia","51","2023","2023","Listeriosis, Probable","10642",2
,"Virginia","51","2023","2023","Lyme disease, Total","11080",1747
,"Virginia","51","2023","2023","Lyme disease, Confirmed","11081",0
,"Virginia","51","2023","2023","Lyme disease, Probable","11082",1747
,"Virginia","51","2023","2023","Malaria","10130",127
,"Virginia","51","2023","2023","Measles, Total","10140",1
,"Virginia","51","2023","2023","Measles, Indigenous","10500",0
,"Virginia","51","2023","2023","Measles, Imported","10510",1
,"Virginia","51","2023","2023","Melioidosis","11585",Not Reportable
,"Virginia","51","2023","2023","Meningococcal disease, All serogroups","10150",26
,"Virginia","51","2023","2023","Meningococcal disease, Serogroups ACWY","10151",22
,"Virginia","51","2023","2023","Meningococcal disease, Serogroup B","10152",0
,"Virginia","51","2023","2023","Meningococcal disease, Other serogroups","10153",1
,"Virginia","51","2023","2023","Meningococcal disease, Unknown serogroup","10154",3
,"Virginia","51","2023","2023","Mpox","11801",12
,"Virginia","51","2023","2023","Mumps","10180",14
,"Virginia","51","2023","2023","Novel Influenza A virus infections","11062",0
,"Virginia","51","2023","2023","Paratyphoid fever","50236",0
,"Virginia","51","2023","2023","Pertussis","10190",120
,"Virginia","51","2023","2023","Plague","10440",0
,"Virginia","51","2023","2023","Poliomyelitis, paralytic","10410",0
,"Virginia","51","2023","2023","Poliovirus infection, nonparalytic","10405",0
,"Virginia","51","2023","2023","Psittacosis","10450",0
,"Virginia","51","2023","2023","Q fever, Total","10259",3
,"Virginia","51","2023","2023","Q fever, Acute","10257",2
,"Virginia","51","2023","2023","Q fever, Chronic","10258",1
,"Virginia","51","2023","2023","Rabies, Animal","10340",372
,"Virginia","51","2023","2023","Rabies, Human","10460",0
,"Virginia","51","2023","2023","Rubella","10200",0
,"Virginia","51","2023","2023","Rubella, congenital syndrome","10370",0
,"Virginia","51","2023","2023","Salmonella Paratyphi infection","50266",9
,"Virginia","51","2023","2023","Salmonella Typhi infection","50267",15
,"Virginia","51","2023","2023","Salmonellosis","11000",0
,"Virginia","51","2023","2023","Salmonellosis (excluding paratyphoid fever and typhoid fever)","50242",0
,"Virginia","51","2023","2023","Salmonellosis (excluding S. Typhi infection and S. Paratyphi infection)","50265",1260
,"Virginia","51","2023","2023","Severe acute respiratory syndrome-associated coronavirus disease","10575",0
,"Virginia","51","2023","2023","Shiga toxin-producing Escherichia coli (STEC)","11563",484
,"Virginia","51","2023","2023","Shigellosis","11010",412
,"Virginia","51","2023","2023","Smallpox","11800",0
,"Virginia","51","2023","2023","Spotted fever rickettsiosis, Total","10250",92
,"Virginia","51","2023","2023","Spotted fever rickettsiosis, Confirmed","10253",2
,"Virginia","51","2023","2023","Spotted fever rickettsiosis, Probable","10254",90
,"Virginia","51","2023","2023","Streptococcal toxic shock syndrome","11700",53
,"Virginia","51","2023","2023","Syphilis, Total, all stages","10399",3159
,"Virginia","51","2023","2023","Syphilis, Congenital","10316",21
,"Virginia","51","2023","2023","Syphilis, Primary and secondary","10310",932
,"Virginia","51","2023","2023","Tetanus","10210",0
,"Virginia","51","2023","2023","Toxic shock syndrome (other than Streptococcal)","10520",Not Reportable
,"Virginia","51","2023","2023","Trichinellosis","10270",0
,"Virginia","51","2023","2023","Tuberculosis","10220",207
,"Virginia","51","2023","2023","Tularemia","10230",4
,"Virginia","51","2023","2023","Typhoid fever","10240",0
,"Virginia","51","2023","2023","Vancomycin-intermediate Staphylococcus aureus","11663",0
,"Virginia","51","2023","2023","Vancomycin-resistant Staphylococcus aureus","11665",0
,"Virginia","51","2023","2023","Varicella morbidity","10030",285
,"Virginia","51","2023","2023","Varicella mortality","10031",Not Reportable
,"Virginia","51","2023","2023","Vibriosis, Total","11545",117
,"Virginia","51","2023","2023","Vibriosis, Confirmed","50234",53
,"Virginia","51","2023","2023","Vibriosis, Probable","50235",64
,"Virginia","51","2023","2023","Viral hemorrhagic fevers","11647",0
,"Virginia","51","2023","2023","Viral hemorrhagic fevers, Chapare virus","11649",0
,"Virginia","51","2023","2023","Viral hemorrhagic fevers, Crimean-Congo hemorrhagic fever virus","11640",0
,"Virginia","51","2023","2023","Viral hemorrhagic fevers, Ebola virus","11630",0
,"Virginia","51","2023","2023","Viral hemorrhagic fevers, Guanarito virus","11648",0
,"Virginia","51","2023","2023","Viral hemorrhagic fevers, Junin virus","11638",0
,"Virginia","51","2023","2023","Viral hemorrhagic fevers, Lassa virus","11632",0
,"Virginia","51","2023","2023","Viral hemorrhagic fevers, Lujo virus","11644",0
,"Virginia","51","2023","2023","Viral hemorrhagic fevers, Machupo virus","11637",0
,"Virginia","51","2023","2023","Viral hemorrhagic fevers, Marburg virus","11631",0
,"Virginia","51","2023","2023","Viral hemorrhagic fevers, Sabia virus","11639",0
,"Virginia","51","2023","2023","Yellow fever","10660",0
,"Virginia","51","2023","2023","Zika virus, Zika virus disease, congenital","50224",0
,"Virginia","51","2023","2023","Zika virus, Zika virus disease, non-congenital","50223",0
,"Virginia","51","2023","2023","Zika virus, Zika virus infection, congenital","50222",0
,"Virginia","51","2023","2023","Zika virus, Zika virus infection, non-congenital","50221",0
,"Washington","53","2023","2023","Anthrax","10350",0
,"Washington","53","2023","2023","Arboviral diseases, Chikungunya virus disease","10073",9
,"Washington","53","2023","2023","Arboviral diseases, Eastern equine encephalitis virus disease, Neuroinvasive","10053",0
,"Washington","53","2023","2023","Arboviral diseases, Eastern equine encephalitis virus disease, Non-neuroinvasive","10062",0
,"Washington","53","2023","2023","Arboviral diseases, Jamestown Canyon  virus disease, Neuroinvasive","10078",0
,"Washington","53","2023","2023","Arboviral diseases, Jamestown Canyon  virus disease, Non-neuroinvasive","10079",0
,"Washington","53","2023","2023","Arboviral diseases, La Crosse  virus disease, Neuroinvasive","10081",0
,"Washington","53","2023","2023","Arboviral diseases, La Crosse  virus disease, Non-neuroinvasive","10082",0
,"Washington","53","2023","2023","Arboviral diseases, Powassan virus disease, Neuroinvasive","10057",0
,"Washington","53","2023","2023","Arboviral diseases, Powassan virus disease, Non-neuroinvasive","10063",0
,"Washington","53","2023","2023","Arboviral diseases, St. Louis encephalitis virus disease, Neuroinvasive","10051",0
,"Washington","53","2023","2023","Arboviral diseases, St. Louis encephalitis virus disease, Non-neuroinvasive","10064",1
,"Washington","53","2023","2023","Arboviral diseases, West Nile virus disease, Neuroinvasive","10056",3
,"Washington","53","2023","2023","Arboviral diseases, West Nile virus disease, Non-neuroinvasive","10049",1
,"Washington","53","2023","2023","Arboviral diseases, Western equine encephalitis virus disease, Neuroinvasive","10052",0
,"Washington","53","2023","2023","Arboviral diseases, Western equine encephalitis virus disease, Non-neuroinvasive","10065",0
,"Washington","53","2023","2023","Babesiosis, Total","12010",2
,"Washington","53","2023","2023","Babesiosis, Confirmed","12011",2
,"Washington","53","2023","2023","Babesiosis, Probable","12012",0
,"Washington","53","2023","2023","Botulism, Total","10360",6
,"Washington","53","2023","2023","Botulism, Foodborne","10530",1
,"Washington","53","2023","2023","Botulism, Infant","10540",5
,"Washington","53","2023","2023","Botulism, Other (wound & unspecified)","10550",0
,"Washington","53","2023","2023","Brucellosis","10020",2
,"Washington","53","2023","2023","Campylobacteriosis","11020",2194
,"Washington","53","2023","2023","Candida auris, clinical","50263",0
,"Washington","53","2023","2023","Candida auris, screening","50264",2
,"Washington","53","2023","2023","Carbapenemase-producing carbapenem-resistant Enterobacteriaceae","50244",0
,"Washington","53","2023","2023","Carbapenemase-Producing Organisms (CPO),Total","50272",86
,"Washington","53","2023","2023","Chancroid","10273",0
,"Washington","53","2023","2023","Chlamydia trachomatis infection","10274",27687
,"Washington","53","2023","2023","Cholera","10470",0
,"Washington","53","2023","2023","Coccidioidomycosis","11900",Not Reportable
,"Washington","53","2023","2023","Coccidioidomycosis, confirmed","11901",Not Reportable
,"Washington","53","2023","2023","Coccidioidomycosis, probable","11902",Not Reportable
,"Washington","53","2023","2023","Coronavirus Disease 2019 (COVID-19), Total","11065",148222
,"Washington","53","2023","2023","Coronavirus Disease 2019 (COVID-19), Confirmed","11067",117062
,"Washington","53","2023","2023","Coronavirus Disease 2019 (COVID-19), Probable","11068",31160
,"Washington","53","2023","2023","Cryptosporidiosis, Total","11580",239
,"Washington","53","2023","2023","Cryptosporidiosis, Confirmed","11582",221
,"Washington","53","2023","2023","Cryptosporidiosis, Probable","11583",18
,"Washington","53","2023","2023","Cyclosporiasis","11575",33
,"Washington","53","2023","2023","Dengue virus infections, Dengue","10680",26
,"Washington","53","2023","2023","Dengue virus infections, Dengue-like illness","11704",3
,"Washington","53","2023","2023","Dengue virus infections, Severe dengue","11705",2
,"Washington","53","2023","2023","Diphtheria","10040",0
,"Washington","53","2023","2023","Ehrlichiosis and Anaplasmosis, Anaplasma phagocytophilum infection","11090",3
,"Washington","53","2023","2023","Ehrlichiosis and Anaplasmosis, Ehrlichia chaffeensis infection","11088",0
,"Washington","53","2023","2023","Ehrlichiosis and Anaplasmosis, Ehrlichia ewingii infection","11089",0
,"Washington","53","2023","2023","Ehrlichiosis and Anaplasmosis, Undetermined ehrlichiosis/anaplasmosis","11091",0
,"Washington","53","2023","2023","Giardiasis","11570",250
,"Washington","53","2023","2023","Gonorrhea","10280",10129
,"Washington","53","2023","2023","Haemophilus influenzae, invasive disease, All ages, all serotypes","10590",10
,"Washington","53","2023","2023","Haemophilus influenzae, invasive disease, Age <5 years, Serotype b","10591",1
,"Washington","53","2023","2023","Haemophilus influenzae, invasive disease, Age <5 years, Non-b serotype","10593",3
,"Washington","53","2023","2023","Haemophilus influenzae, invasive disease, Age <5 years, Nontypeable","10592",6
,"Washington","53","2023","2023","Haemophilus influenzae, invasive disease, Age <5 years, Unknown serotype","10597",0
,"Washington","53","2023","2023","Hansen's disease","10380",Not Reportable
,"Washington","53","2023","2023","Hantavirus infection, non-hantavirus pulmonary syndrome","11610",Not Reportable
,"Washington","53","2023","2023","Hantavirus pulmonary syndrome","11590",2
,"Washington","53","2023","2023","Hemolytic uremic syndrome post-diarrheal","11550",Not Reportable
,"Washington","53","2023","2023","Hepatitis, A","10110",29
,"Washington","53","2023","2023","Hepatitis, B, acute","10100",27
,"Washington","53","2023","2023","Hepatitis, B, perinatal infection","10104",0
,"Washington","53","2023","2023","Hepatitis, C, acute","10101",96
,"Washington","53","2023","2023","Hepatitis, C, acute, Confirmed","50228",93
,"Washington","53","2023","2023","Hepatitis, C, acute, Probable","50229",3
,"Washington","53","2023","2023","Hepatitis, C, perinatal infection","50248",7
,"Washington","53","2023","2023","Human immunodeficiency virus diagnoses","10560",419
,"Washington","53","2023","2023","Influenza-associated pediatric mortality","11061",2
,"Washington","53","2023","2023","Invasive pneumococcal disease, All ages","11723",Not Reportable
,"Washington","53","2023","2023","Invasive pneumococcal disease, All ages, Confirmed","50230",Not Reportable
,"Washington","53","2023","2023","Invasive pneumococcal disease, All ages, Probable","50231",Not Reportable
,"Washington","53","2023","2023","Invasive pneumococcal disease, Age <5 years","11722",Not Reportable
,"Washington","53","2023","2023","Invasive pneumococcal disease, Age <5 years, Confirmed","50232",Not Reportable
,"Washington","53","2023","2023","Invasive pneumococcal disease, Age <5 years, Probable","50233",Not Reportable
,"Washington","53","2023","2023","Legionellosis","10490",131
,"Washington","53","2023","2023","Leptospirosis","10390",2
,"Washington","53","2023","2023","Listeriosis, Total","10640",30
,"Washington","53","2023","2023","Listeriosis, Confirmed","10641",28
,"Washington","53","2023","2023","Listeriosis, Probable","10642",2
,"Washington","53","2023","2023","Lyme disease, Total","11080",25
,"Washington","53","2023","2023","Lyme disease, Confirmed","11081",25
,"Washington","53","2023","2023","Lyme disease, Probable","11082",0
,"Washington","53","2023","2023","Malaria","10130",70
,"Washington","53","2023","2023","Measles, Total","10140",12
,"Washington","53","2023","2023","Measles, Indigenous","10500",11
,"Washington","53","2023","2023","Measles, Imported","10510",1
,"Washington","53","2023","2023","Melioidosis","11585",0
,"Washington","53","2023","2023","Meningococcal disease, All serogroups","10150",4
,"Washington","53","2023","2023","Meningococcal disease, Serogroups ACWY","10151",3
,"Washington","53","2023","2023","Meningococcal disease, Serogroup B","10152",1
,"Washington","53","2023","2023","Meningococcal disease, Other serogroups","10153",0
,"Washington","53","2023","2023","Meningococcal disease, Unknown serogroup","10154",0
,"Washington","53","2023","2023","Mpox","11801",80
,"Washington","53","2023","2023","Mumps","10180",7
,"Washington","53","2023","2023","Novel Influenza A virus infections","11062",0
,"Washington","53","2023","2023","Paratyphoid fever","50236",0
,"Washington","53","2023","2023","Pertussis","10190",87
,"Washington","53","2023","2023","Plague","10440",0
,"Washington","53","2023","2023","Poliomyelitis, paralytic","10410",0
,"Washington","53","2023","2023","Poliovirus infection, nonparalytic","10405",0
,"Washington","53","2023","2023","Psittacosis","10450",0
,"Washington","53","2023","2023","Q fever, Total","10259",2
,"Washington","53","2023","2023","Q fever, Acute","10257",2
,"Washington","53","2023","2023","Q fever, Chronic","10258",0
,"Washington","53","2023","2023","Rabies, Animal","10340",16
,"Washington","53","2023","2023","Rabies, Human","10460",0
,"Washington","53","2023","2023","Rubella","10200",0
,"Washington","53","2023","2023","Rubella, congenital syndrome","10370",0
,"Washington","53","2023","2023","Salmonella Paratyphi infection","50266",17
,"Washington","53","2023","2023","Salmonella Typhi infection","50267",21
,"Washington","53","2023","2023","Salmonellosis","11000",0
,"Washington","53","2023","2023","Salmonellosis (excluding paratyphoid fever and typhoid fever)","50242",0
,"Washington","53","2023","2023","Salmonellosis (excluding S. Typhi infection and S. Paratyphi infection)","50265",1017
,"Washington","53","2023","2023","Severe acute respiratory syndrome-associated coronavirus disease","10575",0
,"Washington","53","2023","2023","Shiga toxin-producing Escherichia coli (STEC)","11563",573
,"Washington","53","2023","2023","Shigellosis","11010",1038
,"Washington","53","2023","2023","Smallpox","11800",0
,"Washington","53","2023","2023","Spotted fever rickettsiosis, Total","10250",2
,"Washington","53","2023","2023","Spotted fever rickettsiosis, Confirmed","10253",0
,"Washington","53","2023","2023","Spotted fever rickettsiosis, Probable","10254",2
,"Washington","53","2023","2023","Streptococcal toxic shock syndrome","11700",Not Reportable
,"Washington","53","2023","2023","Syphilis, Total, all stages","10399",4481
,"Washington","53","2023","2023","Syphilis, Congenital","10316",57
,"Washington","53","2023","2023","Syphilis, Primary and secondary","10310",1665
,"Washington","53","2023","2023","Tetanus","10210",0
,"Washington","53","2023","2023","Toxic shock syndrome (other than Streptococcal)","10520",Not Reportable
,"Washington","53","2023","2023","Trichinellosis","10270",0
,"Washington","53","2023","2023","Tuberculosis","10220",221
,"Washington","53","2023","2023","Tularemia","10230",4
,"Washington","53","2023","2023","Typhoid fever","10240",0
,"Washington","53","2023","2023","Vancomycin-intermediate Staphylococcus aureus","11663",Not Reportable
,"Washington","53","2023","2023","Vancomycin-resistant Staphylococcus aureus","11665",0
,"Washington","53","2023","2023","Varicella morbidity","10030",Not Reportable
,"Washington","53","2023","2023","Varicella mortality","10031",0
,"Washington","53","2023","2023","Vibriosis, Total","11545",114
,"Washington","53","2023","2023","Vibriosis, Confirmed","50234",71
,"Washington","53","2023","2023","Vibriosis, Probable","50235",43
,"Washington","53","2023","2023","Viral hemorrhagic fevers","11647",0
,"Washington","53","2023","2023","Viral hemorrhagic fevers, Chapare virus","11649",0
,"Washington","53","2023","2023","Viral hemorrhagic fevers, Crimean-Congo hemorrhagic fever virus","11640",0
,"Washington","53","2023","2023","Viral hemorrhagic fevers, Ebola virus","11630",0
,"Washington","53","2023","2023","Viral hemorrhagic fevers, Guanarito virus","11648",0
,"Washington","53","2023","2023","Viral hemorrhagic fevers, Junin virus","11638",0
,"Washington","53","2023","2023","Viral hemorrhagic fevers, Lassa virus","11632",0
,"Washington","53","2023","2023","Viral hemorrhagic fevers, Lujo virus","11644",0
,"Washington","53","2023","2023","Viral hemorrhagic fevers, Machupo virus","11637",0
,"Washington","53","2023","2023","Viral hemorrhagic fevers, Marburg virus","11631",0
,"Washington","53","2023","2023","Viral hemorrhagic fevers, Sabia virus","11639",0
,"Washington","53","2023","2023","Yellow fever","10660",0
,"Washington","53","2023","2023","Zika virus, Zika virus disease, congenital","50224",0
,"Washington","53","2023","2023","Zika virus, Zika virus disease, non-congenital","50223",0
,"Washington","53","2023","2023","Zika virus, Zika virus infection, congenital","50222",0
,"Washington","53","2023","2023","Zika virus, Zika virus infection, non-congenital","50221",0
,"West Virginia","54","2023","2023","Anthrax","10350",0
,"West Virginia","54","2023","2023","Arboviral diseases, Chikungunya virus disease","10073",0
,"West Virginia","54","2023","2023","Arboviral diseases, Eastern equine encephalitis virus disease, Neuroinvasive","10053",0
,"West Virginia","54","2023","2023","Arboviral diseases, Eastern equine encephalitis virus disease, Non-neuroinvasive","10062",0
,"West Virginia","54","2023","2023","Arboviral diseases, Jamestown Canyon  virus disease, Neuroinvasive","10078",0
,"West Virginia","54","2023","2023","Arboviral diseases, Jamestown Canyon  virus disease, Non-neuroinvasive","10079",0
,"West Virginia","54","2023","2023","Arboviral diseases, La Crosse  virus disease, Neuroinvasive","10081",5
,"West Virginia","54","2023","2023","Arboviral diseases, La Crosse  virus disease, Non-neuroinvasive","10082",1
,"West Virginia","54","2023","2023","Arboviral diseases, Powassan virus disease, Neuroinvasive","10057",0
,"West Virginia","54","2023","2023","Arboviral diseases, Powassan virus disease, Non-neuroinvasive","10063",0
,"West Virginia","54","2023","2023","Arboviral diseases, St. Louis encephalitis virus disease, Neuroinvasive","10051",0
,"West Virginia","54","2023","2023","Arboviral diseases, St. Louis encephalitis virus disease, Non-neuroinvasive","10064",0
,"West Virginia","54","2023","2023","Arboviral diseases, West Nile virus disease, Neuroinvasive","10056",2
,"West Virginia","54","2023","2023","Arboviral diseases, West Nile virus disease, Non-neuroinvasive","10049",0
,"West Virginia","54","2023","2023","Arboviral diseases, Western equine encephalitis virus disease, Neuroinvasive","10052",0
,"West Virginia","54","2023","2023","Arboviral diseases, Western equine encephalitis virus disease, Non-neuroinvasive","10065",0
,"West Virginia","54","2023","2023","Babesiosis, Total","12010",2
,"West Virginia","54","2023","2023","Babesiosis, Confirmed","12011",0
,"West Virginia","54","2023","2023","Babesiosis, Probable","12012",2
,"West Virginia","54","2023","2023","Botulism, Total","10360",2
,"West Virginia","54","2023","2023","Botulism, Foodborne","10530",0
,"West Virginia","54","2023","2023","Botulism, Infant","10540",2
,"West Virginia","54","2023","2023","Botulism, Other (wound & unspecified)","10550",0
,"West Virginia","54","2023","2023","Brucellosis","10020",0
,"West Virginia","54","2023","2023","Campylobacteriosis","11020",541
,"West Virginia","54","2023","2023","Candida auris, clinical","50263",4
,"West Virginia","54","2023","2023","Candida auris, screening","50264",1
,"West Virginia","54","2023","2023","Carbapenemase-producing carbapenem-resistant Enterobacteriaceae","50244",0
,"West Virginia","54","2023","2023","Carbapenemase-Producing Organisms (CPO),Total","50272",92
,"West Virginia","54","2023","2023","Chancroid","10273",0
,"West Virginia","54","2023","2023","Chlamydia trachomatis infection","10274",4407
,"West Virginia","54","2023","2023","Cholera","10470",0
,"West Virginia","54","2023","2023","Coccidioidomycosis","11900",Not Reportable
,"West Virginia","54","2023","2023","Coccidioidomycosis, confirmed","11901",Not Reportable
,"West Virginia","54","2023","2023","Coccidioidomycosis, probable","11902",Not Reportable
,"West Virginia","54","2023","2023","Coronavirus Disease 2019 (COVID-19), Total","11065",75855
,"West Virginia","54","2023","2023","Coronavirus Disease 2019 (COVID-19), Confirmed","11067",43977
,"West Virginia","54","2023","2023","Coronavirus Disease 2019 (COVID-19), Probable","11068",31878
,"West Virginia","54","2023","2023","Cryptosporidiosis, Total","11580",91
,"West Virginia","54","2023","2023","Cryptosporidiosis, Confirmed","11582",73
,"West Virginia","54","2023","2023","Cryptosporidiosis, Probable","11583",18
,"West Virginia","54","2023","2023","Cyclosporiasis","11575",5
,"West Virginia","54","2023","2023","Dengue virus infections, Dengue","10680",1
,"West Virginia","54","2023","2023","Dengue virus infections, Dengue-like illness","11704",0
,"West Virginia","54","2023","2023","Dengue virus infections, Severe dengue","11705",0
,"West Virginia","54","2023","2023","Diphtheria","10040",0
,"West Virginia","54","2023","2023","Ehrlichiosis and Anaplasmosis, Anaplasma phagocytophilum infection","11090",17
,"West Virginia","54","2023","2023","Ehrlichiosis and Anaplasmosis, Ehrlichia chaffeensis infection","11088",20
,"West Virginia","54","2023","2023","Ehrlichiosis and Anaplasmosis, Ehrlichia ewingii infection","11089",0
,"West Virginia","54","2023","2023","Ehrlichiosis and Anaplasmosis, Undetermined ehrlichiosis/anaplasmosis","11091",0
,"West Virginia","54","2023","2023","Giardiasis","11570",84
,"West Virginia","54","2023","2023","Gonorrhea","10280",968
,"West Virginia","54","2023","2023","Haemophilus influenzae, invasive disease, All ages, all serotypes","10590",71
,"West Virginia","54","2023","2023","Haemophilus influenzae, invasive disease, Age <5 years, Serotype b","10591",0
,"West Virginia","54","2023","2023","Haemophilus influenzae, invasive disease, Age <5 years, Non-b serotype","10593",1
,"West Virginia","54","2023","2023","Haemophilus influenzae, invasive disease, Age <5 years, Nontypeable","10592",0
,"West Virginia","54","2023","2023","Haemophilus influenzae, invasive disease, Age <5 years, Unknown serotype","10597",2
,"West Virginia","54","2023","2023","Hansen's disease","10380",Not Reportable
,"West Virginia","54","2023","2023","Hantavirus infection, non-hantavirus pulmonary syndrome","11610",0
,"West Virginia","54","2023","2023","Hantavirus pulmonary syndrome","11590",0
,"West Virginia","54","2023","2023","Hemolytic uremic syndrome post-diarrheal","11550",0
,"West Virginia","54","2023","2023","Hepatitis, A","10110",5
,"West Virginia","54","2023","2023","Hepatitis, B, acute","10100",35
,"West Virginia","54","2023","2023","Hepatitis, B, perinatal infection","10104",0
,"West Virginia","54","2023","2023","Hepatitis, C, acute","10101",129
,"West Virginia","54","2023","2023","Hepatitis, C, acute, Confirmed","50228",114
,"West Virginia","54","2023","2023","Hepatitis, C, acute, Probable","50229",15
,"West Virginia","54","2023","2023","Hepatitis, C, perinatal infection","50248",5
,"West Virginia","54","2023","2023","Human immunodeficiency virus diagnoses","10560",100
,"West Virginia","54","2023","2023","Influenza-associated pediatric mortality","11061",0
,"West Virginia","54","2023","2023","Invasive pneumococcal disease, All ages","11723",315
,"West Virginia","54","2023","2023","Invasive pneumococcal disease, All ages, Confirmed","50230",306
,"West Virginia","54","2023","2023","Invasive pneumococcal disease, All ages, Probable","50231",9
,"West Virginia","54","2023","2023","Invasive pneumococcal disease, Age <5 years","11722",14
,"West Virginia","54","2023","2023","Invasive pneumococcal disease, Age <5 years, Confirmed","50232",10
,"West Virginia","54","2023","2023","Invasive pneumococcal disease, Age <5 years, Probable","50233",4
,"West Virginia","54","2023","2023","Legionellosis","10490",66
,"West Virginia","54","2023","2023","Leptospirosis","10390",0
,"West Virginia","54","2023","2023","Listeriosis, Total","10640",5
,"West Virginia","54","2023","2023","Listeriosis, Confirmed","10641",3
,"West Virginia","54","2023","2023","Listeriosis, Probable","10642",2
,"West Virginia","54","2023","2023","Lyme disease, Total","11080",3242
,"West Virginia","54","2023","2023","Lyme disease, Confirmed","11081",0
,"West Virginia","54","2023","2023","Lyme disease, Probable","11082",3242
,"West Virginia","54","2023","2023","Malaria","10130",4
,"West Virginia","54","2023","2023","Measles, Total","10140",0
,"West Virginia","54","2023","2023","Measles, Indigenous","10500",0
,"West Virginia","54","2023","2023","Measles, Imported","10510",0
,"West Virginia","54","2023","2023","Melioidosis","11585",0
,"West Virginia","54","2023","2023","Meningococcal disease, All serogroups","10150",2
,"West Virginia","54","2023","2023","Meningococcal disease, Serogroups ACWY","10151",0
,"West Virginia","54","2023","2023","Meningococcal disease, Serogroup B","10152",0
,"West Virginia","54","2023","2023","Meningococcal disease, Other serogroups","10153",0
,"West Virginia","54","2023","2023","Meningococcal disease, Unknown serogroup","10154",2
,"West Virginia","54","2023","2023","Mpox","11801",0
,"West Virginia","54","2023","2023","Mumps","10180",1
,"West Virginia","54","2023","2023","Novel Influenza A virus infections","11062",0
,"West Virginia","54","2023","2023","Paratyphoid fever","50236",0
,"West Virginia","54","2023","2023","Pertussis","10190",28
,"West Virginia","54","2023","2023","Plague","10440",0
,"West Virginia","54","2023","2023","Poliomyelitis, paralytic","10410",0
,"West Virginia","54","2023","2023","Poliovirus infection, nonparalytic","10405",0
,"West Virginia","54","2023","2023","Psittacosis","10450",0
,"West Virginia","54","2023","2023","Q fever, Total","10259",3
,"West Virginia","54","2023","2023","Q fever, Acute","10257",2
,"West Virginia","54","2023","2023","Q fever, Chronic","10258",1
,"West Virginia","54","2023","2023","Rabies, Animal","10340",46
,"West Virginia","54","2023","2023","Rabies, Human","10460",0
,"West Virginia","54","2023","2023","Rubella","10200",0
,"West Virginia","54","2023","2023","Rubella, congenital syndrome","10370",0
,"West Virginia","54","2023","2023","Salmonella Paratyphi infection","50266",3
,"West Virginia","54","2023","2023","Salmonella Typhi infection","50267",1
,"West Virginia","54","2023","2023","Salmonellosis","11000",0
,"West Virginia","54","2023","2023","Salmonellosis (excluding paratyphoid fever and typhoid fever)","50242",0
,"West Virginia","54","2023","2023","Salmonellosis (excluding S. Typhi infection and S. Paratyphi infection)","50265",247
,"West Virginia","54","2023","2023","Severe acute respiratory syndrome-associated coronavirus disease","10575",0
,"West Virginia","54","2023","2023","Shiga toxin-producing Escherichia coli (STEC)","11563",103
,"West Virginia","54","2023","2023","Shigellosis","11010",25
,"West Virginia","54","2023","2023","Smallpox","11800",0
,"West Virginia","54","2023","2023","Spotted fever rickettsiosis, Total","10250",11
,"West Virginia","54","2023","2023","Spotted fever rickettsiosis, Confirmed","10253",0
,"West Virginia","54","2023","2023","Spotted fever rickettsiosis, Probable","10254",11
,"West Virginia","54","2023","2023","Streptococcal toxic shock syndrome","11700",2
,"West Virginia","54","2023","2023","Syphilis, Total, all stages","10399",607
,"West Virginia","54","2023","2023","Syphilis, Congenital","10316",18
,"West Virginia","54","2023","2023","Syphilis, Primary and secondary","10310",193
,"West Virginia","54","2023","2023","Tetanus","10210",0
,"West Virginia","54","2023","2023","Toxic shock syndrome (other than Streptococcal)","10520",1
,"West Virginia","54","2023","2023","Trichinellosis","10270",0
,"West Virginia","54","2023","2023","Tuberculosis","10220",15
,"West Virginia","54","2023","2023","Tularemia","10230",1
,"West Virginia","54","2023","2023","Typhoid fever","10240",0
,"West Virginia","54","2023","2023","Vancomycin-intermediate Staphylococcus aureus","11663",0
,"West Virginia","54","2023","2023","Vancomycin-resistant Staphylococcus aureus","11665",0
,"West Virginia","54","2023","2023","Varicella morbidity","10030",Not Reportable
,"West Virginia","54","2023","2023","Varicella mortality","10031",0
,"West Virginia","54","2023","2023","Vibriosis, Total","11545",9
,"West Virginia","54","2023","2023","Vibriosis, Confirmed","50234",2
,"West Virginia","54","2023","2023","Vibriosis, Probable","50235",7
,"West Virginia","54","2023","2023","Viral hemorrhagic fevers","11647",0
,"West Virginia","54","2023","2023","Viral hemorrhagic fevers, Chapare virus","11649",0
,"West Virginia","54","2023","2023","Viral hemorrhagic fevers, Crimean-Congo hemorrhagic fever virus","11640",0
,"West Virginia","54","2023","2023","Viral hemorrhagic fevers, Ebola virus","11630",0
,"West Virginia","54","2023","2023","Viral hemorrhagic fevers, Guanarito virus","11648",0
,"West Virginia","54","2023","2023","Viral hemorrhagic fevers, Junin virus","11638",0
,"West Virginia","54","2023","2023","Viral hemorrhagic fevers, Lassa virus","11632",0
,"West Virginia","54","2023","2023","Viral hemorrhagic fevers, Lujo virus","11644",0
,"West Virginia","54","2023","2023","Viral hemorrhagic fevers, Machupo virus","11637",0
,"West Virginia","54","2023","2023","Viral hemorrhagic fevers, Marburg virus","11631",0
,"West Virginia","54","2023","2023","Viral hemorrhagic fevers, Sabia virus","11639",0
,"West Virginia","54","2023","2023","Yellow fever","10660",0
,"West Virginia","54","2023","2023","Zika virus, Zika virus disease, congenital","50224",0
,"West Virginia","54","2023","2023","Zika virus, Zika virus disease, non-congenital","50223",0
,"West Virginia","54","2023","2023","Zika virus, Zika virus infection, congenital","50222",0
,"West Virginia","54","2023","2023","Zika virus, Zika virus infection, non-congenital","50221",0
,"Wisconsin","55","2023","2023","Anthrax","10350",0
,"Wisconsin","55","2023","2023","Arboviral diseases, Chikungunya virus disease","10073",1
,"Wisconsin","55","2023","2023","Arboviral diseases, Eastern equine encephalitis virus disease, Neuroinvasive","10053",0
,"Wisconsin","55","2023","2023","Arboviral diseases, Eastern equine encephalitis virus disease, Non-neuroinvasive","10062",0
,"Wisconsin","55","2023","2023","Arboviral diseases, Jamestown Canyon  virus disease, Neuroinvasive","10078",11
,"Wisconsin","55","2023","2023","Arboviral diseases, Jamestown Canyon  virus disease, Non-neuroinvasive","10079",2
,"Wisconsin","55","2023","2023","Arboviral diseases, La Crosse  virus disease, Neuroinvasive","10081",1
,"Wisconsin","55","2023","2023","Arboviral diseases, La Crosse  virus disease, Non-neuroinvasive","10082",0
,"Wisconsin","55","2023","2023","Arboviral diseases, Powassan virus disease, Neuroinvasive","10057",2
,"Wisconsin","55","2023","2023","Arboviral diseases, Powassan virus disease, Non-neuroinvasive","10063",0
,"Wisconsin","55","2023","2023","Arboviral diseases, St. Louis encephalitis virus disease, Neuroinvasive","10051",0
,"Wisconsin","55","2023","2023","Arboviral diseases, St. Louis encephalitis virus disease, Non-neuroinvasive","10064",0
,"Wisconsin","55","2023","2023","Arboviral diseases, West Nile virus disease, Neuroinvasive","10056",24
,"Wisconsin","55","2023","2023","Arboviral diseases, West Nile virus disease, Non-neuroinvasive","10049",1
,"Wisconsin","55","2023","2023","Arboviral diseases, Western equine encephalitis virus disease, Neuroinvasive","10052",0
,"Wisconsin","55","2023","2023","Arboviral diseases, Western equine encephalitis virus disease, Non-neuroinvasive","10065",0
,"Wisconsin","55","2023","2023","Babesiosis, Total","12010",124
,"Wisconsin","55","2023","2023","Babesiosis, Confirmed","12011",98
,"Wisconsin","55","2023","2023","Babesiosis, Probable","12012",26
,"Wisconsin","55","2023","2023","Botulism, Total","10360",0
,"Wisconsin","55","2023","2023","Botulism, Foodborne","10530",0
,"Wisconsin","55","2023","2023","Botulism, Infant","10540",0
,"Wisconsin","55","2023","2023","Botulism, Other (wound & unspecified)","10550",0
,"Wisconsin","55","2023","2023","Brucellosis","10020",0
,"Wisconsin","55","2023","2023","Campylobacteriosis","11020",1598
,"Wisconsin","55","2023","2023","Candida auris, clinical","50263",8
,"Wisconsin","55","2023","2023","Candida auris, screening","50264",9
,"Wisconsin","55","2023","2023","Carbapenemase-producing carbapenem-resistant Enterobacteriaceae","50244",0
,"Wisconsin","55","2023","2023","Carbapenemase-Producing Organisms (CPO),Total","50272",45
,"Wisconsin","55","2023","2023","Chancroid","10273",0
,"Wisconsin","55","2023","2023","Chlamydia trachomatis infection","10274",24988
,"Wisconsin","55","2023","2023","Cholera","10470",0
,"Wisconsin","55","2023","2023","Coccidioidomycosis","11900",15
,"Wisconsin","55","2023","2023","Coccidioidomycosis, confirmed","11901",10
,"Wisconsin","55","2023","2023","Coccidioidomycosis, probable","11902",5
,"Wisconsin","55","2023","2023","Coronavirus Disease 2019 (COVID-19), Total","11065",Not Reportable
,"Wisconsin","55","2023","2023","Coronavirus Disease 2019 (COVID-19), Confirmed","11067",Not Reportable
,"Wisconsin","55","2023","2023","Coronavirus Disease 2019 (COVID-19), Probable","11068",Not Reportable
,"Wisconsin","55","2023","2023","Cryptosporidiosis, Total","11580",543
,"Wisconsin","55","2023","2023","Cryptosporidiosis, Confirmed","11582",405
,"Wisconsin","55","2023","2023","Cryptosporidiosis, Probable","11583",138
,"Wisconsin","55","2023","2023","Cyclosporiasis","11575",68
,"Wisconsin","55","2023","2023","Dengue virus infections, Dengue","10680",12
,"Wisconsin","55","2023","2023","Dengue virus infections, Dengue-like illness","11704",0
,"Wisconsin","55","2023","2023","Dengue virus infections, Severe dengue","11705",0
,"Wisconsin","55","2023","2023","Diphtheria","10040",0
,"Wisconsin","55","2023","2023","Ehrlichiosis and Anaplasmosis, Anaplasma phagocytophilum infection","11090",670
,"Wisconsin","55","2023","2023","Ehrlichiosis and Anaplasmosis, Ehrlichia chaffeensis infection","11088",47
,"Wisconsin","55","2023","2023","Ehrlichiosis and Anaplasmosis, Ehrlichia ewingii infection","11089",2
,"Wisconsin","55","2023","2023","Ehrlichiosis and Anaplasmosis, Undetermined ehrlichiosis/anaplasmosis","11091",21
,"Wisconsin","55","2023","2023","Giardiasis","11570",516
,"Wisconsin","55","2023","2023","Gonorrhea","10280",7007
,"Wisconsin","55","2023","2023","Haemophilus influenzae, invasive disease, All ages, all serotypes","10590",131
,"Wisconsin","55","2023","2023","Haemophilus influenzae, invasive disease, Age <5 years, Serotype b","10591",2
,"Wisconsin","55","2023","2023","Haemophilus influenzae, invasive disease, Age <5 years, Non-b serotype","10593",1
,"Wisconsin","55","2023","2023","Haemophilus influenzae, invasive disease, Age <5 years, Nontypeable","10592",7
,"Wisconsin","55","2023","2023","Haemophilus influenzae, invasive disease, Age <5 years, Unknown serotype","10597",3
,"Wisconsin","55","2023","2023","Hansen's disease","10380",0
,"Wisconsin","55","2023","2023","Hantavirus infection, non-hantavirus pulmonary syndrome","11610",0
,"Wisconsin","55","2023","2023","Hantavirus pulmonary syndrome","11590",0
,"Wisconsin","55","2023","2023","Hemolytic uremic syndrome post-diarrheal","11550",5
,"Wisconsin","55","2023","2023","Hepatitis, A","10110",18
,"Wisconsin","55","2023","2023","Hepatitis, B, acute","10100",7
,"Wisconsin","55","2023","2023","Hepatitis, B, perinatal infection","10104",0
,"Wisconsin","55","2023","2023","Hepatitis, C, acute","10101",82
,"Wisconsin","55","2023","2023","Hepatitis, C, acute, Confirmed","50228",78
,"Wisconsin","55","2023","2023","Hepatitis, C, acute, Probable","50229",4
,"Wisconsin","55","2023","2023","Hepatitis, C, perinatal infection","50248",3
,"Wisconsin","55","2023","2023","Human immunodeficiency virus diagnoses","10560",255
,"Wisconsin","55","2023","2023","Influenza-associated pediatric mortality","11061",1
,"Wisconsin","55","2023","2023","Invasive pneumococcal disease, All ages","11723",508
,"Wisconsin","55","2023","2023","Invasive pneumococcal disease, All ages, Confirmed","50230",508
,"Wisconsin","55","2023","2023","Invasive pneumococcal disease, All ages, Probable","50231",0
,"Wisconsin","55","2023","2023","Invasive pneumococcal disease, Age <5 years","11722",27
,"Wisconsin","55","2023","2023","Invasive pneumococcal disease, Age <5 years, Confirmed","50232",27
,"Wisconsin","55","2023","2023","Invasive pneumococcal disease, Age <5 years, Probable","50233",0
,"Wisconsin","55","2023","2023","Legionellosis","10490",212
,"Wisconsin","55","2023","2023","Leptospirosis","10390",0
,"Wisconsin","55","2023","2023","Listeriosis, Total","10640",22
,"Wisconsin","55","2023","2023","Listeriosis, Confirmed","10641",22
,"Wisconsin","55","2023","2023","Listeriosis, Probable","10642",0
,"Wisconsin","55","2023","2023","Lyme disease, Total","11080",6283
,"Wisconsin","55","2023","2023","Lyme disease, Confirmed","11081",0
,"Wisconsin","55","2023","2023","Lyme disease, Probable","11082",6283
,"Wisconsin","55","2023","2023","Malaria","10130",20
,"Wisconsin","55","2023","2023","Measles, Total","10140",1
,"Wisconsin","55","2023","2023","Measles, Indigenous","10500",1
,"Wisconsin","55","2023","2023","Measles, Imported","10510",0
,"Wisconsin","55","2023","2023","Melioidosis","11585",0
,"Wisconsin","55","2023","2023","Meningococcal disease, All serogroups","10150",2
,"Wisconsin","55","2023","2023","Meningococcal disease, Serogroups ACWY","10151",1
,"Wisconsin","55","2023","2023","Meningococcal disease, Serogroup B","10152",0
,"Wisconsin","55","2023","2023","Meningococcal disease, Other serogroups","10153",0
,"Wisconsin","55","2023","2023","Meningococcal disease, Unknown serogroup","10154",1
,"Wisconsin","55","2023","2023","Mpox","11801",8
,"Wisconsin","55","2023","2023","Mumps","10180",4
,"Wisconsin","55","2023","2023","Novel Influenza A virus infections","11062",0
,"Wisconsin","55","2023","2023","Paratyphoid fever","50236",0
,"Wisconsin","55","2023","2023","Pertussis","10190",51
,"Wisconsin","55","2023","2023","Plague","10440",0
,"Wisconsin","55","2023","2023","Poliomyelitis, paralytic","10410",0
,"Wisconsin","55","2023","2023","Poliovirus infection, nonparalytic","10405",0
,"Wisconsin","55","2023","2023","Psittacosis","10450",0
,"Wisconsin","55","2023","2023","Q fever, Total","10259",3
,"Wisconsin","55","2023","2023","Q fever, Acute","10257",3
,"Wisconsin","55","2023","2023","Q fever, Chronic","10258",0
,"Wisconsin","55","2023","2023","Rabies, Animal","10340",38
,"Wisconsin","55","2023","2023","Rabies, Human","10460",0
,"Wisconsin","55","2023","2023","Rubella","10200",0
,"Wisconsin","55","2023","2023","Rubella, congenital syndrome","10370",0
,"Wisconsin","55","2023","2023","Salmonella Paratyphi infection","50266",1
,"Wisconsin","55","2023","2023","Salmonella Typhi infection","50267",8
,"Wisconsin","55","2023","2023","Salmonellosis","11000",0
,"Wisconsin","55","2023","2023","Salmonellosis (excluding paratyphoid fever and typhoid fever)","50242",0
,"Wisconsin","55","2023","2023","Salmonellosis (excluding S. Typhi infection and S. Paratyphi infection)","50265",1030
,"Wisconsin","55","2023","2023","Severe acute respiratory syndrome-associated coronavirus disease","10575",0
,"Wisconsin","55","2023","2023","Shiga toxin-producing Escherichia coli (STEC)","11563",508
,"Wisconsin","55","2023","2023","Shigellosis","11010",153
,"Wisconsin","55","2023","2023","Smallpox","11800",0
,"Wisconsin","55","2023","2023","Spotted fever rickettsiosis, Total","10250",13
,"Wisconsin","55","2023","2023","Spotted fever rickettsiosis, Confirmed","10253",3
,"Wisconsin","55","2023","2023","Spotted fever rickettsiosis, Probable","10254",10
,"Wisconsin","55","2023","2023","Streptococcal toxic shock syndrome","11700",11
,"Wisconsin","55","2023","2023","Syphilis, Total, all stages","10399",1801
,"Wisconsin","55","2023","2023","Syphilis, Congenital","10316",25
,"Wisconsin","55","2023","2023","Syphilis, Primary and secondary","10310",540
,"Wisconsin","55","2023","2023","Tetanus","10210",0
,"Wisconsin","55","2023","2023","Toxic shock syndrome (other than Streptococcal)","10520",2
,"Wisconsin","55","2023","2023","Trichinellosis","10270",0
,"Wisconsin","55","2023","2023","Tuberculosis","10220",54
,"Wisconsin","55","2023","2023","Tularemia","10230",2
,"Wisconsin","55","2023","2023","Typhoid fever","10240",0
,"Wisconsin","55","2023","2023","Vancomycin-intermediate Staphylococcus aureus","11663",4
,"Wisconsin","55","2023","2023","Vancomycin-resistant Staphylococcus aureus","11665",0
,"Wisconsin","55","2023","2023","Varicella morbidity","10030",188
,"Wisconsin","55","2023","2023","Varicella mortality","10031",0
,"Wisconsin","55","2023","2023","Vibriosis, Total","11545",44
,"Wisconsin","55","2023","2023","Vibriosis, Confirmed","50234",20
,"Wisconsin","55","2023","2023","Vibriosis, Probable","50235",24
,"Wisconsin","55","2023","2023","Viral hemorrhagic fevers","11647",0
,"Wisconsin","55","2023","2023","Viral hemorrhagic fevers, Chapare virus","11649",0
,"Wisconsin","55","2023","2023","Viral hemorrhagic fevers, Crimean-Congo hemorrhagic fever virus","11640",0
,"Wisconsin","55","2023","2023","Viral hemorrhagic fevers, Ebola virus","11630",0
,"Wisconsin","55","2023","2023","Viral hemorrhagic fevers, Guanarito virus","11648",0
,"Wisconsin","55","2023","2023","Viral hemorrhagic fevers, Junin virus","11638",0
,"Wisconsin","55","2023","2023","Viral hemorrhagic fevers, Lassa virus","11632",0
,"Wisconsin","55","2023","2023","Viral hemorrhagic fevers, Lujo virus","11644",0
,"Wisconsin","55","2023","2023","Viral hemorrhagic fevers, Machupo virus","11637",0
,"Wisconsin","55","2023","2023","Viral hemorrhagic fevers, Marburg virus","11631",0
,"Wisconsin","55","2023","2023","Viral hemorrhagic fevers, Sabia virus","11639",0
,"Wisconsin","55","2023","2023","Yellow fever","10660",0
,"Wisconsin","55","2023","2023","Zika virus, Zika virus disease, congenital","50224",0
,"Wisconsin","55","2023","2023","Zika virus, Zika virus disease, non-congenital","50223",0
,"Wisconsin","55","2023","2023","Zika virus, Zika virus infection, congenital","50222",0
,"Wisconsin","55","2023","2023","Zika virus, Zika virus infection, non-congenital","50221",0
,"Wyoming","56","2023","2023","Anthrax","10350",0
,"Wyoming","56","2023","2023","Arboviral diseases, Chikungunya virus disease","10073",0
,"Wyoming","56","2023","2023","Arboviral diseases, Eastern equine encephalitis virus disease, Neuroinvasive","10053",0
,"Wyoming","56","2023","2023","Arboviral diseases, Eastern equine encephalitis virus disease, Non-neuroinvasive","10062",0
,"Wyoming","56","2023","2023","Arboviral diseases, Jamestown Canyon  virus disease, Neuroinvasive","10078",0
,"Wyoming","56","2023","2023","Arboviral diseases, Jamestown Canyon  virus disease, Non-neuroinvasive","10079",0
,"Wyoming","56","2023","2023","Arboviral diseases, La Crosse  virus disease, Neuroinvasive","10081",0
,"Wyoming","56","2023","2023","Arboviral diseases, La Crosse  virus disease, Non-neuroinvasive","10082",0
,"Wyoming","56","2023","2023","Arboviral diseases, Powassan virus disease, Neuroinvasive","10057",0
,"Wyoming","56","2023","2023","Arboviral diseases, Powassan virus disease, Non-neuroinvasive","10063",0
,"Wyoming","56","2023","2023","Arboviral diseases, St. Louis encephalitis virus disease, Neuroinvasive","10051",0
,"Wyoming","56","2023","2023","Arboviral diseases, St. Louis encephalitis virus disease, Non-neuroinvasive","10064",0
,"Wyoming","56","2023","2023","Arboviral diseases, West Nile virus disease, Neuroinvasive","10056",13
,"Wyoming","56","2023","2023","Arboviral diseases, West Nile virus disease, Non-neuroinvasive","10049",14
,"Wyoming","56","2023","2023","Arboviral diseases, Western equine encephalitis virus disease, Neuroinvasive","10052",0
,"Wyoming","56","2023","2023","Arboviral diseases, Western equine encephalitis virus disease, Non-neuroinvasive","10065",0
,"Wyoming","56","2023","2023","Babesiosis, Total","12010",2
,"Wyoming","56","2023","2023","Babesiosis, Confirmed","12011",1
,"Wyoming","56","2023","2023","Babesiosis, Probable","12012",1
,"Wyoming","56","2023","2023","Botulism, Total","10360",0
,"Wyoming","56","2023","2023","Botulism, Foodborne","10530",0
,"Wyoming","56","2023","2023","Botulism, Infant","10540",0
,"Wyoming","56","2023","2023","Botulism, Other (wound & unspecified)","10550",0
,"Wyoming","56","2023","2023","Brucellosis","10020",0
,"Wyoming","56","2023","2023","Campylobacteriosis","11020",250
,"Wyoming","56","2023","2023","Candida auris, clinical","50263",0
,"Wyoming","56","2023","2023","Candida auris, screening","50264",0
,"Wyoming","56","2023","2023","Carbapenemase-producing carbapenem-resistant Enterobacteriaceae","50244",0
,"Wyoming","56","2023","2023","Carbapenemase-Producing Organisms (CPO),Total","50272",1
,"Wyoming","56","2023","2023","Chancroid","10273",0
,"Wyoming","56","2023","2023","Chlamydia trachomatis infection","10274",1829
,"Wyoming","56","2023","2023","Cholera","10470",0
,"Wyoming","56","2023","2023","Coccidioidomycosis","11900",0
,"Wyoming","56","2023","2023","Coccidioidomycosis, confirmed","11901",0
,"Wyoming","56","2023","2023","Coccidioidomycosis, probable","11902",0
,"Wyoming","56","2023","2023","Coronavirus Disease 2019 (COVID-19), Total","11065",11450
,"Wyoming","56","2023","2023","Coronavirus Disease 2019 (COVID-19), Confirmed","11067",7895
,"Wyoming","56","2023","2023","Coronavirus Disease 2019 (COVID-19), Probable","11068",3555
,"Wyoming","56","2023","2023","Cryptosporidiosis, Total","11580",36
,"Wyoming","56","2023","2023","Cryptosporidiosis, Confirmed","11582",28
,"Wyoming","56","2023","2023","Cryptosporidiosis, Probable","11583",8
,"Wyoming","56","2023","2023","Cyclosporiasis","11575",34
,"Wyoming","56","2023","2023","Dengue virus infections, Dengue","10680",5
,"Wyoming","56","2023","2023","Dengue virus infections, Dengue-like illness","11704",0
,"Wyoming","56","2023","2023","Dengue virus infections, Severe dengue","11705",0
,"Wyoming","56","2023","2023","Diphtheria","10040",0
,"Wyoming","56","2023","2023","Ehrlichiosis and Anaplasmosis, Anaplasma phagocytophilum infection","11090",0
,"Wyoming","56","2023","2023","Ehrlichiosis and Anaplasmosis, Ehrlichia chaffeensis infection","11088",1
,"Wyoming","56","2023","2023","Ehrlichiosis and Anaplasmosis, Ehrlichia ewingii infection","11089",0
,"Wyoming","56","2023","2023","Ehrlichiosis and Anaplasmosis, Undetermined ehrlichiosis/anaplasmosis","11091",0
,"Wyoming","56","2023","2023","Giardiasis","11570",46
,"Wyoming","56","2023","2023","Gonorrhea","10280",247
,"Wyoming","56","2023","2023","Haemophilus influenzae, invasive disease, All ages, all serotypes","10590",0
,"Wyoming","56","2023","2023","Haemophilus influenzae, invasive disease, Age <5 years, Serotype b","10591",0
,"Wyoming","56","2023","2023","Haemophilus influenzae, invasive disease, Age <5 years, Non-b serotype","10593",0
,"Wyoming","56","2023","2023","Haemophilus influenzae, invasive disease, Age <5 years, Nontypeable","10592",0
,"Wyoming","56","2023","2023","Haemophilus influenzae, invasive disease, Age <5 years, Unknown serotype","10597",0
,"Wyoming","56","2023","2023","Hansen's disease","10380",0
,"Wyoming","56","2023","2023","Hantavirus infection, non-hantavirus pulmonary syndrome","11610",0
,"Wyoming","56","2023","2023","Hantavirus pulmonary syndrome","11590",0
,"Wyoming","56","2023","2023","Hemolytic uremic syndrome post-diarrheal","11550",0
,"Wyoming","56","2023","2023","Hepatitis, A","10110",2
,"Wyoming","56","2023","2023","Hepatitis, B, acute","10100",1
,"Wyoming","56","2023","2023","Hepatitis, B, perinatal infection","10104",0
,"Wyoming","56","2023","2023","Hepatitis, C, acute","10101",2
,"Wyoming","56","2023","2023","Hepatitis, C, acute, Confirmed","50228",2
,"Wyoming","56","2023","2023","Hepatitis, C, acute, Probable","50229",0
,"Wyoming","56","2023","2023","Hepatitis, C, perinatal infection","50248",0
,"Wyoming","56","2023","2023","Human immunodeficiency virus diagnoses","10560",21
,"Wyoming","56","2023","2023","Influenza-associated pediatric mortality","11061",0
,"Wyoming","56","2023","2023","Invasive pneumococcal disease, All ages","11723",34
,"Wyoming","56","2023","2023","Invasive pneumococcal disease, All ages, Confirmed","50230",34
,"Wyoming","56","2023","2023","Invasive pneumococcal disease, All ages, Probable","50231",0
,"Wyoming","56","2023","2023","Invasive pneumococcal disease, Age <5 years","11722",0
,"Wyoming","56","2023","2023","Invasive pneumococcal disease, Age <5 years, Confirmed","50232",0
,"Wyoming","56","2023","2023","Invasive pneumococcal disease, Age <5 years, Probable","50233",0
,"Wyoming","56","2023","2023","Legionellosis","10490",9
,"Wyoming","56","2023","2023","Leptospirosis","10390",1
,"Wyoming","56","2023","2023","Listeriosis, Total","10640",0
,"Wyoming","56","2023","2023","Listeriosis, Confirmed","10641",0
,"Wyoming","56","2023","2023","Listeriosis, Probable","10642",0
,"Wyoming","56","2023","2023","Lyme disease, Total","11080",2
,"Wyoming","56","2023","2023","Lyme disease, Confirmed","11081",1
,"Wyoming","56","2023","2023","Lyme disease, Probable","11082",1
,"Wyoming","56","2023","2023","Malaria","10130",3
,"Wyoming","56","2023","2023","Measles, Total","10140",0
,"Wyoming","56","2023","2023","Measles, Indigenous","10500",0
,"Wyoming","56","2023","2023","Measles, Imported","10510",0
,"Wyoming","56","2023","2023","Melioidosis","11585",0
,"Wyoming","56","2023","2023","Meningococcal disease, All serogroups","10150",0
,"Wyoming","56","2023","2023","Meningococcal disease, Serogroups ACWY","10151",0
,"Wyoming","56","2023","2023","Meningococcal disease, Serogroup B","10152",0
,"Wyoming","56","2023","2023","Meningococcal disease, Other serogroups","10153",0
,"Wyoming","56","2023","2023","Meningococcal disease, Unknown serogroup","10154",0
,"Wyoming","56","2023","2023","Mpox","11801",0
,"Wyoming","56","2023","2023","Mumps","10180",0
,"Wyoming","56","2023","2023","Novel Influenza A virus infections","11062",0
,"Wyoming","56","2023","2023","Paratyphoid fever","50236",0
,"Wyoming","56","2023","2023","Pertussis","10190",0
,"Wyoming","56","2023","2023","Plague","10440",0
,"Wyoming","56","2023","2023","Poliomyelitis, paralytic","10410",0
,"Wyoming","56","2023","2023","Poliovirus infection, nonparalytic","10405",0
,"Wyoming","56","2023","2023","Psittacosis","10450",0
,"Wyoming","56","2023","2023","Q fever, Total","10259",1
,"Wyoming","56","2023","2023","Q fever, Acute","10257",1
,"Wyoming","56","2023","2023","Q fever, Chronic","10258",0
,"Wyoming","56","2023","2023","Rabies, Animal","10340",19
,"Wyoming","56","2023","2023","Rabies, Human","10460",0
,"Wyoming","56","2023","2023","Rubella","10200",0
,"Wyoming","56","2023","2023","Rubella, congenital syndrome","10370",0
,"Wyoming","56","2023","2023","Salmonella Paratyphi infection","50266",0
,"Wyoming","56","2023","2023","Salmonella Typhi infection","50267",0
,"Wyoming","56","2023","2023","Salmonellosis","11000",0
,"Wyoming","56","2023","2023","Salmonellosis (excluding paratyphoid fever and typhoid fever)","50242",0
,"Wyoming","56","2023","2023","Salmonellosis (excluding S. Typhi infection and S. Paratyphi infection)","50265",81
,"Wyoming","56","2023","2023","Severe acute respiratory syndrome-associated coronavirus disease","10575",0
,"Wyoming","56","2023","2023","Shiga toxin-producing Escherichia coli (STEC)","11563",79
,"Wyoming","56","2023","2023","Shigellosis","11010",11
,"Wyoming","56","2023","2023","Smallpox","11800",0
,"Wyoming","56","2023","2023","Spotted fever rickettsiosis, Total","10250",0
,"Wyoming","56","2023","2023","Spotted fever rickettsiosis, Confirmed","10253",0
,"Wyoming","56","2023","2023","Spotted fever rickettsiosis, Probable","10254",0
,"Wyoming","56","2023","2023","Streptococcal toxic shock syndrome","11700",0
,"Wyoming","56","2023","2023","Syphilis, Total, all stages","10399",56
,"Wyoming","56","2023","2023","Syphilis, Congenital","10316",2
,"Wyoming","56","2023","2023","Syphilis, Primary and secondary","10310",13
,"Wyoming","56","2023","2023","Tetanus","10210",0
,"Wyoming","56","2023","2023","Toxic shock syndrome (other than Streptococcal)","10520",0
,"Wyoming","56","2023","2023","Trichinellosis","10270",0
,"Wyoming","56","2023","2023","Tuberculosis","10220",2
,"Wyoming","56","2023","2023","Tularemia","10230",0
,"Wyoming","56","2023","2023","Typhoid fever","10240",0
,"Wyoming","56","2023","2023","Vancomycin-intermediate Staphylococcus aureus","11663",0
,"Wyoming","56","2023","2023","Vancomycin-resistant Staphylococcus aureus","11665",0
,"Wyoming","56","2023","2023","Varicella morbidity","10030",0
,"Wyoming","56","2023","2023","Varicella mortality","10031",Not Reportable
,"Wyoming","56","2023","2023","Vibriosis, Total","11545",7
,"Wyoming","56","2023","2023","Vibriosis, Confirmed","50234",0
,"Wyoming","56","2023","2023","Vibriosis, Probable","50235",7
,"Wyoming","56","2023","2023","Viral hemorrhagic fevers","11647",0
,"Wyoming","56","2023","2023","Viral hemorrhagic fevers, Chapare virus","11649",0
,"Wyoming","56","2023","2023","Viral hemorrhagic fevers, Crimean-Congo hemorrhagic fever virus","11640",0
,"Wyoming","56","2023","2023","Viral hemorrhagic fevers, Ebola virus","11630",0
,"Wyoming","56","2023","2023","Viral hemorrhagic fevers, Guanarito virus","11648",0
,"Wyoming","56","2023","2023","Viral hemorrhagic fevers, Junin virus","11638",0
,"Wyoming","56","2023","2023","Viral hemorrhagic fevers, Lassa virus","11632",0
,"Wyoming","56","2023","2023","Viral hemorrhagic fevers, Lujo virus","11644",0
,"Wyoming","56","2023","2023","Viral hemorrhagic fevers, Machupo virus","11637",0
,"Wyoming","56","2023","2023","Viral hemorrhagic fevers, Marburg virus","11631",0
,"Wyoming","56","2023","2023","Viral hemorrhagic fevers, Sabia virus","11639",0
,"Wyoming","56","2023","2023","Yellow fever","10660",0
,"Wyoming","56","2023","2023","Zika virus, Zika virus disease, congenital","50224",0
,"Wyoming","56","2023","2023","Zika virus, Zika virus disease, non-congenital","50223",0
,"Wyoming","56","2023","2023","Zika virus, Zika virus infection, congenital","50222",0
,"Wyoming","56","2023","2023","Zika virus, Zika virus infection, non-congenital","50221",0
,"Territories","REGION10","2023","2023","Anthrax","10350",0
,"Territories","REGION10","2023","2023","Arboviral diseases, Chikungunya virus disease","10073",0
,"Territories","REGION10","2023","2023","Arboviral diseases, Eastern equine encephalitis virus disease, Neuroinvasive","10053",0
,"Territories","REGION10","2023","2023","Arboviral diseases, Eastern equine encephalitis virus disease, Non-neuroinvasive","10062",0
,"Territories","REGION10","2023","2023","Arboviral diseases, Jamestown Canyon  virus disease, Neuroinvasive","10078",0
,"Territories","REGION10","2023","2023","Arboviral diseases, Jamestown Canyon  virus disease, Non-neuroinvasive","10079",0
,"Territories","REGION10","2023","2023","Arboviral diseases, La Crosse  virus disease, Neuroinvasive","10081",0
,"Territories","REGION10","2023","2023","Arboviral diseases, La Crosse  virus disease, Non-neuroinvasive","10082",0
,"Territories","REGION10","2023","2023","Arboviral diseases, Powassan virus disease, Neuroinvasive","10057",0
,"Territories","REGION10","2023","2023","Arboviral diseases, Powassan virus disease, Non-neuroinvasive","10063",0
,"Territories","REGION10","2023","2023","Arboviral diseases, St. Louis encephalitis virus disease, Neuroinvasive","10051",0
,"Territories","REGION10","2023","2023","Arboviral diseases, St. Louis encephalitis virus disease, Non-neuroinvasive","10064",0
,"Territories","REGION10","2023","2023","Arboviral diseases, West Nile virus disease, Neuroinvasive","10056",0
,"Territories","REGION10","2023","2023","Arboviral diseases, West Nile virus disease, Non-neuroinvasive","10049",0
,"Territories","REGION10","2023","2023","Arboviral diseases, Western equine encephalitis virus disease, Neuroinvasive","10052",0
,"Territories","REGION10","2023","2023","Arboviral diseases, Western equine encephalitis virus disease, Non-neuroinvasive","10065",0
,"Territories","REGION10","2023","2023","Babesiosis, Total","12010",0
,"Territories","REGION10","2023","2023","Babesiosis, Confirmed","12011",0
,"Territories","REGION10","2023","2023","Babesiosis, Probable","12012",0
,"Territories","REGION10","2023","2023","Botulism, Total","10360",0
,"Territories","REGION10","2023","2023","Botulism, Foodborne","10530",0
,"Territories","REGION10","2023","2023","Botulism, Infant","10540",0
,"Territories","REGION10","2023","2023","Botulism, Other (wound & unspecified)","10550",0
,"Territories","REGION10","2023","2023","Brucellosis","10020",1
,"Territories","REGION10","2023","2023","Campylobacteriosis","11020",77
,"Territories","REGION10","2023","2023","Candida auris, clinical","50263",0
,"Territories","REGION10","2023","2023","Candida auris, screening","50264",0
,"Territories","REGION10","2023","2023","Carbapenemase-producing carbapenem-resistant Enterobacteriaceae","50244",0
,"Territories","REGION10","2023","2023","Carbapenemase-Producing Organisms (CPO),Total","50272",182
,"Territories","REGION10","2023","2023","Chancroid","10273",0
,"Territories","REGION10","2023","2023","Chlamydia trachomatis infection","10274",7139
,"Territories","REGION10","2023","2023","Cholera","10470",0
,"Territories","REGION10","2023","2023","Coccidioidomycosis","11900",1
,"Territories","REGION10","2023","2023","Coccidioidomycosis, confirmed","11901",1
,"Territories","REGION10","2023","2023","Coccidioidomycosis, probable","11902",0
,"Territories","REGION10","2023","2023","Coronavirus Disease 2019 (COVID-19), Total","11065",271296
,"Territories","REGION10","2023","2023","Coronavirus Disease 2019 (COVID-19), Confirmed","11067",46054
,"Territories","REGION10","2023","2023","Coronavirus Disease 2019 (COVID-19), Probable","11068",225242
,"Territories","REGION10","2023","2023","Cryptosporidiosis, Total","11580",0
,"Territories","REGION10","2023","2023","Cryptosporidiosis, Confirmed","11582",0
,"Territories","REGION10","2023","2023","Cryptosporidiosis, Probable","11583",0
,"Territories","REGION10","2023","2023","Cyclosporiasis","11575",0
,"Territories","REGION10","2023","2023","Dengue virus infections, Dengue","10680",1082
,"Territories","REGION10","2023","2023","Dengue virus infections, Dengue-like illness","11704",124
,"Territories","REGION10","2023","2023","Dengue virus infections, Severe dengue","11705",74
,"Territories","REGION10","2023","2023","Diphtheria","10040",0
,"Territories","REGION10","2023","2023","Ehrlichiosis and Anaplasmosis, Anaplasma phagocytophilum infection","11090",0
,"Territories","REGION10","2023","2023","Ehrlichiosis and Anaplasmosis, Ehrlichia chaffeensis infection","11088",0
,"Territories","REGION10","2023","2023","Ehrlichiosis and Anaplasmosis, Ehrlichia ewingii infection","11089",0
,"Territories","REGION10","2023","2023","Ehrlichiosis and Anaplasmosis, Undetermined ehrlichiosis/anaplasmosis","11091",0
,"Territories","REGION10","2023","2023","Giardiasis","11570",24
,"Territories","REGION10","2023","2023","Gonorrhea","10280",1536
,"Territories","REGION10","2023","2023","Haemophilus influenzae, invasive disease, All ages, all serotypes","10590",9
,"Territories","REGION10","2023","2023","Haemophilus influenzae, invasive disease, Age <5 years, Serotype b","10591",0
,"Territories","REGION10","2023","2023","Haemophilus influenzae, invasive disease, Age <5 years, Non-b serotype","10593",0
,"Territories","REGION10","2023","2023","Haemophilus influenzae, invasive disease, Age <5 years, Nontypeable","10592",0
,"Territories","REGION10","2023","2023","Haemophilus influenzae, invasive disease, Age <5 years, Unknown serotype","10597",3
,"Territories","REGION10","2023","2023","Hansen's disease","10380",6
,"Territories","REGION10","2023","2023","Hantavirus infection, non-hantavirus pulmonary syndrome","11610",0
,"Territories","REGION10","2023","2023","Hantavirus pulmonary syndrome","11590",0
,"Territories","REGION10","2023","2023","Hemolytic uremic syndrome post-diarrheal","11550",0
,"Territories","REGION10","2023","2023","Hepatitis, A","10110",4
,"Territories","REGION10","2023","2023","Hepatitis, B, acute","10100",10
,"Territories","REGION10","2023","2023","Hepatitis, B, perinatal infection","10104",0
,"Territories","REGION10","2023","2023","Hepatitis, C, acute","10101",3
,"Territories","REGION10","2023","2023","Hepatitis, C, acute, Confirmed","50228",0
,"Territories","REGION10","2023","2023","Hepatitis, C, acute, Probable","50229",3
,"Territories","REGION10","2023","2023","Hepatitis, C, perinatal infection","50248",0
,"Territories","REGION10","2023","2023","Human immunodeficiency virus diagnoses","10560",408
,"Territories","REGION10","2023","2023","Influenza-associated pediatric mortality","11061",0
,"Territories","REGION10","2023","2023","Invasive pneumococcal disease, All ages","11723",10
,"Territories","REGION10","2023","2023","Invasive pneumococcal disease, All ages, Confirmed","50230",10
,"Territories","REGION10","2023","2023","Invasive pneumococcal disease, All ages, Probable","50231",0
,"Territories","REGION10","2023","2023","Invasive pneumococcal disease, Age <5 years","11722",2
,"Territories","REGION10","2023","2023","Invasive pneumococcal disease, Age <5 years, Confirmed","50232",2
,"Territories","REGION10","2023","2023","Invasive pneumococcal disease, Age <5 years, Probable","50233",0
,"Territories","REGION10","2023","2023","Legionellosis","10490",7
,"Territories","REGION10","2023","2023","Leptospirosis","10390",300
,"Territories","REGION10","2023","2023","Listeriosis, Total","10640",2
,"Territories","REGION10","2023","2023","Listeriosis, Confirmed","10641",2
,"Territories","REGION10","2023","2023","Listeriosis, Probable","10642",0
,"Territories","REGION10","2023","2023","Lyme disease, Total","11080",1
,"Territories","REGION10","2023","2023","Lyme disease, Confirmed","11081",1
,"Territories","REGION10","2023","2023","Lyme disease, Probable","11082",0
,"Territories","REGION10","2023","2023","Malaria","10130",0
,"Territories","REGION10","2023","2023","Measles, Total","10140",0
,"Territories","REGION10","2023","2023","Measles, Indigenous","10500",0
,"Territories","REGION10","2023","2023","Measles, Imported","10510",0
,"Territories","REGION10","2023","2023","Melioidosis","11585",0
,"Territories","REGION10","2023","2023","Meningococcal disease, All serogroups","10150",0
,"Territories","REGION10","2023","2023","Meningococcal disease, Serogroups ACWY","10151",0
,"Territories","REGION10","2023","2023","Meningococcal disease, Serogroup B","10152",0
,"Territories","REGION10","2023","2023","Meningococcal disease, Other serogroups","10153",0
,"Territories","REGION10","2023","2023","Meningococcal disease, Unknown serogroup","10154",0
,"Territories","REGION10","2023","2023","Mpox","11801",9
,"Territories","REGION10","2023","2023","Mumps","10180",5
,"Territories","REGION10","2023","2023","Novel Influenza A virus infections","11062",0
,"Territories","REGION10","2023","2023","Paratyphoid fever","50236",0
,"Territories","REGION10","2023","2023","Pertussis","10190",36
,"Territories","REGION10","2023","2023","Plague","10440",0
,"Territories","REGION10","2023","2023","Poliomyelitis, paralytic","10410",0
,"Territories","REGION10","2023","2023","Poliovirus infection, nonparalytic","10405",0
,"Territories","REGION10","2023","2023","Psittacosis","10450",0
,"Territories","REGION10","2023","2023","Q fever, Total","10259",0
,"Territories","REGION10","2023","2023","Q fever, Acute","10257",0
,"Territories","REGION10","2023","2023","Q fever, Chronic","10258",0
,"Territories","REGION10","2023","2023","Rabies, Animal","10340",25
,"Territories","REGION10","2023","2023","Rabies, Human","10460",0
,"Territories","REGION10","2023","2023","Rubella","10200",0
,"Territories","REGION10","2023","2023","Rubella, congenital syndrome","10370",0
,"Territories","REGION10","2023","2023","Salmonella Paratyphi infection","50266",2
,"Territories","REGION10","2023","2023","Salmonella Typhi infection","50267",0
,"Territories","REGION10","2023","2023","Salmonellosis","11000",0
,"Territories","REGION10","2023","2023","Salmonellosis (excluding paratyphoid fever and typhoid fever)","50242",0
,"Territories","REGION10","2023","2023","Salmonellosis (excluding S. Typhi infection and S. Paratyphi infection)","50265",503
,"Territories","REGION10","2023","2023","Severe acute respiratory syndrome-associated coronavirus disease","10575",0
,"Territories","REGION10","2023","2023","Shiga toxin-producing Escherichia coli (STEC)","11563",10
,"Territories","REGION10","2023","2023","Shigellosis","11010",31
,"Territories","REGION10","2023","2023","Smallpox","11800",0
,"Territories","REGION10","2023","2023","Spotted fever rickettsiosis, Total","10250",0
,"Territories","REGION10","2023","2023","Spotted fever rickettsiosis, Confirmed","10253",0
,"Territories","REGION10","2023","2023","Spotted fever rickettsiosis, Probable","10254",0
,"Territories","REGION10","2023","2023","Streptococcal toxic shock syndrome","11700",0
,"Territories","REGION10","2023","2023","Syphilis, Total, all stages","10399",1668
,"Territories","REGION10","2023","2023","Syphilis, Congenital","10316",28
,"Territories","REGION10","2023","2023","Syphilis, Primary and secondary","10310",446
,"Territories","REGION10","2023","2023","Tetanus","10210",1
,"Territories","REGION10","2023","2023","Toxic shock syndrome (other than Streptococcal)","10520",0
,"Territories","REGION10","2023","2023","Trichinellosis","10270",0
,"Territories","REGION10","2023","2023","Tuberculosis","10220",95
,"Territories","REGION10","2023","2023","Tularemia","10230",0
,"Territories","REGION10","2023","2023","Typhoid fever","10240",0
,"Territories","REGION10","2023","2023","Vancomycin-intermediate Staphylococcus aureus","11663",0
,"Territories","REGION10","2023","2023","Vancomycin-resistant Staphylococcus aureus","11665",0
,"Territories","REGION10","2023","2023","Varicella morbidity","10030",63
,"Territories","REGION10","2023","2023","Varicella mortality","10031",0
,"Territories","REGION10","2023","2023","Vibriosis, Total","11545",1
,"Territories","REGION10","2023","2023","Vibriosis, Confirmed","50234",1
,"Territories","REGION10","2023","2023","Vibriosis, Probable","50235",0
,"Territories","REGION10","2023","2023","Viral hemorrhagic fevers","11647",0
,"Territories","REGION10","2023","2023","Viral hemorrhagic fevers, Chapare virus","11649",0
,"Territories","REGION10","2023","2023","Viral hemorrhagic fevers, Crimean-Congo hemorrhagic fever virus","11640",0
,"Territories","REGION10","2023","2023","Viral hemorrhagic fevers, Ebola virus","11630",0
,"Territories","REGION10","2023","2023","Viral hemorrhagic fevers, Guanarito virus","11648",0
,"Territories","REGION10","2023","2023","Viral hemorrhagic fevers, Junin virus","11638",0
,"Territories","REGION10","2023","2023","Viral hemorrhagic fevers, Lassa virus","11632",0
,"Territories","REGION10","2023","2023","Viral hemorrhagic fevers, Lujo virus","11644",0
,"Territories","REGION10","2023","2023","Viral hemorrhagic fevers, Machupo virus","11637",0
,"Territories","REGION10","2023","2023","Viral hemorrhagic fevers, Marburg virus","11631",0
,"Territories","REGION10","2023","2023","Viral hemorrhagic fevers, Sabia virus","11639",0
,"Territories","REGION10","2023","2023","Yellow fever","10660",0
,"Territories","REGION10","2023","2023","Zika virus, Zika virus disease, congenital","50224",0
,"Territories","REGION10","2023","2023","Zika virus, Zika virus disease, non-congenital","50223",30
,"Territories","REGION10","2023","2023","Zika virus, Zika virus infection, congenital","50222",0
,"Territories","REGION10","2023","2023","Zika virus, Zika virus infection, non-congenital","50221",16
,"American Samoa","60","2023","2023","Anthrax","10350",0
,"American Samoa","60","2023","2023","Arboviral diseases, Chikungunya virus disease","10073",0
,"American Samoa","60","2023","2023","Arboviral diseases, Eastern equine encephalitis virus disease, Neuroinvasive","10053",0
,"American Samoa","60","2023","2023","Arboviral diseases, Eastern equine encephalitis virus disease, Non-neuroinvasive","10062",0
,"American Samoa","60","2023","2023","Arboviral diseases, Jamestown Canyon  virus disease, Neuroinvasive","10078",0
,"American Samoa","60","2023","2023","Arboviral diseases, Jamestown Canyon  virus disease, Non-neuroinvasive","10079",0
,"American Samoa","60","2023","2023","Arboviral diseases, La Crosse  virus disease, Neuroinvasive","10081",0
,"American Samoa","60","2023","2023","Arboviral diseases, La Crosse  virus disease, Non-neuroinvasive","10082",0
,"American Samoa","60","2023","2023","Arboviral diseases, Powassan virus disease, Neuroinvasive","10057",0
,"American Samoa","60","2023","2023","Arboviral diseases, Powassan virus disease, Non-neuroinvasive","10063",0
,"American Samoa","60","2023","2023","Arboviral diseases, St. Louis encephalitis virus disease, Neuroinvasive","10051",0
,"American Samoa","60","2023","2023","Arboviral diseases, St. Louis encephalitis virus disease, Non-neuroinvasive","10064",0
,"American Samoa","60","2023","2023","Arboviral diseases, West Nile virus disease, Neuroinvasive","10056",0
,"American Samoa","60","2023","2023","Arboviral diseases, West Nile virus disease, Non-neuroinvasive","10049",0
,"American Samoa","60","2023","2023","Arboviral diseases, Western equine encephalitis virus disease, Neuroinvasive","10052",0
,"American Samoa","60","2023","2023","Arboviral diseases, Western equine encephalitis virus disease, Non-neuroinvasive","10065",0
,"American Samoa","60","2023","2023","Babesiosis, Total","12010",Unavailable
,"American Samoa","60","2023","2023","Babesiosis, Confirmed","12011",Unavailable
,"American Samoa","60","2023","2023","Babesiosis, Probable","12012",Unavailable
,"American Samoa","60","2023","2023","Botulism, Total","10360",0
,"American Samoa","60","2023","2023","Botulism, Foodborne","10530",0
,"American Samoa","60","2023","2023","Botulism, Infant","10540",0
,"American Samoa","60","2023","2023","Botulism, Other (wound & unspecified)","10550",0
,"American Samoa","60","2023","2023","Brucellosis","10020",0
,"American Samoa","60","2023","2023","Campylobacteriosis","11020",0
,"American Samoa","60","2023","2023","Candida auris, clinical","50263",0
,"American Samoa","60","2023","2023","Candida auris, screening","50264",0
,"American Samoa","60","2023","2023","Carbapenemase-producing carbapenem-resistant Enterobacteriaceae","50244",0
,"American Samoa","60","2023","2023","Carbapenemase-Producing Organisms (CPO),Total","50272",0
,"American Samoa","60","2023","2023","Chancroid","10273",0
,"American Samoa","60","2023","2023","Chlamydia trachomatis infection","10274",344
,"American Samoa","60","2023","2023","Cholera","10470",0
,"American Samoa","60","2023","2023","Coccidioidomycosis","11900",Not Reportable
,"American Samoa","60","2023","2023","Coccidioidomycosis, confirmed","11901",Not Reportable
,"American Samoa","60","2023","2023","Coccidioidomycosis, probable","11902",Not Reportable
,"American Samoa","60","2023","2023","Coronavirus Disease 2019 (COVID-19), Total","11065",208
,"American Samoa","60","2023","2023","Coronavirus Disease 2019 (COVID-19), Confirmed","11067",208
,"American Samoa","60","2023","2023","Coronavirus Disease 2019 (COVID-19), Probable","11068",0
,"American Samoa","60","2023","2023","Cryptosporidiosis, Total","11580",Not Reportable
,"American Samoa","60","2023","2023","Cryptosporidiosis, Confirmed","11582",Not Reportable
,"American Samoa","60","2023","2023","Cryptosporidiosis, Probable","11583",Not Reportable
,"American Samoa","60","2023","2023","Cyclosporiasis","11575",Not Reportable
,"American Samoa","60","2023","2023","Dengue virus infections, Dengue","10680",0
,"American Samoa","60","2023","2023","Dengue virus infections, Dengue-like illness","11704",0
,"American Samoa","60","2023","2023","Dengue virus infections, Severe dengue","11705",0
,"American Samoa","60","2023","2023","Diphtheria","10040",0
,"American Samoa","60","2023","2023","Ehrlichiosis and Anaplasmosis, Anaplasma phagocytophilum infection","11090",Not Reportable
,"American Samoa","60","2023","2023","Ehrlichiosis and Anaplasmosis, Ehrlichia chaffeensis infection","11088",Not Reportable
,"American Samoa","60","2023","2023","Ehrlichiosis and Anaplasmosis, Ehrlichia ewingii infection","11089",Not Reportable
,"American Samoa","60","2023","2023","Ehrlichiosis and Anaplasmosis, Undetermined ehrlichiosis/anaplasmosis","11091",Not Reportable
,"American Samoa","60","2023","2023","Giardiasis","11570",0
,"American Samoa","60","2023","2023","Gonorrhea","10280",40
,"American Samoa","60","2023","2023","Haemophilus influenzae, invasive disease, All ages, all serotypes","10590",0
,"American Samoa","60","2023","2023","Haemophilus influenzae, invasive disease, Age <5 years, Serotype b","10591",0
,"American Samoa","60","2023","2023","Haemophilus influenzae, invasive disease, Age <5 years, Non-b serotype","10593",0
,"American Samoa","60","2023","2023","Haemophilus influenzae, invasive disease, Age <5 years, Nontypeable","10592",0
,"American Samoa","60","2023","2023","Haemophilus influenzae, invasive disease, Age <5 years, Unknown serotype","10597",0
,"American Samoa","60","2023","2023","Hansen's disease","10380",0
,"American Samoa","60","2023","2023","Hantavirus infection, non-hantavirus pulmonary syndrome","11610",0
,"American Samoa","60","2023","2023","Hantavirus pulmonary syndrome","11590",Not Reportable
,"American Samoa","60","2023","2023","Hemolytic uremic syndrome post-diarrheal","11550",Not Reportable
,"American Samoa","60","2023","2023","Hepatitis, A","10110",0
,"American Samoa","60","2023","2023","Hepatitis, B, acute","10100",0
,"American Samoa","60","2023","2023","Hepatitis, B, perinatal infection","10104",0
,"American Samoa","60","2023","2023","Hepatitis, C, acute","10101",0
,"American Samoa","60","2023","2023","Hepatitis, C, acute, Confirmed","50228",0
,"American Samoa","60","2023","2023","Hepatitis, C, acute, Probable","50229",0
,"American Samoa","60","2023","2023","Hepatitis, C, perinatal infection","50248",0
,"American Samoa","60","2023","2023","Human immunodeficiency virus diagnoses","10560",0
,"American Samoa","60","2023","2023","Influenza-associated pediatric mortality","11061",0
,"American Samoa","60","2023","2023","Invasive pneumococcal disease, All ages","11723",Not Reportable
,"American Samoa","60","2023","2023","Invasive pneumococcal disease, All ages, Confirmed","50230",Not Reportable
,"American Samoa","60","2023","2023","Invasive pneumococcal disease, All ages, Probable","50231",Not Reportable
,"American Samoa","60","2023","2023","Invasive pneumococcal disease, Age <5 years","11722",Not Reportable
,"American Samoa","60","2023","2023","Invasive pneumococcal disease, Age <5 years, Confirmed","50232",Not Reportable
,"American Samoa","60","2023","2023","Invasive pneumococcal disease, Age <5 years, Probable","50233",Not Reportable
,"American Samoa","60","2023","2023","Legionellosis","10490",Not Reportable
,"American Samoa","60","2023","2023","Leptospirosis","10390",0
,"American Samoa","60","2023","2023","Listeriosis, Total","10640",Not Reportable
,"American Samoa","60","2023","2023","Listeriosis, Confirmed","10641",Not Reportable
,"American Samoa","60","2023","2023","Listeriosis, Probable","10642",Not Reportable
,"American Samoa","60","2023","2023","Lyme disease, Total","11080",Not Reportable
,"American Samoa","60","2023","2023","Lyme disease, Confirmed","11081",Not Reportable
,"American Samoa","60","2023","2023","Lyme disease, Probable","11082",Not Reportable
,"American Samoa","60","2023","2023","Malaria","10130",0
,"American Samoa","60","2023","2023","Measles, Total","10140",0
,"American Samoa","60","2023","2023","Measles, Indigenous","10500",0
,"American Samoa","60","2023","2023","Measles, Imported","10510",0
,"American Samoa","60","2023","2023","Melioidosis","11585",0
,"American Samoa","60","2023","2023","Meningococcal disease, All serogroups","10150",0
,"American Samoa","60","2023","2023","Meningococcal disease, Serogroups ACWY","10151",0
,"American Samoa","60","2023","2023","Meningococcal disease, Serogroup B","10152",0
,"American Samoa","60","2023","2023","Meningococcal disease, Other serogroups","10153",0
,"American Samoa","60","2023","2023","Meningococcal disease, Unknown serogroup","10154",0
,"American Samoa","60","2023","2023","Mpox","11801",0
,"American Samoa","60","2023","2023","Mumps","10180",0
,"American Samoa","60","2023","2023","Novel Influenza A virus infections","11062",0
,"American Samoa","60","2023","2023","Paratyphoid fever","50236",0
,"American Samoa","60","2023","2023","Pertussis","10190",0
,"American Samoa","60","2023","2023","Plague","10440",0
,"American Samoa","60","2023","2023","Poliomyelitis, paralytic","10410",0
,"American Samoa","60","2023","2023","Poliovirus infection, nonparalytic","10405",0
,"American Samoa","60","2023","2023","Psittacosis","10450",Not Reportable
,"American Samoa","60","2023","2023","Q fever, Total","10259",Not Reportable
,"American Samoa","60","2023","2023","Q fever, Acute","10257",Not Reportable
,"American Samoa","60","2023","2023","Q fever, Chronic","10258",Not Reportable
,"American Samoa","60","2023","2023","Rabies, Animal","10340",Unavailable
,"American Samoa","60","2023","2023","Rabies, Human","10460",Unavailable
,"American Samoa","60","2023","2023","Rubella","10200",0
,"American Samoa","60","2023","2023","Rubella, congenital syndrome","10370",0
,"American Samoa","60","2023","2023","Salmonella Paratyphi infection","50266",0
,"American Samoa","60","2023","2023","Salmonella Typhi infection","50267",0
,"American Samoa","60","2023","2023","Salmonellosis","11000",0
,"American Samoa","60","2023","2023","Salmonellosis (excluding paratyphoid fever and typhoid fever)","50242",0
,"American Samoa","60","2023","2023","Salmonellosis (excluding S. Typhi infection and S. Paratyphi infection)","50265",0
,"American Samoa","60","2023","2023","Severe acute respiratory syndrome-associated coronavirus disease","10575",0
,"American Samoa","60","2023","2023","Shiga toxin-producing Escherichia coli (STEC)","11563",0
,"American Samoa","60","2023","2023","Shigellosis","11010",0
,"American Samoa","60","2023","2023","Smallpox","11800",0
,"American Samoa","60","2023","2023","Spotted fever rickettsiosis, Total","10250",Not Reportable
,"American Samoa","60","2023","2023","Spotted fever rickettsiosis, Confirmed","10253",Not Reportable
,"American Samoa","60","2023","2023","Spotted fever rickettsiosis, Probable","10254",Not Reportable
,"American Samoa","60","2023","2023","Streptococcal toxic shock syndrome","11700",Not Reportable
,"American Samoa","60","2023","2023","Syphilis, Total, all stages","10399",0
,"American Samoa","60","2023","2023","Syphilis, Congenital","10316",0
,"American Samoa","60","2023","2023","Syphilis, Primary and secondary","10310",0
,"American Samoa","60","2023","2023","Tetanus","10210",0
,"American Samoa","60","2023","2023","Toxic shock syndrome (other than Streptococcal)","10520",Not Reportable
,"American Samoa","60","2023","2023","Trichinellosis","10270",Not Reportable
,"American Samoa","60","2023","2023","Tuberculosis","10220",5
,"American Samoa","60","2023","2023","Tularemia","10230",0
,"American Samoa","60","2023","2023","Typhoid fever","10240",0
,"American Samoa","60","2023","2023","Vancomycin-intermediate Staphylococcus aureus","11663",Not Reportable
,"American Samoa","60","2023","2023","Vancomycin-resistant Staphylococcus aureus","11665",Not Reportable
,"American Samoa","60","2023","2023","Varicella morbidity","10030",Not Reportable
,"American Samoa","60","2023","2023","Varicella mortality","10031",Not Reportable
,"American Samoa","60","2023","2023","Vibriosis, Total","11545",Not Reportable
,"American Samoa","60","2023","2023","Vibriosis, Confirmed","50234",Not Reportable
,"American Samoa","60","2023","2023","Vibriosis, Probable","50235",Not Reportable
,"American Samoa","60","2023","2023","Viral hemorrhagic fevers","11647",0
,"American Samoa","60","2023","2023","Viral hemorrhagic fevers, Chapare virus","11649",0
,"American Samoa","60","2023","2023","Viral hemorrhagic fevers, Crimean-Congo hemorrhagic fever virus","11640",0
,"American Samoa","60","2023","2023","Viral hemorrhagic fevers, Ebola virus","11630",0
,"American Samoa","60","2023","2023","Viral hemorrhagic fevers, Guanarito virus","11648",0
,"American Samoa","60","2023","2023","Viral hemorrhagic fevers, Junin virus","11638",0
,"American Samoa","60","2023","2023","Viral hemorrhagic fevers, Lassa virus","11632",0
,"American Samoa","60","2023","2023","Viral hemorrhagic fevers, Lujo virus","11644",0
,"American Samoa","60","2023","2023","Viral hemorrhagic fevers, Machupo virus","11637",0
,"American Samoa","60","2023","2023","Viral hemorrhagic fevers, Marburg virus","11631",0
,"American Samoa","60","2023","2023","Viral hemorrhagic fevers, Sabia virus","11639",0
,"American Samoa","60","2023","2023","Yellow fever","10660",0
,"American Samoa","60","2023","2023","Zika virus, Zika virus disease, congenital","50224",0
,"American Samoa","60","2023","2023","Zika virus, Zika virus disease, non-congenital","50223",0
,"American Samoa","60","2023","2023","Zika virus, Zika virus infection, congenital","50222",0
,"American Samoa","60","2023","2023","Zika virus, Zika virus infection, non-congenital","50221",0
,"Commonwealth of Northern Mariana Islands","69","2023","2023","Anthrax","10350",0
,"Commonwealth of Northern Mariana Islands","69","2023","2023","Arboviral diseases, Chikungunya virus disease","10073",0
,"Commonwealth of Northern Mariana Islands","69","2023","2023","Arboviral diseases, Eastern equine encephalitis virus disease, Neuroinvasive","10053",0
,"Commonwealth of Northern Mariana Islands","69","2023","2023","Arboviral diseases, Eastern equine encephalitis virus disease, Non-neuroinvasive","10062",0
,"Commonwealth of Northern Mariana Islands","69","2023","2023","Arboviral diseases, Jamestown Canyon  virus disease, Neuroinvasive","10078",0
,"Commonwealth of Northern Mariana Islands","69","2023","2023","Arboviral diseases, Jamestown Canyon  virus disease, Non-neuroinvasive","10079",0
,"Commonwealth of Northern Mariana Islands","69","2023","2023","Arboviral diseases, La Crosse  virus disease, Neuroinvasive","10081",0
,"Commonwealth of Northern Mariana Islands","69","2023","2023","Arboviral diseases, La Crosse  virus disease, Non-neuroinvasive","10082",0
,"Commonwealth of Northern Mariana Islands","69","2023","2023","Arboviral diseases, Powassan virus disease, Neuroinvasive","10057",0
,"Commonwealth of Northern Mariana Islands","69","2023","2023","Arboviral diseases, Powassan virus disease, Non-neuroinvasive","10063",0
,"Commonwealth of Northern Mariana Islands","69","2023","2023","Arboviral diseases, St. Louis encephalitis virus disease, Neuroinvasive","10051",0
,"Commonwealth of Northern Mariana Islands","69","2023","2023","Arboviral diseases, St. Louis encephalitis virus disease, Non-neuroinvasive","10064",0
,"Commonwealth of Northern Mariana Islands","69","2023","2023","Arboviral diseases, West Nile virus disease, Neuroinvasive","10056",0
,"Commonwealth of Northern Mariana Islands","69","2023","2023","Arboviral diseases, West Nile virus disease, Non-neuroinvasive","10049",0
,"Commonwealth of Northern Mariana Islands","69","2023","2023","Arboviral diseases, Western equine encephalitis virus disease, Neuroinvasive","10052",0
,"Commonwealth of Northern Mariana Islands","69","2023","2023","Arboviral diseases, Western equine encephalitis virus disease, Non-neuroinvasive","10065",0
,"Commonwealth of Northern Mariana Islands","69","2023","2023","Babesiosis, Total","12010",0
,"Commonwealth of Northern Mariana Islands","69","2023","2023","Babesiosis, Confirmed","12011",0
,"Commonwealth of Northern Mariana Islands","69","2023","2023","Babesiosis, Probable","12012",0
,"Commonwealth of Northern Mariana Islands","69","2023","2023","Botulism, Total","10360",0
,"Commonwealth of Northern Mariana Islands","69","2023","2023","Botulism, Foodborne","10530",0
,"Commonwealth of Northern Mariana Islands","69","2023","2023","Botulism, Infant","10540",0
,"Commonwealth of Northern Mariana Islands","69","2023","2023","Botulism, Other (wound & unspecified)","10550",0
,"Commonwealth of Northern Mariana Islands","69","2023","2023","Brucellosis","10020",0
,"Commonwealth of Northern Mariana Islands","69","2023","2023","Campylobacteriosis","11020",0
,"Commonwealth of Northern Mariana Islands","69","2023","2023","Candida auris, clinical","50263",0
,"Commonwealth of Northern Mariana Islands","69","2023","2023","Candida auris, screening","50264",0
,"Commonwealth of Northern Mariana Islands","69","2023","2023","Carbapenemase-producing carbapenem-resistant Enterobacteriaceae","50244",0
,"Commonwealth of Northern Mariana Islands","69","2023","2023","Carbapenemase-Producing Organisms (CPO),Total","50272",0
,"Commonwealth of Northern Mariana Islands","69","2023","2023","Chancroid","10273",0
,"Commonwealth of Northern Mariana Islands","69","2023","2023","Chlamydia trachomatis infection","10274",229
,"Commonwealth of Northern Mariana Islands","69","2023","2023","Cholera","10470",0
,"Commonwealth of Northern Mariana Islands","69","2023","2023","Coccidioidomycosis","11900",0
,"Commonwealth of Northern Mariana Islands","69","2023","2023","Coccidioidomycosis, confirmed","11901",0
,"Commonwealth of Northern Mariana Islands","69","2023","2023","Coccidioidomycosis, probable","11902",0
,"Commonwealth of Northern Mariana Islands","69","2023","2023","Coronavirus Disease 2019 (COVID-19), Total","11065",976
,"Commonwealth of Northern Mariana Islands","69","2023","2023","Coronavirus Disease 2019 (COVID-19), Confirmed","11067",976
,"Commonwealth of Northern Mariana Islands","69","2023","2023","Coronavirus Disease 2019 (COVID-19), Probable","11068",0
,"Commonwealth of Northern Mariana Islands","69","2023","2023","Cryptosporidiosis, Total","11580",0
,"Commonwealth of Northern Mariana Islands","69","2023","2023","Cryptosporidiosis, Confirmed","11582",0
,"Commonwealth of Northern Mariana Islands","69","2023","2023","Cryptosporidiosis, Probable","11583",0
,"Commonwealth of Northern Mariana Islands","69","2023","2023","Cyclosporiasis","11575",0
,"Commonwealth of Northern Mariana Islands","69","2023","2023","Dengue virus infections, Dengue","10680",1
,"Commonwealth of Northern Mariana Islands","69","2023","2023","Dengue virus infections, Dengue-like illness","11704",0
,"Commonwealth of Northern Mariana Islands","69","2023","2023","Dengue virus infections, Severe dengue","11705",0
,"Commonwealth of Northern Mariana Islands","69","2023","2023","Diphtheria","10040",0
,"Commonwealth of Northern Mariana Islands","69","2023","2023","Ehrlichiosis and Anaplasmosis, Anaplasma phagocytophilum infection","11090",0
,"Commonwealth of Northern Mariana Islands","69","2023","2023","Ehrlichiosis and Anaplasmosis, Ehrlichia chaffeensis infection","11088",0
,"Commonwealth of Northern Mariana Islands","69","2023","2023","Ehrlichiosis and Anaplasmosis, Ehrlichia ewingii infection","11089",0
,"Commonwealth of Northern Mariana Islands","69","2023","2023","Ehrlichiosis and Anaplasmosis, Undetermined ehrlichiosis/anaplasmosis","11091",0
,"Commonwealth of Northern Mariana Islands","69","2023","2023","Giardiasis","11570",0
,"Commonwealth of Northern Mariana Islands","69","2023","2023","Gonorrhea","10280",38
,"Commonwealth of Northern Mariana Islands","69","2023","2023","Haemophilus influenzae, invasive disease, All ages, all serotypes","10590",0
,"Commonwealth of Northern Mariana Islands","69","2023","2023","Haemophilus influenzae, invasive disease, Age <5 years, Serotype b","10591",0
,"Commonwealth of Northern Mariana Islands","69","2023","2023","Haemophilus influenzae, invasive disease, Age <5 years, Non-b serotype","10593",0
,"Commonwealth of Northern Mariana Islands","69","2023","2023","Haemophilus influenzae, invasive disease, Age <5 years, Nontypeable","10592",0
,"Commonwealth of Northern Mariana Islands","69","2023","2023","Haemophilus influenzae, invasive disease, Age <5 years, Unknown serotype","10597",0
,"Commonwealth of Northern Mariana Islands","69","2023","2023","Hansen's disease","10380",0
,"Commonwealth of Northern Mariana Islands","69","2023","2023","Hantavirus infection, non-hantavirus pulmonary syndrome","11610",0
,"Commonwealth of Northern Mariana Islands","69","2023","2023","Hantavirus pulmonary syndrome","11590",0
,"Commonwealth of Northern Mariana Islands","69","2023","2023","Hemolytic uremic syndrome post-diarrheal","11550",0
,"Commonwealth of Northern Mariana Islands","69","2023","2023","Hepatitis, A","10110",0
,"Commonwealth of Northern Mariana Islands","69","2023","2023","Hepatitis, B, acute","10100",0
,"Commonwealth of Northern Mariana Islands","69","2023","2023","Hepatitis, B, perinatal infection","10104",0
,"Commonwealth of Northern Mariana Islands","69","2023","2023","Hepatitis, C, acute","10101",0
,"Commonwealth of Northern Mariana Islands","69","2023","2023","Hepatitis, C, acute, Confirmed","50228",0
,"Commonwealth of Northern Mariana Islands","69","2023","2023","Hepatitis, C, acute, Probable","50229",0
,"Commonwealth of Northern Mariana Islands","69","2023","2023","Hepatitis, C, perinatal infection","50248",0
,"Commonwealth of Northern Mariana Islands","69","2023","2023","Human immunodeficiency virus diagnoses","10560",2
,"Commonwealth of Northern Mariana Islands","69","2023","2023","Influenza-associated pediatric mortality","11061",0
,"Commonwealth of Northern Mariana Islands","69","2023","2023","Invasive pneumococcal disease, All ages","11723",0
,"Commonwealth of Northern Mariana Islands","69","2023","2023","Invasive pneumococcal disease, All ages, Confirmed","50230",0
,"Commonwealth of Northern Mariana Islands","69","2023","2023","Invasive pneumococcal disease, All ages, Probable","50231",0
,"Commonwealth of Northern Mariana Islands","69","2023","2023","Invasive pneumococcal disease, Age <5 years","11722",0
,"Commonwealth of Northern Mariana Islands","69","2023","2023","Invasive pneumococcal disease, Age <5 years, Confirmed","50232",0
,"Commonwealth of Northern Mariana Islands","69","2023","2023","Invasive pneumococcal disease, Age <5 years, Probable","50233",0
,"Commonwealth of Northern Mariana Islands","69","2023","2023","Legionellosis","10490",0
,"Commonwealth of Northern Mariana Islands","69","2023","2023","Leptospirosis","10390",0
,"Commonwealth of Northern Mariana Islands","69","2023","2023","Listeriosis, Total","10640",0
,"Commonwealth of Northern Mariana Islands","69","2023","2023","Listeriosis, Confirmed","10641",0
,"Commonwealth of Northern Mariana Islands","69","2023","2023","Listeriosis, Probable","10642",0
,"Commonwealth of Northern Mariana Islands","69","2023","2023","Lyme disease, Total","11080",0
,"Commonwealth of Northern Mariana Islands","69","2023","2023","Lyme disease, Confirmed","11081",0
,"Commonwealth of Northern Mariana Islands","69","2023","2023","Lyme disease, Probable","11082",0
,"Commonwealth of Northern Mariana Islands","69","2023","2023","Malaria","10130",0
,"Commonwealth of Northern Mariana Islands","69","2023","2023","Measles, Total","10140",0
,"Commonwealth of Northern Mariana Islands","69","2023","2023","Measles, Indigenous","10500",0
,"Commonwealth of Northern Mariana Islands","69","2023","2023","Measles, Imported","10510",0
,"Commonwealth of Northern Mariana Islands","69","2023","2023","Melioidosis","11585",0
,"Commonwealth of Northern Mariana Islands","69","2023","2023","Meningococcal disease, All serogroups","10150",0
,"Commonwealth of Northern Mariana Islands","69","2023","2023","Meningococcal disease, Serogroups ACWY","10151",0
,"Commonwealth of Northern Mariana Islands","69","2023","2023","Meningococcal disease, Serogroup B","10152",0
,"Commonwealth of Northern Mariana Islands","69","2023","2023","Meningococcal disease, Other serogroups","10153",0
,"Commonwealth of Northern Mariana Islands","69","2023","2023","Meningococcal disease, Unknown serogroup","10154",0
,"Commonwealth of Northern Mariana Islands","69","2023","2023","Mpox","11801",0
,"Commonwealth of Northern Mariana Islands","69","2023","2023","Mumps","10180",0
,"Commonwealth of Northern Mariana Islands","69","2023","2023","Novel Influenza A virus infections","11062",0
,"Commonwealth of Northern Mariana Islands","69","2023","2023","Paratyphoid fever","50236",0
,"Commonwealth of Northern Mariana Islands","69","2023","2023","Pertussis","10190",0
,"Commonwealth of Northern Mariana Islands","69","2023","2023","Plague","10440",0
,"Commonwealth of Northern Mariana Islands","69","2023","2023","Poliomyelitis, paralytic","10410",0
,"Commonwealth of Northern Mariana Islands","69","2023","2023","Poliovirus infection, nonparalytic","10405",0
,"Commonwealth of Northern Mariana Islands","69","2023","2023","Psittacosis","10450",0
,"Commonwealth of Northern Mariana Islands","69","2023","2023","Q fever, Total","10259",0
,"Commonwealth of Northern Mariana Islands","69","2023","2023","Q fever, Acute","10257",0
,"Commonwealth of Northern Mariana Islands","69","2023","2023","Q fever, Chronic","10258",0
,"Commonwealth of Northern Mariana Islands","69","2023","2023","Rabies, Animal","10340",0
,"Commonwealth of Northern Mariana Islands","69","2023","2023","Rabies, Human","10460",0
,"Commonwealth of Northern Mariana Islands","69","2023","2023","Rubella","10200",0
,"Commonwealth of Northern Mariana Islands","69","2023","2023","Rubella, congenital syndrome","10370",0
,"Commonwealth of Northern Mariana Islands","69","2023","2023","Salmonella Paratyphi infection","50266",0
,"Commonwealth of Northern Mariana Islands","69","2023","2023","Salmonella Typhi infection","50267",0
,"Commonwealth of Northern Mariana Islands","69","2023","2023","Salmonellosis","11000",0
,"Commonwealth of Northern Mariana Islands","69","2023","2023","Salmonellosis (excluding paratyphoid fever and typhoid fever)","50242",0
,"Commonwealth of Northern Mariana Islands","69","2023","2023","Salmonellosis (excluding S. Typhi infection and S. Paratyphi infection)","50265",0
,"Commonwealth of Northern Mariana Islands","69","2023","2023","Severe acute respiratory syndrome-associated coronavirus disease","10575",0
,"Commonwealth of Northern Mariana Islands","69","2023","2023","Shiga toxin-producing Escherichia coli (STEC)","11563",0
,"Commonwealth of Northern Mariana Islands","69","2023","2023","Shigellosis","11010",0
,"Commonwealth of Northern Mariana Islands","69","2023","2023","Smallpox","11800",0
,"Commonwealth of Northern Mariana Islands","69","2023","2023","Spotted fever rickettsiosis, Total","10250",0
,"Commonwealth of Northern Mariana Islands","69","2023","2023","Spotted fever rickettsiosis, Confirmed","10253",0
,"Commonwealth of Northern Mariana Islands","69","2023","2023","Spotted fever rickettsiosis, Probable","10254",0
,"Commonwealth of Northern Mariana Islands","69","2023","2023","Streptococcal toxic shock syndrome","11700",0
,"Commonwealth of Northern Mariana Islands","69","2023","2023","Syphilis, Total, all stages","10399",2
,"Commonwealth of Northern Mariana Islands","69","2023","2023","Syphilis, Congenital","10316",0
,"Commonwealth of Northern Mariana Islands","69","2023","2023","Syphilis, Primary and secondary","10310",1
,"Commonwealth of Northern Mariana Islands","69","2023","2023","Tetanus","10210",0
,"Commonwealth of Northern Mariana Islands","69","2023","2023","Toxic shock syndrome (other than Streptococcal)","10520",0
,"Commonwealth of Northern Mariana Islands","69","2023","2023","Trichinellosis","10270",0
,"Commonwealth of Northern Mariana Islands","69","2023","2023","Tuberculosis","10220",22
,"Commonwealth of Northern Mariana Islands","69","2023","2023","Tularemia","10230",0
,"Commonwealth of Northern Mariana Islands","69","2023","2023","Typhoid fever","10240",0
,"Commonwealth of Northern Mariana Islands","69","2023","2023","Vancomycin-intermediate Staphylococcus aureus","11663",0
,"Commonwealth of Northern Mariana Islands","69","2023","2023","Vancomycin-resistant Staphylococcus aureus","11665",0
,"Commonwealth of Northern Mariana Islands","69","2023","2023","Varicella morbidity","10030",0
,"Commonwealth of Northern Mariana Islands","69","2023","2023","Varicella mortality","10031",0
,"Commonwealth of Northern Mariana Islands","69","2023","2023","Vibriosis, Total","11545",0
,"Commonwealth of Northern Mariana Islands","69","2023","2023","Vibriosis, Confirmed","50234",0
,"Commonwealth of Northern Mariana Islands","69","2023","2023","Vibriosis, Probable","50235",0
,"Commonwealth of Northern Mariana Islands","69","2023","2023","Viral hemorrhagic fevers","11647",0
,"Commonwealth of Northern Mariana Islands","69","2023","2023","Viral hemorrhagic fevers, Chapare virus","11649",0
,"Commonwealth of Northern Mariana Islands","69","2023","2023","Viral hemorrhagic fevers, Crimean-Congo hemorrhagic fever virus","11640",0
,"Commonwealth of Northern Mariana Islands","69","2023","2023","Viral hemorrhagic fevers, Ebola virus","11630",0
,"Commonwealth of Northern Mariana Islands","69","2023","2023","Viral hemorrhagic fevers, Guanarito virus","11648",0
,"Commonwealth of Northern Mariana Islands","69","2023","2023","Viral hemorrhagic fevers, Junin virus","11638",0
,"Commonwealth of Northern Mariana Islands","69","2023","2023","Viral hemorrhagic fevers, Lassa virus","11632",0
,"Commonwealth of Northern Mariana Islands","69","2023","2023","Viral hemorrhagic fevers, Lujo virus","11644",0
,"Commonwealth of Northern Mariana Islands","69","2023","2023","Viral hemorrhagic fevers, Machupo virus","11637",0
,"Commonwealth of Northern Mariana Islands","69","2023","2023","Viral hemorrhagic fevers, Marburg virus","11631",0
,"Commonwealth of Northern Mariana Islands","69","2023","2023","Viral hemorrhagic fevers, Sabia virus","11639",0
,"Commonwealth of Northern Mariana Islands","69","2023","2023","Yellow fever","10660",0
,"Commonwealth of Northern Mariana Islands","69","2023","2023","Zika virus, Zika virus disease, congenital","50224",0
,"Commonwealth of Northern Mariana Islands","69","2023","2023","Zika virus, Zika virus disease, non-congenital","50223",0
,"Commonwealth of Northern Mariana Islands","69","2023","2023","Zika virus, Zika virus infection, congenital","50222",0
,"Commonwealth of Northern Mariana Islands","69","2023","2023","Zika virus, Zika virus infection, non-congenital","50221",0
,"Guam","66","2023","2023","Anthrax","10350",0
,"Guam","66","2023","2023","Arboviral diseases, Chikungunya virus disease","10073",0
,"Guam","66","2023","2023","Arboviral diseases, Eastern equine encephalitis virus disease, Neuroinvasive","10053",0
,"Guam","66","2023","2023","Arboviral diseases, Eastern equine encephalitis virus disease, Non-neuroinvasive","10062",0
,"Guam","66","2023","2023","Arboviral diseases, Jamestown Canyon  virus disease, Neuroinvasive","10078",0
,"Guam","66","2023","2023","Arboviral diseases, Jamestown Canyon  virus disease, Non-neuroinvasive","10079",0
,"Guam","66","2023","2023","Arboviral diseases, La Crosse  virus disease, Neuroinvasive","10081",0
,"Guam","66","2023","2023","Arboviral diseases, La Crosse  virus disease, Non-neuroinvasive","10082",0
,"Guam","66","2023","2023","Arboviral diseases, Powassan virus disease, Neuroinvasive","10057",0
,"Guam","66","2023","2023","Arboviral diseases, Powassan virus disease, Non-neuroinvasive","10063",0
,"Guam","66","2023","2023","Arboviral diseases, St. Louis encephalitis virus disease, Neuroinvasive","10051",0
,"Guam","66","2023","2023","Arboviral diseases, St. Louis encephalitis virus disease, Non-neuroinvasive","10064",0
,"Guam","66","2023","2023","Arboviral diseases, West Nile virus disease, Neuroinvasive","10056",0
,"Guam","66","2023","2023","Arboviral diseases, West Nile virus disease, Non-neuroinvasive","10049",0
,"Guam","66","2023","2023","Arboviral diseases, Western equine encephalitis virus disease, Neuroinvasive","10052",0
,"Guam","66","2023","2023","Arboviral diseases, Western equine encephalitis virus disease, Non-neuroinvasive","10065",0
,"Guam","66","2023","2023","Babesiosis, Total","12010",0
,"Guam","66","2023","2023","Babesiosis, Confirmed","12011",0
,"Guam","66","2023","2023","Babesiosis, Probable","12012",0
,"Guam","66","2023","2023","Botulism, Total","10360",0
,"Guam","66","2023","2023","Botulism, Foodborne","10530",0
,"Guam","66","2023","2023","Botulism, Infant","10540",0
,"Guam","66","2023","2023","Botulism, Other (wound & unspecified)","10550",0
,"Guam","66","2023","2023","Brucellosis","10020",1
,"Guam","66","2023","2023","Campylobacteriosis","11020",14
,"Guam","66","2023","2023","Candida auris, clinical","50263",0
,"Guam","66","2023","2023","Candida auris, screening","50264",0
,"Guam","66","2023","2023","Carbapenemase-producing carbapenem-resistant Enterobacteriaceae","50244",0
,"Guam","66","2023","2023","Carbapenemase-Producing Organisms (CPO),Total","50272",0
,"Guam","66","2023","2023","Chancroid","10273",0
,"Guam","66","2023","2023","Chlamydia trachomatis infection","10274",754
,"Guam","66","2023","2023","Cholera","10470",0
,"Guam","66","2023","2023","Coccidioidomycosis","11900",1
,"Guam","66","2023","2023","Coccidioidomycosis, confirmed","11901",1
,"Guam","66","2023","2023","Coccidioidomycosis, probable","11902",0
,"Guam","66","2023","2023","Coronavirus Disease 2019 (COVID-19), Total","11065",3116
,"Guam","66","2023","2023","Coronavirus Disease 2019 (COVID-19), Confirmed","11067",2245
,"Guam","66","2023","2023","Coronavirus Disease 2019 (COVID-19), Probable","11068",871
,"Guam","66","2023","2023","Cryptosporidiosis, Total","11580",0
,"Guam","66","2023","2023","Cryptosporidiosis, Confirmed","11582",0
,"Guam","66","2023","2023","Cryptosporidiosis, Probable","11583",0
,"Guam","66","2023","2023","Cyclosporiasis","11575",0
,"Guam","66","2023","2023","Dengue virus infections, Dengue","10680",2
,"Guam","66","2023","2023","Dengue virus infections, Dengue-like illness","11704",0
,"Guam","66","2023","2023","Dengue virus infections, Severe dengue","11705",0
,"Guam","66","2023","2023","Diphtheria","10040",0
,"Guam","66","2023","2023","Ehrlichiosis and Anaplasmosis, Anaplasma phagocytophilum infection","11090",Not Reportable
,"Guam","66","2023","2023","Ehrlichiosis and Anaplasmosis, Ehrlichia chaffeensis infection","11088",Not Reportable
,"Guam","66","2023","2023","Ehrlichiosis and Anaplasmosis, Ehrlichia ewingii infection","11089",Not Reportable
,"Guam","66","2023","2023","Ehrlichiosis and Anaplasmosis, Undetermined ehrlichiosis/anaplasmosis","11091",Not Reportable
,"Guam","66","2023","2023","Giardiasis","11570",0
,"Guam","66","2023","2023","Gonorrhea","10280",188
,"Guam","66","2023","2023","Haemophilus influenzae, invasive disease, All ages, all serotypes","10590",3
,"Guam","66","2023","2023","Haemophilus influenzae, invasive disease, Age <5 years, Serotype b","10591",0
,"Guam","66","2023","2023","Haemophilus influenzae, invasive disease, Age <5 years, Non-b serotype","10593",0
,"Guam","66","2023","2023","Haemophilus influenzae, invasive disease, Age <5 years, Nontypeable","10592",0
,"Guam","66","2023","2023","Haemophilus influenzae, invasive disease, Age <5 years, Unknown serotype","10597",1
,"Guam","66","2023","2023","Hansen's disease","10380",6
,"Guam","66","2023","2023","Hantavirus infection, non-hantavirus pulmonary syndrome","11610",0
,"Guam","66","2023","2023","Hantavirus pulmonary syndrome","11590",Not Reportable
,"Guam","66","2023","2023","Hemolytic uremic syndrome post-diarrheal","11550",0
,"Guam","66","2023","2023","Hepatitis, A","10110",1
,"Guam","66","2023","2023","Hepatitis, B, acute","10100",1
,"Guam","66","2023","2023","Hepatitis, B, perinatal infection","10104",0
,"Guam","66","2023","2023","Hepatitis, C, acute","10101",0
,"Guam","66","2023","2023","Hepatitis, C, acute, Confirmed","50228",0
,"Guam","66","2023","2023","Hepatitis, C, acute, Probable","50229",0
,"Guam","66","2023","2023","Hepatitis, C, perinatal infection","50248",0
,"Guam","66","2023","2023","Human immunodeficiency virus diagnoses","10560",4
,"Guam","66","2023","2023","Influenza-associated pediatric mortality","11061",0
,"Guam","66","2023","2023","Invasive pneumococcal disease, All ages","11723",1
,"Guam","66","2023","2023","Invasive pneumococcal disease, All ages, Confirmed","50230",1
,"Guam","66","2023","2023","Invasive pneumococcal disease, All ages, Probable","50231",0
,"Guam","66","2023","2023","Invasive pneumococcal disease, Age <5 years","11722",0
,"Guam","66","2023","2023","Invasive pneumococcal disease, Age <5 years, Confirmed","50232",0
,"Guam","66","2023","2023","Invasive pneumococcal disease, Age <5 years, Probable","50233",0
,"Guam","66","2023","2023","Legionellosis","10490",0
,"Guam","66","2023","2023","Leptospirosis","10390",10
,"Guam","66","2023","2023","Listeriosis, Total","10640",0
,"Guam","66","2023","2023","Listeriosis, Confirmed","10641",0
,"Guam","66","2023","2023","Listeriosis, Probable","10642",0
,"Guam","66","2023","2023","Lyme disease, Total","11080",1
,"Guam","66","2023","2023","Lyme disease, Confirmed","11081",1
,"Guam","66","2023","2023","Lyme disease, Probable","11082",0
,"Guam","66","2023","2023","Malaria","10130",0
,"Guam","66","2023","2023","Measles, Total","10140",0
,"Guam","66","2023","2023","Measles, Indigenous","10500",0
,"Guam","66","2023","2023","Measles, Imported","10510",0
,"Guam","66","2023","2023","Melioidosis","11585",0
,"Guam","66","2023","2023","Meningococcal disease, All serogroups","10150",0
,"Guam","66","2023","2023","Meningococcal disease, Serogroups ACWY","10151",0
,"Guam","66","2023","2023","Meningococcal disease, Serogroup B","10152",0
,"Guam","66","2023","2023","Meningococcal disease, Other serogroups","10153",0
,"Guam","66","2023","2023","Meningococcal disease, Unknown serogroup","10154",0
,"Guam","66","2023","2023","Mpox","11801",0
,"Guam","66","2023","2023","Mumps","10180",0
,"Guam","66","2023","2023","Novel Influenza A virus infections","11062",0
,"Guam","66","2023","2023","Paratyphoid fever","50236",0
,"Guam","66","2023","2023","Pertussis","10190",0
,"Guam","66","2023","2023","Plague","10440",0
,"Guam","66","2023","2023","Poliomyelitis, paralytic","10410",0
,"Guam","66","2023","2023","Poliovirus infection, nonparalytic","10405",0
,"Guam","66","2023","2023","Psittacosis","10450",0
,"Guam","66","2023","2023","Q fever, Total","10259",Not Reportable
,"Guam","66","2023","2023","Q fever, Acute","10257",Not Reportable
,"Guam","66","2023","2023","Q fever, Chronic","10258",Not Reportable
,"Guam","66","2023","2023","Rabies, Animal","10340",0
,"Guam","66","2023","2023","Rabies, Human","10460",0
,"Guam","66","2023","2023","Rubella","10200",0
,"Guam","66","2023","2023","Rubella, congenital syndrome","10370",0
,"Guam","66","2023","2023","Salmonella Paratyphi infection","50266",0
,"Guam","66","2023","2023","Salmonella Typhi infection","50267",0
,"Guam","66","2023","2023","Salmonellosis","11000",0
,"Guam","66","2023","2023","Salmonellosis (excluding paratyphoid fever and typhoid fever)","50242",0
,"Guam","66","2023","2023","Salmonellosis (excluding S. Typhi infection and S. Paratyphi infection)","50265",23
,"Guam","66","2023","2023","Severe acute respiratory syndrome-associated coronavirus disease","10575",0
,"Guam","66","2023","2023","Shiga toxin-producing Escherichia coli (STEC)","11563",1
,"Guam","66","2023","2023","Shigellosis","11010",12
,"Guam","66","2023","2023","Smallpox","11800",0
,"Guam","66","2023","2023","Spotted fever rickettsiosis, Total","10250",Not Reportable
,"Guam","66","2023","2023","Spotted fever rickettsiosis, Confirmed","10253",Not Reportable
,"Guam","66","2023","2023","Spotted fever rickettsiosis, Probable","10254",Not Reportable
,"Guam","66","2023","2023","Streptococcal toxic shock syndrome","11700",0
,"Guam","66","2023","2023","Syphilis, Total, all stages","10399",16
,"Guam","66","2023","2023","Syphilis, Congenital","10316",1
,"Guam","66","2023","2023","Syphilis, Primary and secondary","10310",5
,"Guam","66","2023","2023","Tetanus","10210",1
,"Guam","66","2023","2023","Toxic shock syndrome (other than Streptococcal)","10520",0
,"Guam","66","2023","2023","Trichinellosis","10270",0
,"Guam","66","2023","2023","Tuberculosis","10220",45
,"Guam","66","2023","2023","Tularemia","10230",0
,"Guam","66","2023","2023","Typhoid fever","10240",0
,"Guam","66","2023","2023","Vancomycin-intermediate Staphylococcus aureus","11663",0
,"Guam","66","2023","2023","Vancomycin-resistant Staphylococcus aureus","11665",0
,"Guam","66","2023","2023","Varicella morbidity","10030",17
,"Guam","66","2023","2023","Varicella mortality","10031",0
,"Guam","66","2023","2023","Vibriosis, Total","11545",1
,"Guam","66","2023","2023","Vibriosis, Confirmed","50234",1
,"Guam","66","2023","2023","Vibriosis, Probable","50235",0
,"Guam","66","2023","2023","Viral hemorrhagic fevers","11647",0
,"Guam","66","2023","2023","Viral hemorrhagic fevers, Chapare virus","11649",0
,"Guam","66","2023","2023","Viral hemorrhagic fevers, Crimean-Congo hemorrhagic fever virus","11640",0
,"Guam","66","2023","2023","Viral hemorrhagic fevers, Ebola virus","11630",0
,"Guam","66","2023","2023","Viral hemorrhagic fevers, Guanarito virus","11648",0
,"Guam","66","2023","2023","Viral hemorrhagic fevers, Junin virus","11638",0
,"Guam","66","2023","2023","Viral hemorrhagic fevers, Lassa virus","11632",0
,"Guam","66","2023","2023","Viral hemorrhagic fevers, Lujo virus","11644",0
,"Guam","66","2023","2023","Viral hemorrhagic fevers, Machupo virus","11637",0
,"Guam","66","2023","2023","Viral hemorrhagic fevers, Marburg virus","11631",0
,"Guam","66","2023","2023","Viral hemorrhagic fevers, Sabia virus","11639",0
,"Guam","66","2023","2023","Yellow fever","10660",0
,"Guam","66","2023","2023","Zika virus, Zika virus disease, congenital","50224",0
,"Guam","66","2023","2023","Zika virus, Zika virus disease, non-congenital","50223",0
,"Guam","66","2023","2023","Zika virus, Zika virus infection, congenital","50222",0
,"Guam","66","2023","2023","Zika virus, Zika virus infection, non-congenital","50221",0
,"Puerto Rico","72","2023","2023","Anthrax","10350",0
,"Puerto Rico","72","2023","2023","Arboviral diseases, Chikungunya virus disease","10073",0
,"Puerto Rico","72","2023","2023","Arboviral diseases, Eastern equine encephalitis virus disease, Neuroinvasive","10053",0
,"Puerto Rico","72","2023","2023","Arboviral diseases, Eastern equine encephalitis virus disease, Non-neuroinvasive","10062",0
,"Puerto Rico","72","2023","2023","Arboviral diseases, Jamestown Canyon  virus disease, Neuroinvasive","10078",0
,"Puerto Rico","72","2023","2023","Arboviral diseases, Jamestown Canyon  virus disease, Non-neuroinvasive","10079",0
,"Puerto Rico","72","2023","2023","Arboviral diseases, La Crosse  virus disease, Neuroinvasive","10081",0
,"Puerto Rico","72","2023","2023","Arboviral diseases, La Crosse  virus disease, Non-neuroinvasive","10082",0
,"Puerto Rico","72","2023","2023","Arboviral diseases, Powassan virus disease, Neuroinvasive","10057",0
,"Puerto Rico","72","2023","2023","Arboviral diseases, Powassan virus disease, Non-neuroinvasive","10063",0
,"Puerto Rico","72","2023","2023","Arboviral diseases, St. Louis encephalitis virus disease, Neuroinvasive","10051",0
,"Puerto Rico","72","2023","2023","Arboviral diseases, St. Louis encephalitis virus disease, Non-neuroinvasive","10064",0
,"Puerto Rico","72","2023","2023","Arboviral diseases, West Nile virus disease, Neuroinvasive","10056",0
,"Puerto Rico","72","2023","2023","Arboviral diseases, West Nile virus disease, Non-neuroinvasive","10049",0
,"Puerto Rico","72","2023","2023","Arboviral diseases, Western equine encephalitis virus disease, Neuroinvasive","10052",0
,"Puerto Rico","72","2023","2023","Arboviral diseases, Western equine encephalitis virus disease, Non-neuroinvasive","10065",0
,"Puerto Rico","72","2023","2023","Babesiosis, Total","12010",Not Reportable
,"Puerto Rico","72","2023","2023","Babesiosis, Confirmed","12011",Not Reportable
,"Puerto Rico","72","2023","2023","Babesiosis, Probable","12012",Not Reportable
,"Puerto Rico","72","2023","2023","Botulism, Total","10360",0
,"Puerto Rico","72","2023","2023","Botulism, Foodborne","10530",0
,"Puerto Rico","72","2023","2023","Botulism, Infant","10540",0
,"Puerto Rico","72","2023","2023","Botulism, Other (wound & unspecified)","10550",0
,"Puerto Rico","72","2023","2023","Brucellosis","10020",0
,"Puerto Rico","72","2023","2023","Campylobacteriosis","11020",63
,"Puerto Rico","72","2023","2023","Candida auris, clinical","50263",0
,"Puerto Rico","72","2023","2023","Candida auris, screening","50264",0
,"Puerto Rico","72","2023","2023","Carbapenemase-producing carbapenem-resistant Enterobacteriaceae","50244",0
,"Puerto Rico","72","2023","2023","Carbapenemase-Producing Organisms (CPO),Total","50272",182
,"Puerto Rico","72","2023","2023","Chancroid","10273",0
,"Puerto Rico","72","2023","2023","Chlamydia trachomatis infection","10274",5195
,"Puerto Rico","72","2023","2023","Cholera","10470",0
,"Puerto Rico","72","2023","2023","Coccidioidomycosis","11900",Not Reportable
,"Puerto Rico","72","2023","2023","Coccidioidomycosis, confirmed","11901",Not Reportable
,"Puerto Rico","72","2023","2023","Coccidioidomycosis, probable","11902",Not Reportable
,"Puerto Rico","72","2023","2023","Coronavirus Disease 2019 (COVID-19), Total","11065",264852
,"Puerto Rico","72","2023","2023","Coronavirus Disease 2019 (COVID-19), Confirmed","11067",40481
,"Puerto Rico","72","2023","2023","Coronavirus Disease 2019 (COVID-19), Probable","11068",224371
,"Puerto Rico","72","2023","2023","Cryptosporidiosis, Total","11580",0
,"Puerto Rico","72","2023","2023","Cryptosporidiosis, Confirmed","11582",0
,"Puerto Rico","72","2023","2023","Cryptosporidiosis, Probable","11583",0
,"Puerto Rico","72","2023","2023","Cyclosporiasis","11575",0
,"Puerto Rico","72","2023","2023","Dengue virus infections, Dengue","10680",1079
,"Puerto Rico","72","2023","2023","Dengue virus infections, Dengue-like illness","11704",124
,"Puerto Rico","72","2023","2023","Dengue virus infections, Severe dengue","11705",74
,"Puerto Rico","72","2023","2023","Diphtheria","10040",0
,"Puerto Rico","72","2023","2023","Ehrlichiosis and Anaplasmosis, Anaplasma phagocytophilum infection","11090",Not Reportable
,"Puerto Rico","72","2023","2023","Ehrlichiosis and Anaplasmosis, Ehrlichia chaffeensis infection","11088",Not Reportable
,"Puerto Rico","72","2023","2023","Ehrlichiosis and Anaplasmosis, Ehrlichia ewingii infection","11089",Not Reportable
,"Puerto Rico","72","2023","2023","Ehrlichiosis and Anaplasmosis, Undetermined ehrlichiosis/anaplasmosis","11091",Not Reportable
,"Puerto Rico","72","2023","2023","Giardiasis","11570",18
,"Puerto Rico","72","2023","2023","Gonorrhea","10280",1187
,"Puerto Rico","72","2023","2023","Haemophilus influenzae, invasive disease, All ages, all serotypes","10590",6
,"Puerto Rico","72","2023","2023","Haemophilus influenzae, invasive disease, Age <5 years, Serotype b","10591",0
,"Puerto Rico","72","2023","2023","Haemophilus influenzae, invasive disease, Age <5 years, Non-b serotype","10593",0
,"Puerto Rico","72","2023","2023","Haemophilus influenzae, invasive disease, Age <5 years, Nontypeable","10592",0
,"Puerto Rico","72","2023","2023","Haemophilus influenzae, invasive disease, Age <5 years, Unknown serotype","10597",2
,"Puerto Rico","72","2023","2023","Hansen's disease","10380",0
,"Puerto Rico","72","2023","2023","Hantavirus infection, non-hantavirus pulmonary syndrome","11610",0
,"Puerto Rico","72","2023","2023","Hantavirus pulmonary syndrome","11590",0
,"Puerto Rico","72","2023","2023","Hemolytic uremic syndrome post-diarrheal","11550",Not Reportable
,"Puerto Rico","72","2023","2023","Hepatitis, A","10110",3
,"Puerto Rico","72","2023","2023","Hepatitis, B, acute","10100",9
,"Puerto Rico","72","2023","2023","Hepatitis, B, perinatal infection","10104",0
,"Puerto Rico","72","2023","2023","Hepatitis, C, acute","10101",1
,"Puerto Rico","72","2023","2023","Hepatitis, C, acute, Confirmed","50228",0
,"Puerto Rico","72","2023","2023","Hepatitis, C, acute, Probable","50229",1
,"Puerto Rico","72","2023","2023","Hepatitis, C, perinatal infection","50248",0
,"Puerto Rico","72","2023","2023","Human immunodeficiency virus diagnoses","10560",389
,"Puerto Rico","72","2023","2023","Influenza-associated pediatric mortality","11061",0
,"Puerto Rico","72","2023","2023","Invasive pneumococcal disease, All ages","11723",9
,"Puerto Rico","72","2023","2023","Invasive pneumococcal disease, All ages, Confirmed","50230",9
,"Puerto Rico","72","2023","2023","Invasive pneumococcal disease, All ages, Probable","50231",0
,"Puerto Rico","72","2023","2023","Invasive pneumococcal disease, Age <5 years","11722",2
,"Puerto Rico","72","2023","2023","Invasive pneumococcal disease, Age <5 years, Confirmed","50232",2
,"Puerto Rico","72","2023","2023","Invasive pneumococcal disease, Age <5 years, Probable","50233",0
,"Puerto Rico","72","2023","2023","Legionellosis","10490",6
,"Puerto Rico","72","2023","2023","Leptospirosis","10390",290
,"Puerto Rico","72","2023","2023","Listeriosis, Total","10640",2
,"Puerto Rico","72","2023","2023","Listeriosis, Confirmed","10641",2
,"Puerto Rico","72","2023","2023","Listeriosis, Probable","10642",0
,"Puerto Rico","72","2023","2023","Lyme disease, Total","11080",Not Reportable
,"Puerto Rico","72","2023","2023","Lyme disease, Confirmed","11081",Not Reportable
,"Puerto Rico","72","2023","2023","Lyme disease, Probable","11082",Not Reportable
,"Puerto Rico","72","2023","2023","Malaria","10130",0
,"Puerto Rico","72","2023","2023","Measles, Total","10140",0
,"Puerto Rico","72","2023","2023","Measles, Indigenous","10500",0
,"Puerto Rico","72","2023","2023","Measles, Imported","10510",0
,"Puerto Rico","72","2023","2023","Melioidosis","11585",0
,"Puerto Rico","72","2023","2023","Meningococcal disease, All serogroups","10150",0
,"Puerto Rico","72","2023","2023","Meningococcal disease, Serogroups ACWY","10151",0
,"Puerto Rico","72","2023","2023","Meningococcal disease, Serogroup B","10152",0
,"Puerto Rico","72","2023","2023","Meningococcal disease, Other serogroups","10153",0
,"Puerto Rico","72","2023","2023","Meningococcal disease, Unknown serogroup","10154",0
,"Puerto Rico","72","2023","2023","Mpox","11801",9
,"Puerto Rico","72","2023","2023","Mumps","10180",4
,"Puerto Rico","72","2023","2023","Novel Influenza A virus infections","11062",0
,"Puerto Rico","72","2023","2023","Paratyphoid fever","50236",0
,"Puerto Rico","72","2023","2023","Pertussis","10190",36
,"Puerto Rico","72","2023","2023","Plague","10440",0
,"Puerto Rico","72","2023","2023","Poliomyelitis, paralytic","10410",0
,"Puerto Rico","72","2023","2023","Poliovirus infection, nonparalytic","10405",0
,"Puerto Rico","72","2023","2023","Psittacosis","10450",Not Reportable
,"Puerto Rico","72","2023","2023","Q fever, Total","10259",0
,"Puerto Rico","72","2023","2023","Q fever, Acute","10257",0
,"Puerto Rico","72","2023","2023","Q fever, Chronic","10258",0
,"Puerto Rico","72","2023","2023","Rabies, Animal","10340",25
,"Puerto Rico","72","2023","2023","Rabies, Human","10460",0
,"Puerto Rico","72","2023","2023","Rubella","10200",0
,"Puerto Rico","72","2023","2023","Rubella, congenital syndrome","10370",0
,"Puerto Rico","72","2023","2023","Salmonella Paratyphi infection","50266",2
,"Puerto Rico","72","2023","2023","Salmonella Typhi infection","50267",0
,"Puerto Rico","72","2023","2023","Salmonellosis","11000",0
,"Puerto Rico","72","2023","2023","Salmonellosis (excluding paratyphoid fever and typhoid fever)","50242",0
,"Puerto Rico","72","2023","2023","Salmonellosis (excluding S. Typhi infection and S. Paratyphi infection)","50265",475
,"Puerto Rico","72","2023","2023","Severe acute respiratory syndrome-associated coronavirus disease","10575",0
,"Puerto Rico","72","2023","2023","Shiga toxin-producing Escherichia coli (STEC)","11563",9
,"Puerto Rico","72","2023","2023","Shigellosis","11010",17
,"Puerto Rico","72","2023","2023","Smallpox","11800",0
,"Puerto Rico","72","2023","2023","Spotted fever rickettsiosis, Total","10250",Not Reportable
,"Puerto Rico","72","2023","2023","Spotted fever rickettsiosis, Confirmed","10253",Not Reportable
,"Puerto Rico","72","2023","2023","Spotted fever rickettsiosis, Probable","10254",Not Reportable
,"Puerto Rico","72","2023","2023","Streptococcal toxic shock syndrome","11700",Not Reportable
,"Puerto Rico","72","2023","2023","Syphilis, Total, all stages","10399",1592
,"Puerto Rico","72","2023","2023","Syphilis, Congenital","10316",27
,"Puerto Rico","72","2023","2023","Syphilis, Primary and secondary","10310",437
,"Puerto Rico","72","2023","2023","Tetanus","10210",0
,"Puerto Rico","72","2023","2023","Toxic shock syndrome (other than Streptococcal)","10520",Not Reportable
,"Puerto Rico","72","2023","2023","Trichinellosis","10270",Not Reportable
,"Puerto Rico","72","2023","2023","Tuberculosis","10220",21
,"Puerto Rico","72","2023","2023","Tularemia","10230",0
,"Puerto Rico","72","2023","2023","Typhoid fever","10240",0
,"Puerto Rico","72","2023","2023","Vancomycin-intermediate Staphylococcus aureus","11663",0
,"Puerto Rico","72","2023","2023","Vancomycin-resistant Staphylococcus aureus","11665",0
,"Puerto Rico","72","2023","2023","Varicella morbidity","10030",45
,"Puerto Rico","72","2023","2023","Varicella mortality","10031",0
,"Puerto Rico","72","2023","2023","Vibriosis, Total","11545",0
,"Puerto Rico","72","2023","2023","Vibriosis, Confirmed","50234",0
,"Puerto Rico","72","2023","2023","Vibriosis, Probable","50235",0
,"Puerto Rico","72","2023","2023","Viral hemorrhagic fevers","11647",0
,"Puerto Rico","72","2023","2023","Viral hemorrhagic fevers, Chapare virus","11649",0
,"Puerto Rico","72","2023","2023","Viral hemorrhagic fevers, Crimean-Congo hemorrhagic fever virus","11640",0
,"Puerto Rico","72","2023","2023","Viral hemorrhagic fevers, Ebola virus","11630",0
,"Puerto Rico","72","2023","2023","Viral hemorrhagic fevers, Guanarito virus","11648",0
,"Puerto Rico","72","2023","2023","Viral hemorrhagic fevers, Junin virus","11638",0
,"Puerto Rico","72","2023","2023","Viral hemorrhagic fevers, Lassa virus","11632",0
,"Puerto Rico","72","2023","2023","Viral hemorrhagic fevers, Lujo virus","11644",0
,"Puerto Rico","72","2023","2023","Viral hemorrhagic fevers, Machupo virus","11637",0
,"Puerto Rico","72","2023","2023","Viral hemorrhagic fevers, Marburg virus","11631",0
,"Puerto Rico","72","2023","2023","Viral hemorrhagic fevers, Sabia virus","11639",0
,"Puerto Rico","72","2023","2023","Yellow fever","10660",0
,"Puerto Rico","72","2023","2023","Zika virus, Zika virus disease, congenital","50224",0
,"Puerto Rico","72","2023","2023","Zika virus, Zika virus disease, non-congenital","50223",30
,"Puerto Rico","72","2023","2023","Zika virus, Zika virus infection, congenital","50222",0
,"Puerto Rico","72","2023","2023","Zika virus, Zika virus infection, non-congenital","50221",16
,"U.S. Virgin Islands","78","2023","2023","Anthrax","10350",0
,"U.S. Virgin Islands","78","2023","2023","Arboviral diseases, Chikungunya virus disease","10073",0
,"U.S. Virgin Islands","78","2023","2023","Arboviral diseases, Eastern equine encephalitis virus disease, Neuroinvasive","10053",0
,"U.S. Virgin Islands","78","2023","2023","Arboviral diseases, Eastern equine encephalitis virus disease, Non-neuroinvasive","10062",0
,"U.S. Virgin Islands","78","2023","2023","Arboviral diseases, Jamestown Canyon  virus disease, Neuroinvasive","10078",0
,"U.S. Virgin Islands","78","2023","2023","Arboviral diseases, Jamestown Canyon  virus disease, Non-neuroinvasive","10079",0
,"U.S. Virgin Islands","78","2023","2023","Arboviral diseases, La Crosse  virus disease, Neuroinvasive","10081",0
,"U.S. Virgin Islands","78","2023","2023","Arboviral diseases, La Crosse  virus disease, Non-neuroinvasive","10082",0
,"U.S. Virgin Islands","78","2023","2023","Arboviral diseases, Powassan virus disease, Neuroinvasive","10057",0
,"U.S. Virgin Islands","78","2023","2023","Arboviral diseases, Powassan virus disease, Non-neuroinvasive","10063",0
,"U.S. Virgin Islands","78","2023","2023","Arboviral diseases, St. Louis encephalitis virus disease, Neuroinvasive","10051",0
,"U.S. Virgin Islands","78","2023","2023","Arboviral diseases, St. Louis encephalitis virus disease, Non-neuroinvasive","10064",0
,"U.S. Virgin Islands","78","2023","2023","Arboviral diseases, West Nile virus disease, Neuroinvasive","10056",0
,"U.S. Virgin Islands","78","2023","2023","Arboviral diseases, West Nile virus disease, Non-neuroinvasive","10049",0
,"U.S. Virgin Islands","78","2023","2023","Arboviral diseases, Western equine encephalitis virus disease, Neuroinvasive","10052",0
,"U.S. Virgin Islands","78","2023","2023","Arboviral diseases, Western equine encephalitis virus disease, Non-neuroinvasive","10065",0
,"U.S. Virgin Islands","78","2023","2023","Babesiosis, Total","12010",0
,"U.S. Virgin Islands","78","2023","2023","Babesiosis, Confirmed","12011",0
,"U.S. Virgin Islands","78","2023","2023","Babesiosis, Probable","12012",0
,"U.S. Virgin Islands","78","2023","2023","Botulism, Total","10360",0
,"U.S. Virgin Islands","78","2023","2023","Botulism, Foodborne","10530",0
,"U.S. Virgin Islands","78","2023","2023","Botulism, Infant","10540",0
,"U.S. Virgin Islands","78","2023","2023","Botulism, Other (wound & unspecified)","10550",0
,"U.S. Virgin Islands","78","2023","2023","Brucellosis","10020",0
,"U.S. Virgin Islands","78","2023","2023","Campylobacteriosis","11020",0
,"U.S. Virgin Islands","78","2023","2023","Candida auris, clinical","50263",0
,"U.S. Virgin Islands","78","2023","2023","Candida auris, screening","50264",0
,"U.S. Virgin Islands","78","2023","2023","Carbapenemase-producing carbapenem-resistant Enterobacteriaceae","50244",0
,"U.S. Virgin Islands","78","2023","2023","Carbapenemase-Producing Organisms (CPO),Total","50272",0
,"U.S. Virgin Islands","78","2023","2023","Chancroid","10273",0
,"U.S. Virgin Islands","78","2023","2023","Chlamydia trachomatis infection","10274",617
,"U.S. Virgin Islands","78","2023","2023","Cholera","10470",0
,"U.S. Virgin Islands","78","2023","2023","Coccidioidomycosis","11900",0
,"U.S. Virgin Islands","78","2023","2023","Coccidioidomycosis, confirmed","11901",0
,"U.S. Virgin Islands","78","2023","2023","Coccidioidomycosis, probable","11902",0
,"U.S. Virgin Islands","78","2023","2023","Coronavirus Disease 2019 (COVID-19), Total","11065",2144
,"U.S. Virgin Islands","78","2023","2023","Coronavirus Disease 2019 (COVID-19), Confirmed","11067",2144
,"U.S. Virgin Islands","78","2023","2023","Coronavirus Disease 2019 (COVID-19), Probable","11068",0
,"U.S. Virgin Islands","78","2023","2023","Cryptosporidiosis, Total","11580",0
,"U.S. Virgin Islands","78","2023","2023","Cryptosporidiosis, Confirmed","11582",0
,"U.S. Virgin Islands","78","2023","2023","Cryptosporidiosis, Probable","11583",0
,"U.S. Virgin Islands","78","2023","2023","Cyclosporiasis","11575",0
,"U.S. Virgin Islands","78","2023","2023","Dengue virus infections, Dengue","10680",0
,"U.S. Virgin Islands","78","2023","2023","Dengue virus infections, Dengue-like illness","11704",0
,"U.S. Virgin Islands","78","2023","2023","Dengue virus infections, Severe dengue","11705",0
,"U.S. Virgin Islands","78","2023","2023","Diphtheria","10040",0
,"U.S. Virgin Islands","78","2023","2023","Ehrlichiosis and Anaplasmosis, Anaplasma phagocytophilum infection","11090",0
,"U.S. Virgin Islands","78","2023","2023","Ehrlichiosis and Anaplasmosis, Ehrlichia chaffeensis infection","11088",0
,"U.S. Virgin Islands","78","2023","2023","Ehrlichiosis and Anaplasmosis, Ehrlichia ewingii infection","11089",0
,"U.S. Virgin Islands","78","2023","2023","Ehrlichiosis and Anaplasmosis, Undetermined ehrlichiosis/anaplasmosis","11091",0
,"U.S. Virgin Islands","78","2023","2023","Giardiasis","11570",6
,"U.S. Virgin Islands","78","2023","2023","Gonorrhea","10280",83
,"U.S. Virgin Islands","78","2023","2023","Haemophilus influenzae, invasive disease, All ages, all serotypes","10590",0
,"U.S. Virgin Islands","78","2023","2023","Haemophilus influenzae, invasive disease, Age <5 years, Serotype b","10591",0
,"U.S. Virgin Islands","78","2023","2023","Haemophilus influenzae, invasive disease, Age <5 years, Non-b serotype","10593",0
,"U.S. Virgin Islands","78","2023","2023","Haemophilus influenzae, invasive disease, Age <5 years, Nontypeable","10592",0
,"U.S. Virgin Islands","78","2023","2023","Haemophilus influenzae, invasive disease, Age <5 years, Unknown serotype","10597",0
,"U.S. Virgin Islands","78","2023","2023","Hansen's disease","10380",0
,"U.S. Virgin Islands","78","2023","2023","Hantavirus infection, non-hantavirus pulmonary syndrome","11610",0
,"U.S. Virgin Islands","78","2023","2023","Hantavirus pulmonary syndrome","11590",0
,"U.S. Virgin Islands","78","2023","2023","Hemolytic uremic syndrome post-diarrheal","11550",0
,"U.S. Virgin Islands","78","2023","2023","Hepatitis, A","10110",0
,"U.S. Virgin Islands","78","2023","2023","Hepatitis, B, acute","10100",0
,"U.S. Virgin Islands","78","2023","2023","Hepatitis, B, perinatal infection","10104",0
,"U.S. Virgin Islands","78","2023","2023","Hepatitis, C, acute","10101",2
,"U.S. Virgin Islands","78","2023","2023","Hepatitis, C, acute, Confirmed","50228",0
,"U.S. Virgin Islands","78","2023","2023","Hepatitis, C, acute, Probable","50229",2
,"U.S. Virgin Islands","78","2023","2023","Hepatitis, C, perinatal infection","50248",0
,"U.S. Virgin Islands","78","2023","2023","Human immunodeficiency virus diagnoses","10560",13
,"U.S. Virgin Islands","78","2023","2023","Influenza-associated pediatric mortality","11061",0
,"U.S. Virgin Islands","78","2023","2023","Invasive pneumococcal disease, All ages","11723",0
,"U.S. Virgin Islands","78","2023","2023","Invasive pneumococcal disease, All ages, Confirmed","50230",0
,"U.S. Virgin Islands","78","2023","2023","Invasive pneumococcal disease, All ages, Probable","50231",0
,"U.S. Virgin Islands","78","2023","2023","Invasive pneumococcal disease, Age <5 years","11722",0
,"U.S. Virgin Islands","78","2023","2023","Invasive pneumococcal disease, Age <5 years, Confirmed","50232",0
,"U.S. Virgin Islands","78","2023","2023","Invasive pneumococcal disease, Age <5 years, Probable","50233",0
,"U.S. Virgin Islands","78","2023","2023","Legionellosis","10490",1
,"U.S. Virgin Islands","78","2023","2023","Leptospirosis","10390",0
,"U.S. Virgin Islands","78","2023","2023","Listeriosis, Total","10640",0
,"U.S. Virgin Islands","78","2023","2023","Listeriosis, Confirmed","10641",0
,"U.S. Virgin Islands","78","2023","2023","Listeriosis, Probable","10642",0
,"U.S. Virgin Islands","78","2023","2023","Lyme disease, Total","11080",0
,"U.S. Virgin Islands","78","2023","2023","Lyme disease, Confirmed","11081",0
,"U.S. Virgin Islands","78","2023","2023","Lyme disease, Probable","11082",0
,"U.S. Virgin Islands","78","2023","2023","Malaria","10130",0
,"U.S. Virgin Islands","78","2023","2023","Measles, Total","10140",0
,"U.S. Virgin Islands","78","2023","2023","Measles, Indigenous","10500",0
,"U.S. Virgin Islands","78","2023","2023","Measles, Imported","10510",0
,"U.S. Virgin Islands","78","2023","2023","Melioidosis","11585",0
,"U.S. Virgin Islands","78","2023","2023","Meningococcal disease, All serogroups","10150",0
,"U.S. Virgin Islands","78","2023","2023","Meningococcal disease, Serogroups ACWY","10151",0
,"U.S. Virgin Islands","78","2023","2023","Meningococcal disease, Serogroup B","10152",0
,"U.S. Virgin Islands","78","2023","2023","Meningococcal disease, Other serogroups","10153",0
,"U.S. Virgin Islands","78","2023","2023","Meningococcal disease, Unknown serogroup","10154",0
,"U.S. Virgin Islands","78","2023","2023","Mpox","11801",0
,"U.S. Virgin Islands","78","2023","2023","Mumps","10180",1
,"U.S. Virgin Islands","78","2023","2023","Novel Influenza A virus infections","11062",0
,"U.S. Virgin Islands","78","2023","2023","Paratyphoid fever","50236",0
,"U.S. Virgin Islands","78","2023","2023","Pertussis","10190",0
,"U.S. Virgin Islands","78","2023","2023","Plague","10440",0
,"U.S. Virgin Islands","78","2023","2023","Poliomyelitis, paralytic","10410",0
,"U.S. Virgin Islands","78","2023","2023","Poliovirus infection, nonparalytic","10405",0
,"U.S. Virgin Islands","78","2023","2023","Psittacosis","10450",0
,"U.S. Virgin Islands","78","2023","2023","Q fever, Total","10259",0
,"U.S. Virgin Islands","78","2023","2023","Q fever, Acute","10257",0
,"U.S. Virgin Islands","78","2023","2023","Q fever, Chronic","10258",0
,"U.S. Virgin Islands","78","2023","2023","Rabies, Animal","10340",0
,"U.S. Virgin Islands","78","2023","2023","Rabies, Human","10460",0
,"U.S. Virgin Islands","78","2023","2023","Rubella","10200",0
,"U.S. Virgin Islands","78","2023","2023","Rubella, congenital syndrome","10370",0
,"U.S. Virgin Islands","78","2023","2023","Salmonella Paratyphi infection","50266",0
,"U.S. Virgin Islands","78","2023","2023","Salmonella Typhi infection","50267",0
,"U.S. Virgin Islands","78","2023","2023","Salmonellosis","11000",0
,"U.S. Virgin Islands","78","2023","2023","Salmonellosis (excluding paratyphoid fever and typhoid fever)","50242",0
,"U.S. Virgin Islands","78","2023","2023","Salmonellosis (excluding S. Typhi infection and S. Paratyphi infection)","50265",5
,"U.S. Virgin Islands","78","2023","2023","Severe acute respiratory syndrome-associated coronavirus disease","10575",0
,"U.S. Virgin Islands","78","2023","2023","Shiga toxin-producing Escherichia coli (STEC)","11563",0
,"U.S. Virgin Islands","78","2023","2023","Shigellosis","11010",2
,"U.S. Virgin Islands","78","2023","2023","Smallpox","11800",0
,"U.S. Virgin Islands","78","2023","2023","Spotted fever rickettsiosis, Total","10250",0
,"U.S. Virgin Islands","78","2023","2023","Spotted fever rickettsiosis, Confirmed","10253",0
,"U.S. Virgin Islands","78","2023","2023","Spotted fever rickettsiosis, Probable","10254",0
,"U.S. Virgin Islands","78","2023","2023","Streptococcal toxic shock syndrome","11700",0
,"U.S. Virgin Islands","78","2023","2023","Syphilis, Total, all stages","10399",58
,"U.S. Virgin Islands","78","2023","2023","Syphilis, Congenital","10316",0
,"U.S. Virgin Islands","78","2023","2023","Syphilis, Primary and secondary","10310",3
,"U.S. Virgin Islands","78","2023","2023","Tetanus","10210",0
,"U.S. Virgin Islands","78","2023","2023","Toxic shock syndrome (other than Streptococcal)","10520",0
,"U.S. Virgin Islands","78","2023","2023","Trichinellosis","10270",0
,"U.S. Virgin Islands","78","2023","2023","Tuberculosis","10220",2
,"U.S. Virgin Islands","78","2023","2023","Tularemia","10230",0
,"U.S. Virgin Islands","78","2023","2023","Typhoid fever","10240",0
,"U.S. Virgin Islands","78","2023","2023","Vancomycin-intermediate Staphylococcus aureus","11663",0
,"U.S. Virgin Islands","78","2023","2023","Vancomycin-resistant Staphylococcus aureus","11665",0
,"U.S. Virgin Islands","78","2023","2023","Varicella morbidity","10030",1
,"U.S. Virgin Islands","78","2023","2023","Varicella mortality","10031",0
,"U.S. Virgin Islands","78","2023","2023","Vibriosis, Total","11545",0
,"U.S. Virgin Islands","78","2023","2023","Vibriosis, Confirmed","50234",0
,"U.S. Virgin Islands","78","2023","2023","Vibriosis, Probable","50235",0
,"U.S. Virgin Islands","78","2023","2023","Viral hemorrhagic fevers","11647",0
,"U.S. Virgin Islands","78","2023","2023","Viral hemorrhagic fevers, Chapare virus","11649",0
,"U.S. Virgin Islands","78","2023","2023","Viral hemorrhagic fevers, Crimean-Congo hemorrhagic fever virus","11640",0
,"U.S. Virgin Islands","78","2023","2023","Viral hemorrhagic fevers, Ebola virus","11630",0
,"U.S. Virgin Islands","78","2023","2023","Viral hemorrhagic fevers, Guanarito virus","11648",0
,"U.S. Virgin Islands","78","2023","2023","Viral hemorrhagic fevers, Junin virus","11638",0
,"U.S. Virgin Islands","78","2023","2023","Viral hemorrhagic fevers, Lassa virus","11632",0
,"U.S. Virgin Islands","78","2023","2023","Viral hemorrhagic fevers, Lujo virus","11644",0
,"U.S. Virgin Islands","78","2023","2023","Viral hemorrhagic fevers, Machupo virus","11637",0
,"U.S. Virgin Islands","78","2023","2023","Viral hemorrhagic fevers, Marburg virus","11631",0
,"U.S. Virgin Islands","78","2023","2023","Viral hemorrhagic fevers, Sabia virus","11639",0
,"U.S. Virgin Islands","78","2023","2023","Yellow fever","10660",0
,"U.S. Virgin Islands","78","2023","2023","Zika virus, Zika virus disease, congenital","50224",0
,"U.S. Virgin Islands","78","2023","2023","Zika virus, Zika virus disease, non-congenital","50223",0
,"U.S. Virgin Islands","78","2023","2023","Zika virus, Zika virus infection, congenital","50222",0
,"U.S. Virgin Islands","78","2023","2023","Zika virus, Zika virus infection, non-congenital","50221",0
,"Non-U.S. Residents","REGION11","2023","2023","Anthrax","10350",0
,"Non-U.S. Residents","REGION11","2023","2023","Arboviral diseases, Chikungunya virus disease","10073",2
,"Non-U.S. Residents","REGION11","2023","2023","Arboviral diseases, Eastern equine encephalitis virus disease, Neuroinvasive","10053",0
,"Non-U.S. Residents","REGION11","2023","2023","Arboviral diseases, Eastern equine encephalitis virus disease, Non-neuroinvasive","10062",0
,"Non-U.S. Residents","REGION11","2023","2023","Arboviral diseases, Jamestown Canyon  virus disease, Neuroinvasive","10078",0
,"Non-U.S. Residents","REGION11","2023","2023","Arboviral diseases, Jamestown Canyon  virus disease, Non-neuroinvasive","10079",0
,"Non-U.S. Residents","REGION11","2023","2023","Arboviral diseases, La Crosse  virus disease, Neuroinvasive","10081",0
,"Non-U.S. Residents","REGION11","2023","2023","Arboviral diseases, La Crosse  virus disease, Non-neuroinvasive","10082",0
,"Non-U.S. Residents","REGION11","2023","2023","Arboviral diseases, Powassan virus disease, Neuroinvasive","10057",0
,"Non-U.S. Residents","REGION11","2023","2023","Arboviral diseases, Powassan virus disease, Non-neuroinvasive","10063",0
,"Non-U.S. Residents","REGION11","2023","2023","Arboviral diseases, St. Louis encephalitis virus disease, Neuroinvasive","10051",0
,"Non-U.S. Residents","REGION11","2023","2023","Arboviral diseases, St. Louis encephalitis virus disease, Non-neuroinvasive","10064",0
,"Non-U.S. Residents","REGION11","2023","2023","Arboviral diseases, West Nile virus disease, Neuroinvasive","10056",0
,"Non-U.S. Residents","REGION11","2023","2023","Arboviral diseases, West Nile virus disease, Non-neuroinvasive","10049",0
,"Non-U.S. Residents","REGION11","2023","2023","Arboviral diseases, Western equine encephalitis virus disease, Neuroinvasive","10052",0
,"Non-U.S. Residents","REGION11","2023","2023","Arboviral diseases, Western equine encephalitis virus disease, Non-neuroinvasive","10065",0
,"Non-U.S. Residents","REGION11","2023","2023","Babesiosis, Total","12010",0
,"Non-U.S. Residents","REGION11","2023","2023","Babesiosis, Confirmed","12011",0
,"Non-U.S. Residents","REGION11","2023","2023","Babesiosis, Probable","12012",0
,"Non-U.S. Residents","REGION11","2023","2023","Botulism, Total","10360",0
,"Non-U.S. Residents","REGION11","2023","2023","Botulism, Foodborne","10530",0
,"Non-U.S. Residents","REGION11","2023","2023","Botulism, Infant","10540",0
,"Non-U.S. Residents","REGION11","2023","2023","Botulism, Other (wound & unspecified)","10550",0
,"Non-U.S. Residents","REGION11","2023","2023","Brucellosis","10020",3
,"Non-U.S. Residents","REGION11","2023","2023","Campylobacteriosis","11020",4
,"Non-U.S. Residents","REGION11","2023","2023","Candida auris, clinical","50263",0
,"Non-U.S. Residents","REGION11","2023","2023","Candida auris, screening","50264",0
,"Non-U.S. Residents","REGION11","2023","2023","Carbapenemase-producing carbapenem-resistant Enterobacteriaceae","50244",0
,"Non-U.S. Residents","REGION11","2023","2023","Carbapenemase-Producing Organisms (CPO),Total","50272",1
,"Non-U.S. Residents","REGION11","2023","2023","Chancroid","10273",0
,"Non-U.S. Residents","REGION11","2023","2023","Chlamydia trachomatis infection","10274",51
,"Non-U.S. Residents","REGION11","2023","2023","Cholera","10470",0
,"Non-U.S. Residents","REGION11","2023","2023","Coccidioidomycosis","11900",1
,"Non-U.S. Residents","REGION11","2023","2023","Coccidioidomycosis, confirmed","11901",1
,"Non-U.S. Residents","REGION11","2023","2023","Coccidioidomycosis, probable","11902",0
,"Non-U.S. Residents","REGION11","2023","2023","Coronavirus Disease 2019 (COVID-19), Total","11065",0
,"Non-U.S. Residents","REGION11","2023","2023","Coronavirus Disease 2019 (COVID-19), Confirmed","11067",0
,"Non-U.S. Residents","REGION11","2023","2023","Coronavirus Disease 2019 (COVID-19), Probable","11068",0
,"Non-U.S. Residents","REGION11","2023","2023","Cryptosporidiosis, Total","11580",2
,"Non-U.S. Residents","REGION11","2023","2023","Cryptosporidiosis, Confirmed","11582",2
,"Non-U.S. Residents","REGION11","2023","2023","Cryptosporidiosis, Probable","11583",0
,"Non-U.S. Residents","REGION11","2023","2023","Cyclosporiasis","11575",0
,"Non-U.S. Residents","REGION11","2023","2023","Dengue virus infections, Dengue","10680",14
,"Non-U.S. Residents","REGION11","2023","2023","Dengue virus infections, Dengue-like illness","11704",0
,"Non-U.S. Residents","REGION11","2023","2023","Dengue virus infections, Severe dengue","11705",0
,"Non-U.S. Residents","REGION11","2023","2023","Diphtheria","10040",0
,"Non-U.S. Residents","REGION11","2023","2023","Ehrlichiosis and Anaplasmosis, Anaplasma phagocytophilum infection","11090",0
,"Non-U.S. Residents","REGION11","2023","2023","Ehrlichiosis and Anaplasmosis, Ehrlichia chaffeensis infection","11088",0
,"Non-U.S. Residents","REGION11","2023","2023","Ehrlichiosis and Anaplasmosis, Ehrlichia ewingii infection","11089",0
,"Non-U.S. Residents","REGION11","2023","2023","Ehrlichiosis and Anaplasmosis, Undetermined ehrlichiosis/anaplasmosis","11091",0
,"Non-U.S. Residents","REGION11","2023","2023","Giardiasis","11570",7
,"Non-U.S. Residents","REGION11","2023","2023","Gonorrhea","10280",25
,"Non-U.S. Residents","REGION11","2023","2023","Haemophilus influenzae, invasive disease, All ages, all serotypes","10590",0
,"Non-U.S. Residents","REGION11","2023","2023","Haemophilus influenzae, invasive disease, Age <5 years, Serotype b","10591",0
,"Non-U.S. Residents","REGION11","2023","2023","Haemophilus influenzae, invasive disease, Age <5 years, Non-b serotype","10593",0
,"Non-U.S. Residents","REGION11","2023","2023","Haemophilus influenzae, invasive disease, Age <5 years, Nontypeable","10592",0
,"Non-U.S. Residents","REGION11","2023","2023","Haemophilus influenzae, invasive disease, Age <5 years, Unknown serotype","10597",0
,"Non-U.S. Residents","REGION11","2023","2023","Hansen's disease","10380",0
,"Non-U.S. Residents","REGION11","2023","2023","Hantavirus infection, non-hantavirus pulmonary syndrome","11610",0
,"Non-U.S. Residents","REGION11","2023","2023","Hantavirus pulmonary syndrome","11590",0
,"Non-U.S. Residents","REGION11","2023","2023","Hemolytic uremic syndrome post-diarrheal","11550",0
,"Non-U.S. Residents","REGION11","2023","2023","Hepatitis, A","10110",5
,"Non-U.S. Residents","REGION11","2023","2023","Hepatitis, B, acute","10100",2
,"Non-U.S. Residents","REGION11","2023","2023","Hepatitis, B, perinatal infection","10104",0
,"Non-U.S. Residents","REGION11","2023","2023","Hepatitis, C, acute","10101",2
,"Non-U.S. Residents","REGION11","2023","2023","Hepatitis, C, acute, Confirmed","50228",2
,"Non-U.S. Residents","REGION11","2023","2023","Hepatitis, C, acute, Probable","50229",0
,"Non-U.S. Residents","REGION11","2023","2023","Hepatitis, C, perinatal infection","50248",0
,"Non-U.S. Residents","REGION11","2023","2023","Human immunodeficiency virus diagnoses","10560",0
,"Non-U.S. Residents","REGION11","2023","2023","Influenza-associated pediatric mortality","11061",0
,"Non-U.S. Residents","REGION11","2023","2023","Invasive pneumococcal disease, All ages","11723",0
,"Non-U.S. Residents","REGION11","2023","2023","Invasive pneumococcal disease, All ages, Confirmed","50230",0
,"Non-U.S. Residents","REGION11","2023","2023","Invasive pneumococcal disease, All ages, Probable","50231",0
,"Non-U.S. Residents","REGION11","2023","2023","Invasive pneumococcal disease, Age <5 years","11722",0
,"Non-U.S. Residents","REGION11","2023","2023","Invasive pneumococcal disease, Age <5 years, Confirmed","50232",0
,"Non-U.S. Residents","REGION11","2023","2023","Invasive pneumococcal disease, Age <5 years, Probable","50233",0
,"Non-U.S. Residents","REGION11","2023","2023","Legionellosis","10490",1
,"Non-U.S. Residents","REGION11","2023","2023","Leptospirosis","10390",0
,"Non-U.S. Residents","REGION11","2023","2023","Listeriosis, Total","10640",0
,"Non-U.S. Residents","REGION11","2023","2023","Listeriosis, Confirmed","10641",0
,"Non-U.S. Residents","REGION11","2023","2023","Listeriosis, Probable","10642",0
,"Non-U.S. Residents","REGION11","2023","2023","Lyme disease, Total","11080",0
,"Non-U.S. Residents","REGION11","2023","2023","Lyme disease, Confirmed","11081",0
,"Non-U.S. Residents","REGION11","2023","2023","Lyme disease, Probable","11082",0
,"Non-U.S. Residents","REGION11","2023","2023","Malaria","10130",21
,"Non-U.S. Residents","REGION11","2023","2023","Measles, Total","10140",0
,"Non-U.S. Residents","REGION11","2023","2023","Measles, Indigenous","10500",0
,"Non-U.S. Residents","REGION11","2023","2023","Measles, Imported","10510",0
,"Non-U.S. Residents","REGION11","2023","2023","Melioidosis","11585",0
,"Non-U.S. Residents","REGION11","2023","2023","Meningococcal disease, All serogroups","10150",0
,"Non-U.S. Residents","REGION11","2023","2023","Meningococcal disease, Serogroups ACWY","10151",0
,"Non-U.S. Residents","REGION11","2023","2023","Meningococcal disease, Serogroup B","10152",0
,"Non-U.S. Residents","REGION11","2023","2023","Meningococcal disease, Other serogroups","10153",0
,"Non-U.S. Residents","REGION11","2023","2023","Meningococcal disease, Unknown serogroup","10154",0
,"Non-U.S. Residents","REGION11","2023","2023","Mpox","11801",0
,"Non-U.S. Residents","REGION11","2023","2023","Mumps","10180",0
,"Non-U.S. Residents","REGION11","2023","2023","Novel Influenza A virus infections","11062",0
,"Non-U.S. Residents","REGION11","2023","2023","Paratyphoid fever","50236",0
,"Non-U.S. Residents","REGION11","2023","2023","Pertussis","10190",0
,"Non-U.S. Residents","REGION11","2023","2023","Plague","10440",0
,"Non-U.S. Residents","REGION11","2023","2023","Poliomyelitis, paralytic","10410",0
,"Non-U.S. Residents","REGION11","2023","2023","Poliovirus infection, nonparalytic","10405",0
,"Non-U.S. Residents","REGION11","2023","2023","Psittacosis","10450",0
,"Non-U.S. Residents","REGION11","2023","2023","Q fever, Total","10259",0
,"Non-U.S. Residents","REGION11","2023","2023","Q fever, Acute","10257",0
,"Non-U.S. Residents","REGION11","2023","2023","Q fever, Chronic","10258",0
,"Non-U.S. Residents","REGION11","2023","2023","Rabies, Animal","10340",0
,"Non-U.S. Residents","REGION11","2023","2023","Rabies, Human","10460",0
,"Non-U.S. Residents","REGION11","2023","2023","Rubella","10200",0
,"Non-U.S. Residents","REGION11","2023","2023","Rubella, congenital syndrome","10370",0
,"Non-U.S. Residents","REGION11","2023","2023","Salmonella Paratyphi infection","50266",0
,"Non-U.S. Residents","REGION11","2023","2023","Salmonella Typhi infection","50267",0
,"Non-U.S. Residents","REGION11","2023","2023","Salmonellosis","11000",0
,"Non-U.S. Residents","REGION11","2023","2023","Salmonellosis (excluding paratyphoid fever and typhoid fever)","50242",0
,"Non-U.S. Residents","REGION11","2023","2023","Salmonellosis (excluding S. Typhi infection and S. Paratyphi infection)","50265",6
,"Non-U.S. Residents","REGION11","2023","2023","Severe acute respiratory syndrome-associated coronavirus disease","10575",0
,"Non-U.S. Residents","REGION11","2023","2023","Shiga toxin-producing Escherichia coli (STEC)","11563",3
,"Non-U.S. Residents","REGION11","2023","2023","Shigellosis","11010",4
,"Non-U.S. Residents","REGION11","2023","2023","Smallpox","11800",0
,"Non-U.S. Residents","REGION11","2023","2023","Spotted fever rickettsiosis, Total","10250",0
,"Non-U.S. Residents","REGION11","2023","2023","Spotted fever rickettsiosis, Confirmed","10253",0
,"Non-U.S. Residents","REGION11","2023","2023","Spotted fever rickettsiosis, Probable","10254",0
,"Non-U.S. Residents","REGION11","2023","2023","Streptococcal toxic shock syndrome","11700",1
,"Non-U.S. Residents","REGION11","2023","2023","Syphilis, Total, all stages","10399",122
,"Non-U.S. Residents","REGION11","2023","2023","Syphilis, Congenital","10316",0
,"Non-U.S. Residents","REGION11","2023","2023","Syphilis, Primary and secondary","10310",17
,"Non-U.S. Residents","REGION11","2023","2023","Tetanus","10210",0
,"Non-U.S. Residents","REGION11","2023","2023","Toxic shock syndrome (other than Streptococcal)","10520",0
,"Non-U.S. Residents","REGION11","2023","2023","Trichinellosis","10270",0
,"Non-U.S. Residents","REGION11","2023","2023","Tuberculosis","10220",0
,"Non-U.S. Residents","REGION11","2023","2023","Tularemia","10230",0
,"Non-U.S. Residents","REGION11","2023","2023","Typhoid fever","10240",0
,"Non-U.S. Residents","REGION11","2023","2023","Vancomycin-intermediate Staphylococcus aureus","11663",0
,"Non-U.S. Residents","REGION11","2023","2023","Vancomycin-resistant Staphylococcus aureus","11665",0
,"Non-U.S. Residents","REGION11","2023","2023","Varicella morbidity","10030",0
,"Non-U.S. Residents","REGION11","2023","2023","Varicella mortality","10031",0
,"Non-U.S. Residents","REGION11","2023","2023","Vibriosis, Total","11545",0
,"Non-U.S. Residents","REGION11","2023","2023","Vibriosis, Confirmed","50234",0
,"Non-U.S. Residents","REGION11","2023","2023","Vibriosis, Probable","50235",0
,"Non-U.S. Residents","REGION11","2023","2023","Viral hemorrhagic fevers","11647",0
,"Non-U.S. Residents","REGION11","2023","2023","Viral hemorrhagic fevers, Chapare virus","11649",0
,"Non-U.S. Residents","REGION11","2023","2023","Viral hemorrhagic fevers, Crimean-Congo hemorrhagic fever virus","11640",0
,"Non-U.S. Residents","REGION11","2023","2023","Viral hemorrhagic fevers, Ebola virus","11630",0
,"Non-U.S. Residents","REGION11","2023","2023","Viral hemorrhagic fevers, Guanarito virus","11648",0
,"Non-U.S. Residents","REGION11","2023","2023","Viral hemorrhagic fevers, Junin virus","11638",0
,"Non-U.S. Residents","REGION11","2023","2023","Viral hemorrhagic fevers, Lassa virus","11632",0
,"Non-U.S. Residents","REGION11","2023","2023","Viral hemorrhagic fevers, Lujo virus","11644",0
,"Non-U.S. Residents","REGION11","2023","2023","Viral hemorrhagic fevers, Machupo virus","11637",0
,"Non-U.S. Residents","REGION11","2023","2023","Viral hemorrhagic fevers, Marburg virus","11631",0
,"Non-U.S. Residents","REGION11","2023","2023","Viral hemorrhagic fevers, Sabia virus","11639",0
,"Non-U.S. Residents","REGION11","2023","2023","Yellow fever","10660",0
,"Non-U.S. Residents","REGION11","2023","2023","Zika virus, Zika virus disease, congenital","50224",0
,"Non-U.S. Residents","REGION11","2023","2023","Zika virus, Zika virus disease, non-congenital","50223",0
,"Non-U.S. Residents","REGION11","2023","2023","Zika virus, Zika virus infection, congenital","50222",0
,"Non-U.S. Residents","REGION11","2023","2023","Zika virus, Zika virus infection, non-congenital","50221",0
"---"
"Dataset: NNDSS Annual Summary Data 2016-2023"
"Query Parameters:"
"Year: 2023"
"Group By: States; Year; Disease"
"Show Totals: Disabled"
"Show Zero Values: True"
"Calculate Rates Per: 100,000"
"---"
"Help: See http://wonder.cdc.gov/wonder/help/nndss.html for more information."
"---"
"Query Date: Apr 12, 2026 10:11:42 PM"
"---"
"Suggested Citation: Centers for Disease Control and Prevention. National Notifiable Diseases Surveillance System (NNDSS) Annual"
"Summary Data for years 2016-2023, United States, CDC WONDER online database. Accessed at"
"http://wonder.cdc.gov/nndss-annual-summary.html on Apr 12, 2026 10:11:42 PM"
"---"
Messages:
"1. Totals are disabled when data are grouped Regions/States, Regions, or States."
"---"
Footnotes:
"1. Zero when no reported cases ? The reporting jurisdiction did not submit any cases to CDC. Not reportable ? The disease or"
"condition was not reportable by law, statute, or regulation in the reporting jurisdiction. Unavailable ? The data are"
"unavailable. See Caveats below for more information."
"---"
Caveats:
"1. 'Not Reportable' appears when data is not available for a state for an event in a single year because it was not not"
"reportable."
"2. 'Unavailable' appears when data is not available for a state for an event in a single year because it was unavailable."
"3. When the number of cases is zero, the reporting jurisdiction did not submit any cases to CDC."
"4. When evaluating event case counts over time, you should carefully consider the effect that event case definition revisions"
"(e.g. combining, subsetting, and retirement of events) will have on your query results. More information:"
"http://wonder.cdc.gov/wonder/help/nndss.html#Reporting."
"5. Acknowledgment: CDC acknowledges the local, state, and territorial health departments that collected the data from a range of"
"case ascertainment sources (e.g. healthcare providers, hospitals, laboratories) and reported these data to CDC's National"
"Notifiable Diseases Surveillance System."
"6. Population estimates for calculating incidence rates are mid-year resident populations for the reporting jurisdictions from"
"the most recent series of estimates available at the time of publication. Congenital syphilis incidence rates are calculated"
"with the number of live births in the reporting jurisdictions for the year. More information:"
"http://wonder.cdc.gov/wonder/help/nndss.html#Population-Sources."
"7. When the national frequency of a disease is less than 25 cases in a year, then the data for race and ethnicity are"
"categorized as Suppressed. More information: http://wonder.cdc.gov/wonder/help/nndss.html#Privacy-Policies."
"8. Values in charts and maps refer to statistical measures, such as Case Counts, Populations and Rates. Codes refer to the brief"
"designation assigned to category labels, such as the Federal Information Processing System (FIPS) code 36 for New York State."
"9. Any variation of disease incidence by race or ethnicity does not reflect biological differences but reflects systemic,"
"cultural, behavioral, and social factors including structural racism."